timestamp,ac_id,msg_type,link_imu_nb_err,motor_nb_err,rc_status,frame_rate,gps_status,ap_mode,ap_in_flight,ap_motors_on,arming_status,ap_h_mode,ap_v_mode,cpu_time,vsupply,vboard
30.3931,44,ROTORCRAFT_STATUS,0,0,0,104,0,0,0,0,5,0,0,30,16.311811,4.737276
30.4131,44,ROTORCRAFT_STATUS,0,0,0,104,0,0,0,0,5,0,0,30,16.311811,4.737276
30.4331,44,ROTORCRAFT_STATUS,0,0,0,104,0,0,0,0,5,0,0,30,16.311811,4.737276
30.4531,44,ROTORCRAFT_STATUS,0,0,0,104,0,0,0,0,5,0,0,30,16.311811,4.737276
30.4731,44,ROTORCRAFT_STATUS,0,0,0,104,0,0,0,0,5,0,0,30,16.311811,4.737276
30.4931,44,ROTORCRAFT_STATUS,0,0,0,104,0,0,0,0,5,0,0,30,16.461006,4.831321
30.5131,44,ROTORCRAFT_STATUS,0,0,0,104,0,0,0,0,5,0,0,30,16.461006,4.831321
30.5331,44,ROTORCRAFT_STATUS,0,0,0,104,0,0,0,0,5,0,0,30,16.461006,4.831321
30.5531,44,ROTORCRAFT_STATUS,0,0,0,104,0,0,0,0,5,0,0,30,16.461006,4.831321
30.5731,44,ROTORCRAFT_STATUS,0,0,0,104,0,0,0,0,5,0,0,30,16.461006,4.831321
30.5931,44,ROTORCRAFT_STATUS,0,0,0,104,0,0,0,0,5,0,0,30,16.461006,4.831607
30.6131,44,ROTORCRAFT_STATUS,0,0,0,104,0,0,0,0,5,0,0,30,16.461006,4.831607
30.6331,44,ROTORCRAFT_STATUS,0,0,0,104,0,0,0,0,5,0,0,30,16.461006,4.831607
30.6531,44,ROTORCRAFT_STATUS,0,0,0,104,0,0,0,0,5,0,0,30,16.461006,4.831607
30.6731,44,ROTORCRAFT_STATUS,0,0,0,104,0,0,0,0,5,0,0,30,16.461006,4.831607
30.6931,44,ROTORCRAFT_STATUS,0,0,0,104,0,0,0,0,5,0,0,30,16.360727,4.771258
30.7131,44,ROTORCRAFT_STATUS,0,0,0,104,0,0,0,0,5,0,0,30,16.360727,4.771258
30.7331,44,ROTORCRAFT_STATUS,0,0,0,104,0,0,0,0,5,0,0,30,16.360727,4.771258
30.7531,44,ROTORCRAFT_STATUS,0,0,0,104,0,0,0,0,5,0,0,30,16.360727,4.771258
30.7731,44,ROTORCRAFT_STATUS,0,0,0,104,0,0,0,0,5,0,0,30,16.360727,4.771258
30.7931,44,ROTORCRAFT_STATUS,0,0,0,104,0,0,0,0,5,0,0,30,16.550892,4.880247
30.8131,44,ROTORCRAFT_STATUS,0,0,0,104,0,0,0,0,5,0,0,30,16.550892,4.880247
30.8331,44,ROTORCRAFT_STATUS,0,0,0,104,0,0,0,0,5,0,0,30,16.550892,4.880247
30.8531,44,ROTORCRAFT_STATUS,0,0,0,104,0,0,0,0,5,0,0,30,16.550892,4.880247
30.8731,44,ROTORCRAFT_STATUS,0,0,0,104,0,0,0,0,5,0,0,30,16.550892,4.880247
30.8931,44,ROTORCRAFT_STATUS,0,0,0,104,0,0,0,0,5,0,0,30,16.251888,4.730613
30.9131,44,ROTORCRAFT_STATUS,0,0,0,104,0,0,0,0,5,0,0,30,16.251888,4.730613
30.9331,44,ROTORCRAFT_STATUS,0,0,0,104,0,0,0,0,5,0,0,30,16.251888,4.730613
30.9531,44,ROTORCRAFT_STATUS,0,0,0,104,0,0,0,0,5,0,0,30,16.251888,4.730613
30.9731,44,ROTORCRAFT_STATUS,0,0,0,104,0,0,0,0,5,0,0,30,16.251888,4.730613
30.9931,44,ROTORCRAFT_STATUS,0,0,0,104,0,0,0,0,5,0,0,30,16.453058,4.826847
31.0131,44,ROTORCRAFT_STATUS,0,0,0,104,0,0,0,0,5,0,0,31,16.453058,4.826847
31.0331,44,ROTORCRAFT_STATUS,0,0,0,104,0,0,0,0,5,0,0,31,16.453058,4.826847
31.0531,44,ROTORCRAFT_STATUS,0,0,0,104,0,0,0,0,5,0,0,31,16.453058,4.826847
31.0731,44,ROTORCRAFT_STATUS,0,0,0,104,0,0,0,0,5,0,0,31,16.453058,4.826847
31.0931,44,ROTORCRAFT_STATUS,0,0,0,104,0,0,0,0,5,0,0,31,16.486076,4.837413
31.1131,44,ROTORCRAFT_STATUS,0,0,0,104,0,0,0,0,5,0,0,31,16.486076,4.837413
31.1331,44,ROTORCRAFT_STATUS,0,0,0,104,0,0,0,0,5,0,0,31,16.486076,4.837413
31.1531,44,ROTORCRAFT_STATUS,0,0,0,104,0,0,0,0,5,0,0,31,16.486076,4.837413
31.1731,44,ROTORCRAFT_STATUS,0,0,0,104,0,0,0,0,5,0,0,31,16.486076,4.837413
31.1931,44,ROTORCRAFT_STATUS,0,0,0,104,0,0,0,0,5,0,0,31,16.401695,4.794008
31.2131,44,ROTORCRAFT_STATUS,0,0,0,104,0,0,0,0,5,0,0,31,16.401695,4.794008
31.2331,44,ROTORCRAFT_STATUS,0,0,0,104,0,0,0,0,5,0,0,31,16.401695,4.794008
31.2531,44,ROTORCRAFT_STATUS,0,0,0,104,0,0,0,0,5,0,0,31,16.401695,4.794008
31.2731,44,ROTORCRAFT_STATUS,0,0,0,104,0,0,0,0,5,0,0,31,16.401695,4.794008
31.2931,44,ROTORCRAFT_STATUS,0,0,0,104,0,0,0,0,5,0,0,31,16.496471,4.86397
31.3131,44,ROTORCRAFT_STATUS,0,0,0,104,0,0,0,0,5,0,0,31,16.496471,4.86397
31.3331,44,ROTORCRAFT_STATUS,0,0,0,104,0,0,0,0,5,0,0,31,16.496471,4.86397
31.3531,44,ROTORCRAFT_STATUS,0,0,0,104,0,0,0,0,5,0,0,31,16.496471,4.86397
31.3731,44,ROTORCRAFT_STATUS,0,0,0,104,0,0,0,0,5,0,0,31,16.496471,4.86397
31.3931,44,ROTORCRAFT_STATUS,0,0,0,104,0,0,0,0,5,0,0,31,16.438995,4.829513
31.4131,44,ROTORCRAFT_STATUS,0,0,0,104,0,0,0,0,5,0,0,31,16.438995,4.829513
31.4331,44,ROTORCRAFT_STATUS,0,0,0,104,0,0,0,0,5,0,0,31,16.438995,4.829513
31.4531,44,ROTORCRAFT_STATUS,0,0,0,104,0,0,0,0,5,0,0,31,16.438995,4.829513
31.4731,44,ROTORCRAFT_STATUS,0,0,0,104,0,0,0,0,5,0,0,31,16.438995,4.829513
31.4931,44,ROTORCRAFT_STATUS,0,0,0,104,0,0,0,0,5,0,0,31,16.454893,4.829893
31.5131,44,ROTORCRAFT_STATUS,0,0,0,104,0,0,0,0,5,0,0,31,16.454893,4.829893
31.5331,44,ROTORCRAFT_STATUS,0,0,0,104,0,0,0,0,5,0,0,31,16.454893,4.829893
31.5531,44,ROTORCRAFT_STATUS,0,0,0,104,0,0,0,0,5,0,0,31,16.454893,4.829893
31.5731,44,ROTORCRAFT_STATUS,0,0,0,104,0,0,0,0,5,0,0,31,16.454893,4.829893
31.5931,44,ROTORCRAFT_STATUS,0,0,0,104,0,0,0,0,5,0,0,31,16.475681,4.838174
31.6131,44,ROTORCRAFT_STATUS,0,0,0,104,0,0,0,0,5,0,0,31,16.475681,4.838174
31.6331,44,ROTORCRAFT_STATUS,0,0,0,104,0,0,0,0,5,0,0,31,16.475681,4.838174
31.6531,44,ROTORCRAFT_STATUS,0,0,0,104,0,0,0,0,5,0,0,31,16.475681,4.838174
31.6731,44,ROTORCRAFT_STATUS,0,0,0,104,0,0,0,0,5,0,0,31,16.475681,4.838174
31.6931,44,ROTORCRAFT_STATUS,0,0,0,98,0,0,0,0,5,0,0,31,16.284908,4.755743
31.7131,44,ROTORCRAFT_STATUS,0,0,0,98,0,0,0,0,5,0,0,31,16.284908,4.755743
31.7331,44,ROTORCRAFT_STATUS,0,0,0,98,0,0,0,0,5,0,0,31,16.284908,4.755743
31.7531,44,ROTORCRAFT_STATUS,0,0,0,98,0,0,0,0,5,0,0,31,16.284908,4.755743
31.7731,44,ROTORCRAFT_STATUS,0,0,0,98,0,0,0,0,5,0,0,31,16.284908,4.755743
31.7931,44,ROTORCRAFT_STATUS,0,0,0,98,0,0,0,0,5,0,0,31,16.523987,4.873679
31.8131,44,ROTORCRAFT_STATUS,0,0,0,98,0,0,0,0,5,0,0,31,16.523987,4.873679
31.8331,44,ROTORCRAFT_STATUS,0,0,0,98,0,0,0,0,5,0,0,31,16.523987,4.873679
31.8531,44,ROTORCRAFT_STATUS,0,0,0,98,0,0,0,0,5,0,0,31,16.523987,4.873679
31.8731,44,ROTORCRAFT_STATUS,0,0,0,98,0,0,0,0,5,0,0,31,16.523987,4.873679
31.8931,44,ROTORCRAFT_STATUS,0,0,0,98,0,0,0,0,5,0,0,31,16.440218,4.829513
31.9131,44,ROTORCRAFT_STATUS,0,0,0,98,0,0,0,0,5,0,0,31,16.440218,4.829513
31.9331,44,ROTORCRAFT_STATUS,0,0,0,98,0,0,0,0,5,0,0,31,16.440218,4.829513
31.9531,44,ROTORCRAFT_STATUS,0,0,0,98,0,0,0,0,5,0,0,31,16.440218,4.829513
31.9731,44,ROTORCRAFT_STATUS,0,0,0,98,0,0,0,0,5,0,0,31,16.440218,4.829513
31.9931,44,ROTORCRAFT_STATUS,0,0,0,98,0,0,0,0,5,0,0,31,16.486689,4.845028
32.0131,44,ROTORCRAFT_STATUS,0,0,0,98,0,0,0,0,5,0,0,32,16.486689,4.845028
32.0331,44,ROTORCRAFT_STATUS,0,0,0,98,0,0,0,0,5,0,0,32,16.486689,4.845028
32.0531,44,ROTORCRAFT_STATUS,0,0,0,98,0,0,0,0,5,0,0,32,16.486689,4.845028
32.0731,44,ROTORCRAFT_STATUS,0,0,0,98,0,0,0,0,5,0,0,32,16.486689,4.845028
32.0931,44,ROTORCRAFT_STATUS,0,0,0,98,0,0,0,0,5,0,0,32,16.404753,4.827514
32.1131,44,ROTORCRAFT_STATUS,0,0,0,98,0,0,0,0,5,0,0,32,16.404753,4.827514
32.1331,44,ROTORCRAFT_STATUS,0,0,0,98,0,0,0,0,5,0,0,32,16.404753,4.827514
32.1531,44,ROTORCRAFT_STATUS,0,0,0,98,0,0,0,0,5,0,0,32,16.404753,4.827514
32.1731,44,ROTORCRAFT_STATUS,0,0,0,98,0,0,0,0,5,0,0,32,16.404753,4.827514
32.1931,44,ROTORCRAFT_STATUS,0,0,0,98,0,0,0,0,5,0,0,32,16.545387,4.881104
32.2131,44,ROTORCRAFT_STATUS,0,0,0,98,0,0,0,0,5,0,0,32,16.545387,4.881104
32.2331,44,ROTORCRAFT_STATUS,0,0,0,98,0,0,0,0,5,0,0,32,16.545387,4.881104
32.2531,44,ROTORCRAFT_STATUS,0,0,0,98,0,0,0,0,5,0,0,32,16.545387,4.881104
32.2731,44,ROTORCRAFT_STATUS,0,0,0,98,0,0,0,0,5,0,0,32,16.545387,4.881104
32.2931,44,ROTORCRAFT_STATUS,0,0,0,98,0,0,0,0,5,0,0,32,16.53316,4.878058
32.3131,44,ROTORCRAFT_STATUS,0,0,0,98,0,0,0,0,5,0,0,32,16.53316,4.878058
32.3331,44,ROTORCRAFT_STATUS,0,0,0,98,0,0,0,0,5,0,0,32,16.53316,4.878058
32.3531,44,ROTORCRAFT_STATUS,0,0,0,98,0,0,0,0,5,0,0,32,16.53316,4.878058
32.3731,44,ROTORCRAFT_STATUS,0,0,0,98,0,0,0,0,5,0,0,32,16.53316,4.878058
32.3931,44,ROTORCRAFT_STATUS,0,0,0,98,0,0,0,0,5,0,0,32,16.46223,4.839317
32.4131,44,ROTORCRAFT_STATUS,0,0,0,98,0,0,0,0,5,0,0,32,16.46223,4.839317
32.4331,44,ROTORCRAFT_STATUS,0,0,0,98,0,0,0,0,5,0,0,32,16.46223,4.839317
32.4531,44,ROTORCRAFT_STATUS,0,0,0,98,0,0,0,0,5,0,0,32,16.46223,4.839317
32.4731,44,ROTORCRAFT_STATUS,0,0,0,98,0,0,0,0,5,0,0,32,16.46223,4.839317
32.4931,44,ROTORCRAFT_STATUS,0,0,0,98,0,0,0,0,5,0,0,32,16.486076,4.846456
32.5131,44,ROTORCRAFT_STATUS,0,0,0,98,0,0,0,0,5,0,0,32,16.486076,4.846456
32.5331,44,ROTORCRAFT_STATUS,0,0,0,98,0,0,0,0,5,0,0,32,16.486076,4.846456
32.5531,44,ROTORCRAFT_STATUS,0,0,0,98,0,0,0,0,5,0,0,32,16.486076,4.846456
32.5731,44,ROTORCRAFT_STATUS,0,0,0,98,0,0,0,0,5,0,0,32,16.486076,4.846456
32.5931,44,ROTORCRAFT_STATUS,0,0,0,98,0,0,0,0,5,0,0,32,16.239048,4.719571
32.6131,44,ROTORCRAFT_STATUS,0,0,0,98,0,0,0,0,5,0,0,32,16.239048,4.719571
32.6331,44,ROTORCRAFT_STATUS,0,0,0,98,0,0,0,0,5,0,0,32,16.239048,4.719571
32.6531,44,ROTORCRAFT_STATUS,0,0,0,98,0,0,0,0,5,0,0,32,16.239048,4.719571
32.6731,44,ROTORCRAFT_STATUS,0,0,0,98,0,0,0,0,5,0,0,32,16.239048,4.719571
32.6931,44,ROTORCRAFT_STATUS,0,0,0,98,0,0,0,0,5,0,0,32,16.523987,4.872157
32.7131,44,ROTORCRAFT_STATUS,0,0,0,105,0,0,0,0,5,0,0,32,16.523987,4.872157
32.7331,44,ROTORCRAFT_STATUS,0,0,0,105,0,0,0,0,5,0,0,32,16.523987,4.872157
32.7531,44,ROTORCRAFT_STATUS,0,0,0,105,0,0,0,0,5,0,0,32,16.523987,4.872157
32.7731,44,ROTORCRAFT_STATUS,0,0,0,105,0,0,0,0,5,0,0,32,16.523987,4.872157
32.7931,44,ROTORCRAFT_STATUS,0,0,0,105,0,0,0,0,5,0,0,32,16.545387,4.881675
32.8131,44,ROTORCRAFT_STATUS,0,0,0,105,0,0,0,0,5,0,0,32,16.545387,4.881675
32.8331,44,ROTORCRAFT_STATUS,0,0,0,105,0,0,0,0,5,0,0,32,16.545387,4.881675
32.8531,44,ROTORCRAFT_STATUS,0,0,0,105,0,0,0,0,5,0,0,32,16.545387,4.881675
32.8731,44,ROTORCRAFT_STATUS,0,0,0,105,0,0,0,0,5,0,0,32,16.545387,4.881675
32.8931,44,ROTORCRAFT_STATUS,0,0,0,105,0,0,0,0,5,0,0,32,16.270844,4.754029
32.9131,44,ROTORCRAFT_STATUS,0,0,0,105,0,0,0,0,5,0,0,32,16.270844,4.754029
32.9331,44,ROTORCRAFT_STATUS,0,0,0,105,0,0,0,0,5,0,0,32,16.270844,4.754029
32.9531,44,ROTORCRAFT_STATUS,0,0,0,105,0,0,0,0,5,0,0,32,16.270844,4.754029
32.9731,44,ROTORCRAFT_STATUS,0,0,0,105,0,0,0,0,5,0,0,32,16.270844,4.754029
32.9931,44,ROTORCRAFT_STATUS,0,0,0,105,0,0,0,0,5,0,0,32,16.459784,4.829227
33.0131,44,ROTORCRAFT_STATUS,0,0,0,105,0,0,0,0,5,0,0,33,16.459784,4.829227
33.0331,44,ROTORCRAFT_STATUS,0,0,0,105,0,0,0,0,5,0,0,33,16.459784,4.829227
33.0531,44,ROTORCRAFT_STATUS,0,0,0,105,0,0,0,0,5,0,0,33,16.459784,4.829227
33.0731,44,ROTORCRAFT_STATUS,0,0,0,105,0,0,0,0,5,0,0,33,16.459784,4.829227
33.0931,44,ROTORCRAFT_STATUS,0,0,0,105,0,0,0,0,5,0,0,33,16.44144,4.81533
33.1131,44,ROTORCRAFT_STATUS,0,0,0,105,0,0,0,0,5,0,0,33,16.44144,4.81533
33.1331,44,ROTORCRAFT_STATUS,0,0,0,105,0,0,0,0,5,0,0,33,16.44144,4.81533
33.1531,44,ROTORCRAFT_STATUS,0,0,0,105,0,0,0,0,5,0,0,33,16.44144,4.81533
33.1731,44,ROTORCRAFT_STATUS,0,0,0,105,0,0,0,0,5,0,0,33,16.44144,4.81533
33.1931,44,ROTORCRAFT_STATUS,0,0,0,105,0,0,0,0,5,0,0,33,16.540497,4.876059
33.2131,44,ROTORCRAFT_STATUS,0,0,0,105,0,0,0,0,5,0,0,33,16.540497,4.876059
33.2331,44,ROTORCRAFT_STATUS,0,0,0,105,0,0,0,0,5,0,0,33,16.540497,4.876059
33.2531,44,ROTORCRAFT_STATUS,0,0,0,105,0,0,0,0,5,0,0,33,16.540497,4.876059
33.2731,44,ROTORCRAFT_STATUS,0,0,0,105,0,0,0,0,5,0,0,33,16.540497,4.876059
33.2931,44,ROTORCRAFT_STATUS,0,0,0,105,0,0,0,0,5,0,0,33,16.551502,4.887291
33.3131,44,ROTORCRAFT_STATUS,0,0,0,105,0,0,0,0,5,0,0,33,16.551502,4.887291
33.3331,44,ROTORCRAFT_STATUS,0,0,0,105,0,0,0,0,5,0,0,33,16.551502,4.887291
33.3531,44,ROTORCRAFT_STATUS,0,0,0,105,0,0,0,0,5,0,0,33,16.551502,4.887291
33.3731,44,ROTORCRAFT_STATUS,0,0,0,105,0,0,0,0,5,0,0,33,16.551502,4.887291
33.3931,44,ROTORCRAFT_STATUS,0,0,0,105,0,0,0,0,5,0,0,33,16.23966,4.744701
33.4131,44,ROTORCRAFT_STATUS,0,0,0,105,0,0,0,0,5,0,0,33,16.23966,4.744701
33.4331,44,ROTORCRAFT_STATUS,0,0,0,105,0,0,0,0,5,0,0,33,16.23966,4.744701
33.4531,44,ROTORCRAFT_STATUS,0,0,0,105,0,0,0,0,5,0,0,33,16.23966,4.744701
33.4731,44,ROTORCRAFT_STATUS,0,0,0,105,0,0,0,0,5,0,0,33,16.23966,4.744701
33.4931,44,ROTORCRAFT_STATUS,0,0,0,105,0,0,0,0,5,0,0,33,16.457338,4.833986
33.5131,44,ROTORCRAFT_STATUS,0,0,0,105,0,0,0,0,5,0,0,33,16.457338,4.833986
33.5331,44,ROTORCRAFT_STATUS,0,0,0,105,0,0,0,0,5,0,0,33,16.457338,4.833986
33.5531,44,ROTORCRAFT_STATUS,0,0,0,105,0,0,0,0,5,0,0,33,16.457338,4.833986
33.5731,44,ROTORCRAFT_STATUS,0,0,0,105,0,0,0,0,5,0,0,33,16.457338,4.833986
33.5931,44,ROTORCRAFT_STATUS,0,0,0,105,0,0,0,0,5,0,0,33,16.463453,4.831892
33.6131,44,ROTORCRAFT_STATUS,0,0,0,105,0,0,0,0,5,0,0,33,16.463453,4.831892
33.6331,44,ROTORCRAFT_STATUS,0,0,0,105,0,0,0,0,5,0,0,33,16.463453,4.831892
33.6531,44,ROTORCRAFT_STATUS,0,0,0,105,0,0,0,0,5,0,0,33,16.463453,4.831892
33.6731,44,ROTORCRAFT_STATUS,0,0,0,105,0,0,0,0,5,0,0,33,16.463453,4.831892
33.6931,44,ROTORCRAFT_STATUS,0,0,0,105,0,0,0,0,5,0,0,33,16.523987,4.871585
33.7131,44,ROTORCRAFT_STATUS,0,0,0,105,0,0,0,0,5,0,0,33,16.523987,4.871585
33.7331,44,ROTORCRAFT_STATUS,0,0,0,99,0,0,0,0,5,0,0,33,16.523987,4.871585
33.7531,44,ROTORCRAFT_STATUS,0,0,0,99,0,0,0,0,5,0,0,33,16.523987,4.871585
33.7731,44,ROTORCRAFT_STATUS,0,0,0,99,0,0,0,0,5,0,0,33,16.523987,4.871585
33.7931,44,ROTORCRAFT_STATUS,0,0,0,99,0,0,0,0,5,0,0,33,16.540497,4.88158
33.8131,44,ROTORCRAFT_STATUS,0,0,0,99,0,0,0,0,5,0,0,33,16.540497,4.88158
33.8331,44,ROTORCRAFT_STATUS,0,0,0,99,0,0,0,0,5,0,0,33,16.540497,4.88158
33.8531,44,ROTORCRAFT_STATUS,0,0,0,99,0,0,0,0,5,0,0,33,16.540497,4.88158
33.8731,44,ROTORCRAFT_STATUS,0,0,0,99,0,0,0,0,5,0,0,33,16.540497,4.88158
33.8931,44,ROTORCRAFT_STATUS,0,0,0,99,0,0,0,0,5,0,0,33,16.391912,4.8258
33.9131,44,ROTORCRAFT_STATUS,0,0,0,99,0,0,0,0,5,0,0,33,16.391912,4.8258
33.9331,44,ROTORCRAFT_STATUS,0,0,0,99,0,0,0,0,5,0,0,33,16.391912,4.8258
33.9531,44,ROTORCRAFT_STATUS,0,0,0,99,0,0,0,0,5,0,0,33,16.391912,4.8258
33.9731,44,ROTORCRAFT_STATUS,0,0,0,99,0,0,0,0,5,0,0,33,16.391912,4.8258
33.9931,44,ROTORCRAFT_STATUS,0,0,0,99,0,0,0,0,5,0,0,33,16.452446,4.829037
34.0131,44,ROTORCRAFT_STATUS,0,0,0,99,0,0,0,0,5,0,0,34,16.452446,4.829037
34.0331,44,ROTORCRAFT_STATUS,0,0,0,99,0,0,0,0,5,0,0,34,16.452446,4.829037
34.0531,44,ROTORCRAFT_STATUS,0,0,0,99,0,0,0,0,5,0,0,34,16.452446,4.829037
34.0731,44,ROTORCRAFT_STATUS,0,0,0,99,0,0,0,0,5,0,0,34,16.452446,4.829037
34.0931,44,ROTORCRAFT_STATUS,0,0,0,99,0,0,0,0,5,0,0,34,16.481796,4.842934
34.1131,44,ROTORCRAFT_STATUS,0,0,0,99,0,0,0,0,5,0,0,34,16.481796,4.842934
34.1331,44,ROTORCRAFT_STATUS,0,0,0,99,0,0,0,0,5,0,0,34,16.481796,4.842934
34.1531,44,ROTORCRAFT_STATUS,0,0,0,99,0,0,0,0,5,0,0,34,16.481796,4.842934
34.1731,44,ROTORCRAFT_STATUS,0,0,0,99,0,0,0,0,5,0,0,34,16.481796,4.842934
34.1931,44,ROTORCRAFT_STATUS,0,0,0,99,0,0,0,0,5,0,0,34,16.560062,4.883389
34.2131,44,ROTORCRAFT_STATUS,0,0,0,99,0,0,0,0,5,0,0,34,16.560062,4.883389
34.2331,44,ROTORCRAFT_STATUS,0,0,0,99,0,0,0,0,5,0,0,34,16.560062,4.883389
34.2531,44,ROTORCRAFT_STATUS,0,0,0,99,0,0,0,0,5,0,0,34,16.560062,4.883389
34.2731,44,ROTORCRAFT_STATUS,0,0,0,99,0,0,0,0,5,0,0,34,16.560062,4.883389
34.2931,44,ROTORCRAFT_STATUS,0,0,0,99,0,0,0,0,5,0,0,34,16.527657,4.873489
34.3131,44,ROTORCRAFT_STATUS,0,0,0,99,0,0,0,0,5,0,0,34,16.527657,4.873489
34.3331,44,ROTORCRAFT_STATUS,0,0,0,99,0,0,0,0,5,0,0,34,16.527657,4.873489
34.3531,44,ROTORCRAFT_STATUS,0,0,0,99,0,0,0,0,5,0,0,34,16.527657,4.873489
34.3731,44,ROTORCRAFT_STATUS,0,0,0,99,0,0,0,0,5,0,0,34,16.527657,4.873489
34.3931,44,ROTORCRAFT_STATUS,0,0,0,99,0,0,0,0,5,0,0,34,16.409645,4.82028
34.4131,44,ROTORCRAFT_STATUS,0,0,0,99,0,0,0,0,5,0,0,34,16.409645,4.82028
34.4331,44,ROTORCRAFT_STATUS,0,0,0,99,0,0,0,0,5,0,0,34,16.409645,4.82028
34.4531,44,ROTORCRAFT_STATUS,0,0,0,99,0,0,0,0,5,0,0,34,16.409645,4.82028
34.4731,44,ROTORCRAFT_STATUS,0,0,0,99,0,0,0,0,5,0,0,34,16.409645,4.82028
34.4931,44,ROTORCRAFT_STATUS,0,0,0,99,0,0,0,0,5,0,0,34,16.479351,4.845409
34.5131,44,ROTORCRAFT_STATUS,0,0,0,99,0,0,0,0,5,0,0,34,16.479351,4.845409
34.5331,44,ROTORCRAFT_STATUS,0,0,0,99,0,0,0,0,5,0,0,34,16.479351,4.845409
34.5531,44,ROTORCRAFT_STATUS,0,0,0,99,0,0,0,0,5,0,0,34,16.479351,4.845409
34.5731,44,ROTORCRAFT_STATUS,0,0,0,99,0,0,0,0,5,0,0,34,16.479351,4.845409
34.5931,44,ROTORCRAFT_STATUS,0,0,0,99,0,0,0,0,5,0,0,34,16.484854,4.844552
34.6131,44,ROTORCRAFT_STATUS,0,0,0,99,0,0,0,0,5,0,0,34,16.484854,4.844552
34.6331,44,ROTORCRAFT_STATUS,0,0,0,99,0,0,0,0,5,0,0,34,16.484854,4.844552
34.6531,44,ROTORCRAFT_STATUS,0,0,0,99,0,0,0,0,5,0,0,34,16.484854,4.844552
34.6731,44,ROTORCRAFT_STATUS,0,0,0,99,0,0,0,0,5,0,0,34,16.484854,4.844552
34.6931,44,ROTORCRAFT_STATUS,0,0,0,99,0,0,0,0,5,0,0,34,16.540497,4.87663
34.7131,44,ROTORCRAFT_STATUS,0,0,0,99,0,0,0,0,5,0,0,34,16.540497,4.87663
34.7331,44,ROTORCRAFT_STATUS,0,0,0,99,0,0,0,0,5,0,0,34,16.540497,4.87663
34.7531,44,ROTORCRAFT_STATUS,0,0,0,100,0,0,0,0,5,0,0,34,16.540497,4.87663
34.7731,44,ROTORCRAFT_STATUS,0,0,0,100,0,0,0,0,5,0,0,34,16.540497,4.87663
34.7931,44,ROTORCRAFT_STATUS,0,0,0,100,0,0,0,0,5,0,0,34,16.319149,4.775065
34.8131,44,ROTORCRAFT_STATUS,0,0,0,100,0,0,0,0,5,0,0,34,16.319149,4.775065
34.8331,44,ROTORCRAFT_STATUS,0,0,0,100,0,0,0,0,5,0,0,34,16.319149,4.775065
34.8531,44,ROTORCRAFT_STATUS,0,0,0,100,0,0,0,0,5,0,0,34,16.319149,4.775065
34.8731,44,ROTORCRAFT_STATUS,0,0,0,100,0,0,0,0,5,0,0,34,16.319149,4.775065
34.8931,44,ROTORCRAFT_STATUS,0,0,0,100,0,0,0,0,5,0,0,34,16.43716,4.830464
34.9131,44,ROTORCRAFT_STATUS,0,0,0,100,0,0,0,0,5,0,0,34,16.43716,4.830464
34.9331,44,ROTORCRAFT_STATUS,0,0,0,100,0,0,0,0,5,0,0,34,16.43716,4.830464
34.9531,44,ROTORCRAFT_STATUS,0,0,0,100,0,0,0,0,5,0,0,34,16.43716,4.830464
34.9731,44,ROTORCRAFT_STATUS,0,0,0,100,0,0,0,0,5,0,0,34,16.43716,4.830464
34.9931,44,ROTORCRAFT_STATUS,0,0,0,100,0,0,0,0,5,0,0,34,16.484854,4.845504
35.0131,44,ROTORCRAFT_STATUS,0,0,0,100,0,0,0,0,5,0,0,35,16.484854,4.845504
35.0331,44,ROTORCRAFT_STATUS,0,0,0,100,0,0,0,0,5,0,0,35,16.484854,4.845504
35.0531,44,ROTORCRAFT_STATUS,0,0,0,100,0,0,0,0,5,0,0,35,16.484854,4.845504
35.0731,44,ROTORCRAFT_STATUS,0,0,0,100,0,0,0,0,5,0,0,35,16.484854,4.845504
35.0931,44,ROTORCRAFT_STATUS,0,0,0,100,0,0,0,0,5,0,0,35,16.206642,4.708625
35.1131,44,ROTORCRAFT_STATUS,0,0,0,100,0,0,0,0,5,0,0,35,16.206642,4.708625
35.1331,44,ROTORCRAFT_STATUS,0,0,0,100,0,0,0,0,5,0,0,35,16.206642,4.708625
35.1531,44,ROTORCRAFT_STATUS,0,0,0,100,0,0,0,0,5,0,0,35,16.206642,4.708625
35.1731,44,ROTORCRAFT_STATUS,0,0,0,100,0,0,0,0,5,0,0,35,16.206642,4.708625
35.1931,44,ROTORCRAFT_STATUS,0,0,0,100,0,0,0,0,5,0,0,35,16.541107,4.878439
35.2131,44,ROTORCRAFT_STATUS,0,0,0,100,0,0,0,0,5,0,0,35,16.541107,4.878439
35.2331,44,ROTORCRAFT_STATUS,0,0,0,100,0,0,0,0,5,0,0,35,16.541107,4.878439
35.2531,44,ROTORCRAFT_STATUS,0,0,0,100,0,0,0,0,5,0,0,35,16.541107,4.878439
35.2731,44,ROTORCRAFT_STATUS,0,0,0,100,0,0,0,0,5,0,0,35,16.541107,4.878439
35.2931,44,ROTORCRAFT_STATUS,0,0,0,100,0,0,0,0,5,0,0,35,16.379683,4.824372
35.3131,44,ROTORCRAFT_STATUS,0,0,0,100,0,0,0,0,5,0,0,35,16.379683,4.824372
35.3331,44,ROTORCRAFT_STATUS,0,0,0,100,0,0,0,0,5,0,0,35,16.379683,4.824372
35.3531,44,ROTORCRAFT_STATUS,0,0,0,100,0,0,0,0,5,0,0,35,16.379683,4.824372
35.3731,44,ROTORCRAFT_STATUS,0,0,0,100,0,0,0,0,5,0,0,35,16.379683,4.824372
35.3931,44,ROTORCRAFT_STATUS,0,0,0,100,0,0,0,0,5,0,0,35,16.461006,4.837508
35.4131,44,ROTORCRAFT_STATUS,0,0,0,100,0,0,0,0,5,0,0,35,16.461006,4.837508
35.4331,44,ROTORCRAFT_STATUS,0,0,0,100,0,0,0,0,5,0,0,35,16.461006,4.837508
35.4531,44,ROTORCRAFT_STATUS,0,0,0,100,0,0,0,0,5,0,0,35,16.461006,4.837508
35.4731,44,ROTORCRAFT_STATUS,0,0,0,100,0,0,0,0,5,0,0,35,16.461006,4.837508
35.4931,44,ROTORCRAFT_STATUS,0,0,0,100,0,0,0,0,5,0,0,35,16.473848,4.84122
35.5131,44,ROTORCRAFT_STATUS,0,0,0,100,0,0,0,0,5,0,0,35,16.473848,4.84122
35.5331,44,ROTORCRAFT_STATUS,0,0,0,100,0,0,0,0,5,0,0,35,16.473848,4.84122
35.5531,44,ROTORCRAFT_STATUS,0,0,0,100,0,0,0,0,5,0,0,35,16.473848,4.84122
35.5731,44,ROTORCRAFT_STATUS,0,0,0,100,0,0,0,0,5,0,0,35,16.473848,4.84122
35.5931,44,ROTORCRAFT_STATUS,0,0,0,100,0,0,0,0,5,0,0,35,16.275124,4.753458
35.6131,44,ROTORCRAFT_STATUS,0,0,0,100,0,0,0,0,5,0,0,35,16.275124,4.753458
35.6331,44,ROTORCRAFT_STATUS,0,0,0,100,0,0,0,0,5,0,0,35,16.275124,4.753458
35.6531,44,ROTORCRAFT_STATUS,0,0,0,100,0,0,0,0,5,0,0,35,16.275124,4.753458
35.6731,44,ROTORCRAFT_STATUS,0,0,0,100,0,0,0,0,5,0,0,35,16.275124,4.753458
35.6931,44,ROTORCRAFT_STATUS,0,0,0,100,0,0,0,0,5,0,0,35,16.57535,4.872633
35.7131,44,ROTORCRAFT_STATUS,0,0,0,100,0,0,0,0,5,0,0,35,16.57535,4.872633
35.7331,44,ROTORCRAFT_STATUS,0,0,0,100,0,0,0,0,5,0,0,35,16.57535,4.872633
35.7531,44,ROTORCRAFT_STATUS,0,0,0,100,0,0,0,0,5,0,0,35,16.57535,4.872633
35.7731,44,ROTORCRAFT_STATUS,0,0,0,103,0,0,0,0,5,0,0,35,16.57535,4.872633
35.7931,44,ROTORCRAFT_STATUS,0,0,0,103,0,0,0,0,5,0,0,35,16.517872,4.870348
35.8131,44,ROTORCRAFT_STATUS,0,0,0,103,0,0,0,0,5,0,0,35,16.517872,4.870348
35.8331,44,ROTORCRAFT_STATUS,0,0,0,103,0,0,0,0,5,0,0,35,16.517872,4.870348
35.8531,44,ROTORCRAFT_STATUS,0,0,0,103,0,0,0,0,5,0,0,35,16.517872,4.870348
35.8731,44,ROTORCRAFT_STATUS,0,0,0,103,0,0,0,0,5,0,0,35,16.517872,4.870348
35.8931,44,ROTORCRAFT_STATUS,0,0,0,103,0,0,0,0,5,0,0,35,16.456116,4.834843
35.9131,44,ROTORCRAFT_STATUS,0,0,0,103,0,0,0,0,5,0,0,35,16.456116,4.834843
35.9331,44,ROTORCRAFT_STATUS,0,0,0,103,0,0,0,0,5,0,0,35,16.456116,4.834843
35.9531,44,ROTORCRAFT_STATUS,0,0,0,103,0,0,0,0,5,0,0,35,16.456116,4.834843
35.9731,44,ROTORCRAFT_STATUS,0,0,0,103,0,0,0,0,5,0,0,35,16.456116,4.834843
35.9931,44,ROTORCRAFT_STATUS,0,0,0,103,0,0,0,0,5,0,0,35,16.446333,4.827133
36.0131,44,ROTORCRAFT_STATUS,0,0,0,103,0,0,0,0,5,0,0,36,16.446333,4.827133
36.0331,44,ROTORCRAFT_STATUS,0,0,0,103,0,0,0,0,5,0,0,36,16.446333,4.827133
36.0531,44,ROTORCRAFT_STATUS,0,0,0,103,0,0,0,0,5,0,0,36,16.446333,4.827133
36.0731,44,ROTORCRAFT_STATUS,0,0,0,103,0,0,0,0,5,0,0,36,16.446333,4.827133
36.0931,44,ROTORCRAFT_STATUS,0,0,0,103,0,0,0,0,5,0,0,36,16.42065,4.830369
36.1131,44,ROTORCRAFT_STATUS,0,0,0,103,0,0,0,0,5,0,0,36,16.42065,4.830369
36.1331,44,ROTORCRAFT_STATUS,0,0,0,103,0,0,0,0,5,0,0,36,16.42065,4.830369
36.1531,44,ROTORCRAFT_STATUS,0,0,0,103,0,0,0,0,5,0,0,36,16.42065,4.830369
36.1731,44,ROTORCRAFT_STATUS,0,0,0,103,0,0,0,0,5,0,0,36,16.42065,4.830369
36.1931,44,ROTORCRAFT_STATUS,0,0,0,103,0,0,0,0,5,0,0,36,16.536827,4.878153
36.2131,44,ROTORCRAFT_STATUS,0,0,0,103,0,0,0,0,5,0,0,36,16.536827,4.878153
36.2331,44,ROTORCRAFT_STATUS,0,0,0,103,0,0,0,0,5,0,0,36,16.536827,4.878153
36.2531,44,ROTORCRAFT_STATUS,0,0,0,103,0,0,0,0,5,0,0,36,16.536827,4.878153
36.2731,44,ROTORCRAFT_STATUS,0,0,0,103,0,0,0,0,5,0,0,36,16.536827,4.878153
36.2931,44,ROTORCRAFT_STATUS,0,0,0,103,0,0,0,0,5,0,0,36,16.549057,4.883389
36.3131,44,ROTORCRAFT_STATUS,0,0,0,103,0,0,0,0,5,0,0,36,16.549057,4.883389
36.3331,44,ROTORCRAFT_STATUS,0,0,0,103,0,0,0,0,5,0,0,36,16.549057,4.883389
36.3531,44,ROTORCRAFT_STATUS,0,0,0,103,0,0,0,0,5,0,0,36,16.549057,4.883389
36.3731,44,ROTORCRAFT_STATUS,0,0,0,103,0,0,0,0,5,0,0,36,16.549057,4.883389
36.3931,44,ROTORCRAFT_STATUS,0,0,0,103,0,0,0,0,5,0,0,36,16.451223,4.828275
36.4131,44,ROTORCRAFT_STATUS,0,0,0,103,0,0,0,0,5,0,0,36,16.451223,4.828275
36.4331,44,ROTORCRAFT_STATUS,0,0,0,103,0,0,0,0,5,0,0,36,16.451223,4.828275
36.4531,44,ROTORCRAFT_STATUS,0,0,0,103,0,0,0,0,5,0,0,36,16.451223,4.828275
36.4731,44,ROTORCRAFT_STATUS,0,0,0,103,0,0,0,0,5,0,0,36,16.451223,4.828275
36.4931,44,ROTORCRAFT_STATUS,0,0,0,103,0,0,0,0,5,0,0,36,16.467121,4.836842
36.5131,44,ROTORCRAFT_STATUS,0,0,0,103,0,0,0,0,5,0,0,36,16.467121,4.836842
36.5331,44,ROTORCRAFT_STATUS,0,0,0,103,0,0,0,0,5,0,0,36,16.467121,4.836842
36.5531,44,ROTORCRAFT_STATUS,0,0,0,103,0,0,0,0,5,0,0,36,16.467121,4.836842
36.5731,44,ROTORCRAFT_STATUS,0,0,0,103,0,0,0,0,5,0,0,36,16.467121,4.836842
36.5931,44,ROTORCRAFT_STATUS,0,0,0,103,0,0,0,0,5,0,0,36,16.265953,4.732802
36.6131,44,ROTORCRAFT_STATUS,0,0,0,103,0,0,0,0,5,0,0,36,16.265953,4.732802
36.6331,44,ROTORCRAFT_STATUS,0,0,0,103,0,0,0,0,5,0,0,36,16.265953,4.732802
36.6531,44,ROTORCRAFT_STATUS,0,0,0,103,0,0,0,0,5,0,0,36,16.265953,4.732802
36.6731,44,ROTORCRAFT_STATUS,0,0,0,103,0,0,0,0,5,0,0,36,16.265953,4.732802
36.6931,44,ROTORCRAFT_STATUS,0,0,0,103,0,0,0,0,5,0,0,36,16.561285,4.889385
36.7131,44,ROTORCRAFT_STATUS,0,0,0,103,0,0,0,0,5,0,0,36,16.561285,4.889385
36.7331,44,ROTORCRAFT_STATUS,0,0,0,103,0,0,0,0,5,0,0,36,16.561285,4.889385
36.7531,44,ROTORCRAFT_STATUS,0,0,0,103,0,0,0,0,5,0,0,36,16.561285,4.889385
36.7731,44,ROTORCRAFT_STATUS,0,0,0,103,0,0,0,0,5,0,0,36,16.561285,4.889385
36.7931,44,ROTORCRAFT_STATUS,0,0,0,107,0,0,0,0,5,0,0,36,16.546,4.880438
36.8131,44,ROTORCRAFT_STATUS,0,0,0,107,0,0,0,0,5,0,0,36,16.546,4.880438
36.8331,44,ROTORCRAFT_STATUS,0,0,0,107,0,0,0,0,5,0,0,36,16.546,4.880438
36.8531,44,ROTORCRAFT_STATUS,0,0,0,107,0,0,0,0,5,0,0,36,16.546,4.880438
36.8731,44,ROTORCRAFT_STATUS,0,0,0,107,0,0,0,0,5,0,0,36,16.546,4.880438
36.8931,44,ROTORCRAFT_STATUS,0,0,0,107,0,0,0,0,5,0,0,36,16.245163,4.738609
36.9131,44,ROTORCRAFT_STATUS,0,0,0,107,0,0,0,0,5,0,0,36,16.245163,4.738609
36.9331,44,ROTORCRAFT_STATUS,0,0,0,107,0,0,0,0,5,0,0,36,16.245163,4.738609
36.9531,44,ROTORCRAFT_STATUS,0,0,0,107,0,0,0,0,5,0,0,36,16.245163,4.738609
36.9731,44,ROTORCRAFT_STATUS,0,0,0,107,0,0,0,0,5,0,0,36,16.245163,4.738609
36.9931,44,ROTORCRAFT_STATUS,0,0,0,107,0,0,0,0,5,0,0,36,16.45856,4.828846
37.0131,44,ROTORCRAFT_STATUS,0,0,0,107,0,0,0,0,5,0,0,37,16.45856,4.828846
37.0331,44,ROTORCRAFT_STATUS,0,0,0,107,0,0,0,0,5,0,0,37,16.45856,4.828846
37.0531,44,ROTORCRAFT_STATUS,0,0,0,107,0,0,0,0,5,0,0,37,16.45856,4.828846
37.0731,44,ROTORCRAFT_STATUS,0,0,0,107,0,0,0,0,5,0,0,37,16.45856,4.828846
37.0931,44,ROTORCRAFT_STATUS,0,0,0,107,0,0,0,0,5,0,0,37,16.451836,4.840744
37.1131,44,ROTORCRAFT_STATUS,0,0,0,107,0,0,0,0,5,0,0,37,16.451836,4.840744
37.1331,44,ROTORCRAFT_STATUS,0,0,0,107,0,0,0,0,5,0,0,37,16.451836,4.840744
37.1531,44,ROTORCRAFT_STATUS,0,0,0,107,0,0,0,0,5,0,0,37,16.451836,4.840744
37.1731,44,ROTORCRAFT_STATUS,0,0,0,107,0,0,0,0,5,0,0,37,16.451836,4.840744
37.1931,44,ROTORCRAFT_STATUS,0,0,0,107,0,0,0,0,5,0,0,37,16.54233,4.883008
37.2131,44,ROTORCRAFT_STATUS,0,0,0,107,0,0,0,0,5,0,0,37,16.54233,4.883008
37.2331,44,ROTORCRAFT_STATUS,0,0,0,107,0,0,0,0,5,0,0,37,16.54233,4.883008
37.2531,44,ROTORCRAFT_STATUS,0,0,0,107,0,0,0,0,5,0,0,37,16.54233,4.883008
37.2731,44,ROTORCRAFT_STATUS,0,0,0,107,0,0,0,0,5,0,0,37,16.54233,4.883008
37.2931,44,ROTORCRAFT_STATUS,0,0,0,107,0,0,0,0,5,0,0,37,16.527044,4.874917
37.3131,44,ROTORCRAFT_STATUS,0,0,0,107,0,0,0,0,5,0,0,37,16.527044,4.874917
37.3331,44,ROTORCRAFT_STATUS,0,0,0,107,0,0,0,0,5,0,0,37,16.527044,4.874917
37.3531,44,ROTORCRAFT_STATUS,0,0,0,107,0,0,0,0,5,0,0,37,16.527044,4.874917
37.3731,44,ROTORCRAFT_STATUS,0,0,0,107,0,0,0,0,5,0,0,37,16.527044,4.874917
37.3931,44,ROTORCRAFT_STATUS,0,0,0,107,0,0,0,0,5,0,0,37,16.429823,4.825991
37.4131,44,ROTORCRAFT_STATUS,0,0,0,107,0,0,0,0,5,0,0,37,16.429823,4.825991
37.4331,44,ROTORCRAFT_STATUS,0,0,0,107,0,0,0,0,5,0,0,37,16.429823,4.825991
37.4531,44,ROTORCRAFT_STATUS,0,0,0,107,0,0,0,0,5,0,0,37,16.429823,4.825991
37.4731,44,ROTORCRAFT_STATUS,0,0,0,107,0,0,0,0,5,0,0,37,16.429823,4.825991
37.4931,44,ROTORCRAFT_STATUS,0,0,0,107,0,0,0,0,5,0,0,37,16.272678,4.733564
37.5131,44,ROTORCRAFT_STATUS,0,0,0,107,0,0,0,0,5,0,0,37,16.272678,4.733564
37.5331,44,ROTORCRAFT_STATUS,0,0,0,107,0,0,0,0,5,0,0,37,16.272678,4.733564
37.5531,44,ROTORCRAFT_STATUS,0,0,0,107,0,0,0,0,5,0,0,37,16.272678,4.733564
37.5731,44,ROTORCRAFT_STATUS,0,0,0,107,0,0,0,0,5,0,0,37,16.272678,4.733564
37.5931,44,ROTORCRAFT_STATUS,0,0,0,107,0,0,0,0,5,0,0,37,16.478739,4.844362
37.6131,44,ROTORCRAFT_STATUS,0,0,0,107,0,0,0,0,5,0,0,37,16.478739,4.844362
37.6331,44,ROTORCRAFT_STATUS,0,0,0,107,0,0,0,0,5,0,0,37,16.478739,4.844362
37.6531,44,ROTORCRAFT_STATUS,0,0,0,107,0,0,0,0,5,0,0,37,16.478739,4.844362
37.6731,44,ROTORCRAFT_STATUS,0,0,0,107,0,0,0,0,5,0,0,37,16.478739,4.844362
37.6931,44,ROTORCRAFT_STATUS,0,0,0,107,0,0,0,0,5,0,0,37,16.550892,4.875107
37.7131,44,ROTORCRAFT_STATUS,0,0,0,107,0,0,0,0,5,0,0,37,16.550892,4.875107
37.7331,44,ROTORCRAFT_STATUS,0,0,0,107,0,0,0,0,5,0,0,37,16.550892,4.875107
37.7531,44,ROTORCRAFT_STATUS,0,0,0,107,0,0,0,0,5,0,0,37,16.550892,4.875107
37.7731,44,ROTORCRAFT_STATUS,0,0,0,107,0,0,0,0,5,0,0,37,16.550892,4.875107
37.7931,44,ROTORCRAFT_STATUS,0,0,0,107,0,0,0,0,5,0,0,37,16.50809,4.864351
37.8131,44,ROTORCRAFT_STATUS,0,0,0,105,0,0,0,0,5,0,0,37,16.50809,4.864351
37.8331,44,ROTORCRAFT_STATUS,0,0,0,105,0,0,0,0,5,0,0,37,16.50809,4.864351
37.8531,44,ROTORCRAFT_STATUS,0,0,0,105,0,0,0,0,5,0,0,37,16.50809,4.864351
37.8731,44,ROTORCRAFT_STATUS,0,0,0,105,0,0,0,0,5,0,0,37,16.50809,4.864351
37.8931,44,ROTORCRAFT_STATUS,0,0,0,105,0,0,0,0,5,0,0,37,16.435938,4.822754
37.9131,44,ROTORCRAFT_STATUS,0,0,0,105,0,0,0,0,5,0,0,37,16.435938,4.822754
37.9331,44,ROTORCRAFT_STATUS,0,0,0,105,0,0,0,0,5,0,0,37,16.435938,4.822754
37.9531,44,ROTORCRAFT_STATUS,0,0,0,105,0,0,0,0,5,0,0,37,16.435938,4.822754
37.9731,44,ROTORCRAFT_STATUS,0,0,0,105,0,0,0,0,5,0,0,37,16.435938,4.822754
37.9931,44,ROTORCRAFT_STATUS,0,0,0,105,0,0,0,0,5,0,0,37,16.465899,4.836556
38.0131,44,ROTORCRAFT_STATUS,0,0,0,105,0,0,0,0,5,0,0,38,16.465899,4.836556
38.0331,44,ROTORCRAFT_STATUS,0,0,0,105,0,0,0,0,5,0,0,38,16.465899,4.836556
38.0531,44,ROTORCRAFT_STATUS,0,0,0,105,0,0,0,0,5,0,0,38,16.465899,4.836556
38.0731,44,ROTORCRAFT_STATUS,0,0,0,105,0,0,0,0,5,0,0,38,16.465899,4.836556
38.0931,44,ROTORCRAFT_STATUS,0,0,0,105,0,0,0,0,5,0,0,38,16.46651,4.825895
38.1131,44,ROTORCRAFT_STATUS,0,0,0,105,0,0,0,0,5,0,0,38,16.46651,4.825895
38.1331,44,ROTORCRAFT_STATUS,0,0,0,105,0,0,0,0,5,0,0,38,16.46651,4.825895
38.1531,44,ROTORCRAFT_STATUS,0,0,0,105,0,0,0,0,5,0,0,38,16.46651,4.825895
38.1731,44,ROTORCRAFT_STATUS,0,0,0,105,0,0,0,0,5,0,0,38,16.46651,4.825895
38.1931,44,ROTORCRAFT_STATUS,0,0,0,105,0,0,0,0,5,0,0,38,16.539885,4.878153
38.2131,44,ROTORCRAFT_STATUS,0,0,0,105,0,0,0,0,5,0,0,38,16.539885,4.878153
38.2331,44,ROTORCRAFT_STATUS,0,0,0,105,0,0,0,0,5,0,0,38,16.539885,4.878153
38.2531,44,ROTORCRAFT_STATUS,0,0,0,105,0,0,0,0,5,0,0,38,16.539885,4.878153
38.2731,44,ROTORCRAFT_STATUS,0,0,0,105,0,0,0,0,5,0,0,38,16.539885,4.878153
38.2931,44,ROTORCRAFT_STATUS,0,0,0,105,0,0,0,0,5,0,0,38,16.371735,4.78011
38.3131,44,ROTORCRAFT_STATUS,0,0,0,105,0,0,0,0,5,0,0,38,16.371735,4.78011
38.3331,44,ROTORCRAFT_STATUS,0,0,0,105,0,0,0,0,5,0,0,38,16.371735,4.78011
38.3531,44,ROTORCRAFT_STATUS,0,0,0,105,0,0,0,0,5,0,0,38,16.371735,4.78011
38.3731,44,ROTORCRAFT_STATUS,0,0,0,105,0,0,0,0,5,0,0,38,16.371735,4.78011
38.3931,44,ROTORCRAFT_STATUS,0,0,0,105,0,0,0,0,5,0,0,38,16.465899,4.842649
38.4131,44,ROTORCRAFT_STATUS,0,0,0,105,0,0,0,0,5,0,0,38,16.465899,4.842649
38.4331,44,ROTORCRAFT_STATUS,0,0,0,105,0,0,0,0,5,0,0,38,16.465899,4.842649
38.4531,44,ROTORCRAFT_STATUS,0,0,0,105,0,0,0,0,5,0,0,38,16.465899,4.842649
38.4731,44,ROTORCRAFT_STATUS,0,0,0,105,0,0,0,0,5,0,0,38,16.465899,4.842649
38.4931,44,ROTORCRAFT_STATUS,0,0,0,105,0,0,0,0,5,0,0,38,16.480574,4.836461
38.5131,44,ROTORCRAFT_STATUS,0,0,0,105,0,0,0,0,5,0,0,38,16.480574,4.836461
38.5331,44,ROTORCRAFT_STATUS,0,0,0,105,0,0,0,0,5,0,0,38,16.480574,4.836461
38.5531,44,ROTORCRAFT_STATUS,0,0,0,105,0,0,0,0,5,0,0,38,16.480574,4.836461
38.5731,44,ROTORCRAFT_STATUS,0,0,0,105,0,0,0,0,5,0,0,38,16.480574,4.836461
38.5931,44,ROTORCRAFT_STATUS,0,0,0,105,0,0,0,0,5,0,0,38,16.464676,4.833415
38.6131,44,ROTORCRAFT_STATUS,0,0,0,105,0,0,0,0,5,0,0,38,16.464676,4.833415
38.6331,44,ROTORCRAFT_STATUS,0,0,0,105,0,0,0,0,5,0,0,38,16.464676,4.833415
38.6531,44,ROTORCRAFT_STATUS,0,0,0,105,0,0,0,0,5,0,0,38,16.464676,4.833415
38.6731,44,ROTORCRAFT_STATUS,0,0,0,105,0,0,0,0,5,0,0,38,16.464676,4.833415
38.6931,44,ROTORCRAFT_STATUS,0,0,0,105,0,0,0,0,5,0,0,38,16.534382,4.878153
38.7131,44,ROTORCRAFT_STATUS,0,0,0,105,0,0,0,0,5,0,0,38,16.534382,4.878153
38.7331,44,ROTORCRAFT_STATUS,0,0,0,105,0,0,0,0,5,0,0,38,16.534382,4.878153
38.7531,44,ROTORCRAFT_STATUS,0,0,0,105,0,0,0,0,5,0,0,38,16.534382,4.878153
38.7731,44,ROTORCRAFT_STATUS,0,0,0,105,0,0,0,0,5,0,0,38,16.534382,4.878153
38.7931,44,ROTORCRAFT_STATUS,0,0,0,105,0,0,0,0,5,0,0,38,16.450613,4.81038
38.8131,44,ROTORCRAFT_STATUS,0,0,0,105,0,0,0,0,5,0,0,38,16.450613,4.81038
38.8331,44,ROTORCRAFT_STATUS,0,0,0,105,0,0,0,0,5,0,0,38,16.450613,4.81038
38.8531,44,ROTORCRAFT_STATUS,0,0,0,105,0,0,0,0,5,0,0,38,16.450613,4.81038
38.8731,44,ROTORCRAFT_STATUS,0,0,0,105,0,0,0,0,5,0,0,38,16.450613,4.81038
38.8931,44,ROTORCRAFT_STATUS,0,0,0,105,0,0,0,0,5,0,0,38,16.46223,4.836842
38.9131,44,ROTORCRAFT_STATUS,0,0,0,105,0,0,0,0,5,0,0,38,16.46223,4.836842
38.9331,44,ROTORCRAFT_STATUS,0,0,0,105,0,0,0,0,5,0,0,38,16.46223,4.836842
38.9531,44,ROTORCRAFT_STATUS,0,0,0,105,0,0,0,0,5,0,0,38,16.46223,4.836842
38.9731,44,ROTORCRAFT_STATUS,0,0,0,105,0,0,0,0,5,0,0,38,16.46223,4.836842
38.9931,44,ROTORCRAFT_STATUS,0,0,0,105,0,0,0,0,5,0,0,38,16.455503,4.820565
39.0131,44,ROTORCRAFT_STATUS,0,0,0,105,0,0,0,0,5,0,0,39,16.455503,4.820565
39.0331,44,ROTORCRAFT_STATUS,0,0,0,105,0,0,0,0,5,0,0,39,16.455503,4.820565
39.0531,44,ROTORCRAFT_STATUS,0,0,0,105,0,0,0,0,5,0,0,39,16.455503,4.820565
39.0731,44,ROTORCRAFT_STATUS,0,0,0,105,0,0,0,0,5,0,0,39,16.455503,4.820565
39.0931,44,ROTORCRAFT_STATUS,0,0,0,105,0,0,0,0,5,0,0,39,16.419428,4.817709
39.1131,44,ROTORCRAFT_STATUS,0,0,0,105,0,0,0,0,5,0,0,39,16.419428,4.817709
39.1331,44,ROTORCRAFT_STATUS,0,0,0,105,0,0,0,0,5,0,0,39,16.419428,4.817709
39.1531,44,ROTORCRAFT_STATUS,0,0,0,105,0,0,0,0,5,0,0,39,16.419428,4.817709
39.1731,44,ROTORCRAFT_STATUS,0,0,0,105,0,0,0,0,5,0,0,39,16.419428,4.817709
39.1931,44,ROTORCRAFT_STATUS,0,0,0,105,0,0,0,0,5,0,0,39,16.528267,4.874346
39.2131,44,ROTORCRAFT_STATUS,0,0,0,105,0,0,0,0,5,0,0,39,16.528267,4.874346
39.2331,44,ROTORCRAFT_STATUS,0,0,0,105,0,0,0,0,5,0,0,39,16.528267,4.874346
39.2531,44,ROTORCRAFT_STATUS,0,0,0,105,0,0,0,0,5,0,0,39,16.528267,4.874346
39.2731,44,ROTORCRAFT_STATUS,0,0,0,105,0,0,0,0,5,0,0,39,16.528267,4.874346
39.2931,44,ROTORCRAFT_STATUS,0,0,0,105,0,0,0,0,5,0,0,39,16.500751,4.846741
39.3131,44,ROTORCRAFT_STATUS,0,0,0,105,0,0,0,0,5,0,0,39,16.500751,4.846741
39.3331,44,ROTORCRAFT_STATUS,0,0,0,105,0,0,0,0,5,0,0,39,16.500751,4.846741
39.3531,44,ROTORCRAFT_STATUS,0,0,0,105,0,0,0,0,5,0,0,39,16.500751,4.846741
39.3731,44,ROTORCRAFT_STATUS,0,0,0,105,0,0,0,0,5,0,0,39,16.500751,4.846741
39.3931,44,ROTORCRAFT_STATUS,0,0,0,105,0,0,0,0,5,0,0,39,16.444498,4.826086
39.4131,44,ROTORCRAFT_STATUS,0,0,0,105,0,0,0,0,5,0,0,39,16.444498,4.826086
39.4331,44,ROTORCRAFT_STATUS,0,0,0,105,0,0,0,0,5,0,0,39,16.444498,4.826086
39.4531,44,ROTORCRAFT_STATUS,0,0,0,105,0,0,0,0,5,0,0,39,16.444498,4.826086
39.4731,44,ROTORCRAFT_STATUS,0,0,0,105,0,0,0,0,5,0,0,39,16.444498,4.826086
39.4931,44,ROTORCRAFT_STATUS,0,0,0,105,0,0,0,0,5,0,0,39,16.457338,4.831702
39.5131,44,ROTORCRAFT_STATUS,0,0,0,105,0,0,0,0,5,0,0,39,16.457338,4.831702
39.5331,44,ROTORCRAFT_STATUS,0,0,0,105,0,0,0,0,5,0,0,39,16.457338,4.831702
39.5531,44,ROTORCRAFT_STATUS,0,0,0,105,0,0,0,0,5,0,0,39,16.457338,4.831702
39.5731,44,ROTORCRAFT_STATUS,0,0,0,105,0,0,0,0,5,0,0,39,16.457338,4.831702
39.5931,44,ROTORCRAFT_STATUS,0,0,0,105,0,0,0,0,5,0,0,39,16.296526,4.734897
39.6131,44,ROTORCRAFT_STATUS,0,0,0,105,0,0,0,0,5,0,0,39,16.296526,4.734897
39.6331,44,ROTORCRAFT_STATUS,0,0,0,105,0,0,0,0,5,0,0,39,16.296526,4.734897
39.6531,44,ROTORCRAFT_STATUS,0,0,0,105,0,0,0,0,5,0,0,39,16.296526,4.734897
39.6731,44,ROTORCRAFT_STATUS,0,0,0,105,0,0,0,0,5,0,0,39,16.296526,4.734897
39.6931,44,ROTORCRAFT_STATUS,0,0,0,105,0,0,0,0,5,0,0,39,16.561897,4.892336
39.7131,44,ROTORCRAFT_STATUS,0,0,0,105,0,0,0,0,5,0,0,39,16.561897,4.892336
39.7331,44,ROTORCRAFT_STATUS,0,0,0,105,0,0,0,0,5,0,0,39,16.561897,4.892336
39.7531,44,ROTORCRAFT_STATUS,0,0,0,105,0,0,0,0,5,0,0,39,16.561897,4.892336
39.7731,44,ROTORCRAFT_STATUS,0,0,0,105,0,0,0,0,5,0,0,39,16.561897,4.892336
39.7931,44,ROTORCRAFT_STATUS,0,0,0,105,0,0,0,0,5,0,0,39,16.548445,4.88415
39.8131,44,ROTORCRAFT_STATUS,0,0,0,105,0,0,0,0,5,0,0,39,16.548445,4.88415
39.8331,44,ROTORCRAFT_STATUS,0,0,0,105,0,0,0,0,5,0,0,39,16.548445,4.88415
39.8531,44,ROTORCRAFT_STATUS,0,0,0,103,0,0,0,0,5,0,0,39,16.548445,4.88415
39.8731,44,ROTORCRAFT_STATUS,0,0,0,103,0,0,0,0,5,0,0,39,16.548445,4.88415
39.8931,44,ROTORCRAFT_STATUS,0,0,0,103,0,0,0,0,5,0,0,39,16.442663,4.828751
39.9131,44,ROTORCRAFT_STATUS,0,0,0,103,0,0,0,0,5,0,0,39,16.442663,4.828751
39.9331,44,ROTORCRAFT_STATUS,0,0,0,103,0,0,0,0,5,0,0,39,16.442663,4.828751
39.9531,44,ROTORCRAFT_STATUS,0,0,0,103,0,0,0,0,5,0,0,39,16.442663,4.828751
39.9731,44,ROTORCRAFT_STATUS,0,0,0,103,0,0,0,0,5,0,0,39,16.442663,4.828751
39.9931,44,ROTORCRAFT_STATUS,0,0,0,103,0,0,0,0,5,0,0,39,16.453058,4.827609
40.0131,44,ROTORCRAFT_STATUS,0,0,0,103,0,0,0,0,5,0,0,40,16.453058,4.827609
40.0331,44,ROTORCRAFT_STATUS,0,0,0,103,0,0,0,0,5,0,0,40,16.453058,4.827609
40.0531,44,ROTORCRAFT_STATUS,0,0,0,103,0,0,0,0,5,0,0,40,16.453058,4.827609
40.0731,44,ROTORCRAFT_STATUS,0,0,0,103,0,0,0,0,5,0,0,40,16.453058,4.827609
40.0931,44,ROTORCRAFT_STATUS,0,0,0,103,0,0,0,0,5,0,0,40,16.47507,4.845028
40.1131,44,ROTORCRAFT_STATUS,0,0,0,103,0,0,0,0,5,0,0,40,16.47507,4.845028
40.1331,44,ROTORCRAFT_STATUS,0,0,0,103,0,0,0,0,5,0,0,40,16.47507,4.845028
40.1531,44,ROTORCRAFT_STATUS,0,0,0,103,0,0,0,0,5,0,0,40,16.47507,4.845028
40.1731,44,ROTORCRAFT_STATUS,0,0,0,103,0,0,0,0,5,0,0,40,16.47507,4.845028
40.1931,44,ROTORCRAFT_STATUS,0,0,0,103,0,0,0,0,5,0,0,40,16.553337,4.887958
40.2131,44,ROTORCRAFT_STATUS,0,0,0,103,0,0,0,0,5,0,0,40,16.553337,4.887958
40.2331,44,ROTORCRAFT_STATUS,0,0,0,103,0,0,0,0,5,0,0,40,16.553337,4.887958
40.2531,44,ROTORCRAFT_STATUS,0,0,0,103,0,0,0,0,5,0,0,40,16.553337,4.887958
40.2731,44,ROTORCRAFT_STATUS,0,0,0,103,0,0,0,0,5,0,0,40,16.553337,4.887958
40.2931,44,ROTORCRAFT_STATUS,0,0,0,103,0,0,0,0,5,0,0,40,16.489134,4.864732
40.3131,44,ROTORCRAFT_STATUS,0,0,0,103,0,0,0,0,5,0,0,40,16.489134,4.864732
40.3331,44,ROTORCRAFT_STATUS,0,0,0,103,0,0,0,0,5,0,0,40,16.489134,4.864732
40.3531,44,ROTORCRAFT_STATUS,0,0,0,103,0,0,0,0,5,0,0,40,16.489134,4.864732
40.3731,44,ROTORCRAFT_STATUS,0,0,0,103,0,0,0,0,5,0,0,40,16.489134,4.864732
40.3931,44,ROTORCRAFT_STATUS,0,0,0,103,0,0,0,0,5,0,0,40,16.44572,4.83056
40.4131,44,ROTORCRAFT_STATUS,0,0,0,103,0,0,0,0,5,0,0,40,16.44572,4.83056
40.4331,44,ROTORCRAFT_STATUS,0,0,0,103,0,0,0,0,5,0,0,40,16.44572,4.83056
40.4531,44,ROTORCRAFT_STATUS,0,0,0,103,0,0,0,0,5,0,0,40,16.44572,4.83056
40.4731,44,ROTORCRAFT_STATUS,0,0,0,103,0,0,0,0,5,0,0,40,16.44572,4.83056
40.4931,44,ROTORCRAFT_STATUS,0,0,0,103,0,0,0,0,5,0,0,40,16.266563,4.729185
40.5131,44,ROTORCRAFT_STATUS,0,0,0,103,0,0,0,0,5,0,0,40,16.266563,4.729185
40.5331,44,ROTORCRAFT_STATUS,0,0,0,103,0,0,0,0,5,0,0,40,16.266563,4.729185
40.5531,44,ROTORCRAFT_STATUS,0,0,0,103,0,0,0,0,5,0,0,40,16.266563,4.729185
40.5731,44,ROTORCRAFT_STATUS,0,0,0,103,0,0,0,0,5,0,0,40,16.266563,4.729185
40.5931,44,ROTORCRAFT_STATUS,0,0,0,103,0,0,0,0,5,0,0,40,16.484241,4.843505
40.6131,44,ROTORCRAFT_STATUS,0,0,0,103,0,0,0,0,5,0,0,40,16.484241,4.843505
40.6331,44,ROTORCRAFT_STATUS,0,0,0,103,0,0,0,0,5,0,0,40,16.484241,4.843505
40.6531,44,ROTORCRAFT_STATUS,0,0,0,103,0,0,0,0,5,0,0,40,16.484241,4.843505
40.6731,44,ROTORCRAFT_STATUS,0,0,0,103,0,0,0,0,5,0,0,40,16.484241,4.843505
40.6931,44,ROTORCRAFT_STATUS,0,0,0,103,0,0,0,0,5,0,0,40,16.470179,4.880818
40.7131,44,ROTORCRAFT_STATUS,0,0,0,103,0,0,0,0,5,0,0,40,16.470179,4.880818
40.7331,44,ROTORCRAFT_STATUS,0,0,0,103,0,0,0,0,5,0,0,40,16.470179,4.880818
40.7531,44,ROTORCRAFT_STATUS,0,0,0,103,0,0,0,0,5,0,0,40,16.470179,4.880818
40.7731,44,ROTORCRAFT_STATUS,0,0,0,103,0,0,0,0,5,0,0,40,16.470179,4.880818
40.7931,44,ROTORCRAFT_STATUS,0,0,0,103,0,0,0,0,5,0,0,40,16.52949,4.874156
40.8131,44,ROTORCRAFT_STATUS,0,0,0,103,0,0,0,0,5,0,0,40,16.52949,4.874156
40.8331,44,ROTORCRAFT_STATUS,0,0,0,103,0,0,0,0,5,0,0,40,16.52949,4.874156
40.8531,44,ROTORCRAFT_STATUS,0,0,0,103,0,0,0,0,5,0,0,40,16.52949,4.874156
40.8731,44,ROTORCRAFT_STATUS,0,0,0,96,0,0,0,0,5,0,0,40,16.52949,4.874156
40.8931,44,ROTORCRAFT_STATUS,0,0,0,96,0,0,0,0,5,0,0,40,16.443886,4.823706
40.9131,44,ROTORCRAFT_STATUS,0,0,0,96,0,0,0,0,5,0,0,40,16.443886,4.823706
40.9331,44,ROTORCRAFT_STATUS,0,0,0,96,0,0,0,0,5,0,0,40,16.443886,4.823706
40.9531,44,ROTORCRAFT_STATUS,0,0,0,96,0,0,0,0,5,0,0,40,16.443886,4.823706
40.9731,44,ROTORCRAFT_STATUS,0,0,0,96,0,0,0,0,5,0,0,40,16.443886,4.823706
40.9931,44,ROTORCRAFT_STATUS,0,0,0,96,0,0,0,0,5,0,0,40,16.264118,4.722903
41.0131,44,ROTORCRAFT_STATUS,0,0,0,96,0,0,0,0,5,0,0,41,16.264118,4.722903
41.0331,44,ROTORCRAFT_STATUS,0,0,0,96,0,0,0,0,5,0,0,41,16.264118,4.722903
41.0531,44,ROTORCRAFT_STATUS,0,0,0,96,0,0,0,0,5,0,0,41,16.264118,4.722903
41.0731,44,ROTORCRAFT_STATUS,0,0,0,96,0,0,0,0,5,0,0,41,16.264118,4.722903
41.0931,44,ROTORCRAFT_STATUS,0,0,0,96,0,0,0,0,5,0,0,41,16.477516,4.834462
41.1131,44,ROTORCRAFT_STATUS,0,0,0,96,0,0,0,0,5,0,0,41,16.477516,4.834462
41.1331,44,ROTORCRAFT_STATUS,0,0,0,96,0,0,0,0,5,0,0,41,16.477516,4.834462
41.1531,44,ROTORCRAFT_STATUS,0,0,0,96,0,0,0,0,5,0,0,41,16.477516,4.834462
41.1731,44,ROTORCRAFT_STATUS,0,0,0,96,0,0,0,0,5,0,0,41,16.477516,4.834462
41.1931,44,ROTORCRAFT_STATUS,0,0,0,96,0,0,0,0,5,0,0,41,16.523375,4.877106
41.2131,44,ROTORCRAFT_STATUS,0,0,0,96,0,0,0,0,5,0,0,41,16.523375,4.877106
41.2331,44,ROTORCRAFT_STATUS,0,0,0,96,0,0,0,0,5,0,0,41,16.523375,4.877106
41.2531,44,ROTORCRAFT_STATUS,0,0,0,96,0,0,0,0,5,0,0,41,16.523375,4.877106
41.2731,44,ROTORCRAFT_STATUS,0,0,0,96,0,0,0,0,5,0,0,41,16.523375,4.877106
41.2931,44,ROTORCRAFT_STATUS,0,0,0,96,0,0,0,0,5,0,0,41,16.322819,4.766499
41.3131,44,ROTORCRAFT_STATUS,0,0,0,96,0,0,0,0,5,0,0,41,16.322819,4.766499
41.3331,44,ROTORCRAFT_STATUS,0,0,0,96,0,0,0,0,5,0,0,41,16.322819,4.766499
41.3531,44,ROTORCRAFT_STATUS,0,0,0,96,0,0,0,0,5,0,0,41,16.322819,4.766499
41.3731,44,ROTORCRAFT_STATUS,0,0,0,96,0,0,0,0,5,0,0,41,16.322819,4.766499
41.3931,44,ROTORCRAFT_STATUS,0,0,0,96,0,0,0,0,5,0,0,41,16.462841,4.838079
41.4131,44,ROTORCRAFT_STATUS,0,0,0,96,0,0,0,0,5,0,0,41,16.462841,4.838079
41.4331,44,ROTORCRAFT_STATUS,0,0,0,96,0,0,0,0,5,0,0,41,16.462841,4.838079
41.4531,44,ROTORCRAFT_STATUS,0,0,0,96,0,0,0,0,5,0,0,41,16.462841,4.838079
41.4731,44,ROTORCRAFT_STATUS,0,0,0,96,0,0,0,0,5,0,0,41,16.462841,4.838079
41.4931,44,ROTORCRAFT_STATUS,0,0,0,96,0,0,0,0,5,0,0,41,16.26901,4.732421
41.5131,44,ROTORCRAFT_STATUS,0,0,0,96,0,0,0,0,5,0,0,41,16.26901,4.732421
41.5331,44,ROTORCRAFT_STATUS,0,0,0,96,0,0,0,0,5,0,0,41,16.26901,4.732421
41.5531,44,ROTORCRAFT_STATUS,0,0,0,96,0,0,0,0,5,0,0,41,16.26901,4.732421
41.5731,44,ROTORCRAFT_STATUS,0,0,0,96,0,0,0,0,5,0,0,41,16.26901,4.732421
41.5931,44,ROTORCRAFT_STATUS,0,0,0,96,0,0,0,0,5,0,0,41,16.467121,4.835319
41.6131,44,ROTORCRAFT_STATUS,0,0,0,96,0,0,0,0,5,0,0,41,16.467121,4.835319
41.6331,44,ROTORCRAFT_STATUS,0,0,0,96,0,0,0,0,5,0,0,41,16.467121,4.835319
41.6531,44,ROTORCRAFT_STATUS,0,0,0,96,0,0,0,0,5,0,0,41,16.467121,4.835319
41.6731,44,ROTORCRAFT_STATUS,0,0,0,96,0,0,0,0,5,0,0,41,16.467121,4.835319
41.6931,44,ROTORCRAFT_STATUS,0,0,0,96,0,0,0,0,5,0,0,41,16.53316,4.877106
41.7131,44,ROTORCRAFT_STATUS,0,0,0,96,0,0,0,0,5,0,0,41,16.53316,4.877106
41.7331,44,ROTORCRAFT_STATUS,0,0,0,96,0,0,0,0,5,0,0,41,16.53316,4.877106
41.7531,44,ROTORCRAFT_STATUS,0,0,0,96,0,0,0,0,5,0,0,41,16.53316,4.877106
41.7731,44,ROTORCRAFT_STATUS,0,0,0,96,0,0,0,0,5,0,0,41,16.53316,4.877106
41.7931,44,ROTORCRAFT_STATUS,0,0,0,96,0,0,0,0,5,0,0,41,16.342384,4.782775
41.8131,44,ROTORCRAFT_STATUS,0,0,0,96,0,0,0,0,5,0,0,41,16.342384,4.782775
41.8331,44,ROTORCRAFT_STATUS,0,0,0,96,0,0,0,0,5,0,0,41,16.342384,4.782775
41.8531,44,ROTORCRAFT_STATUS,0,0,0,96,0,0,0,0,5,0,0,41,16.342384,4.782775
41.8731,44,ROTORCRAFT_STATUS,0,0,0,96,0,0,0,0,5,0,0,41,16.342384,4.782775
41.8931,44,ROTORCRAFT_STATUS,0,0,0,102,0,0,0,0,5,0,0,41,16.470179,4.840935
41.9131,44,ROTORCRAFT_STATUS,0,0,0,102,0,0,0,0,5,0,0,41,16.470179,4.840935
41.9331,44,ROTORCRAFT_STATUS,0,0,0,102,0,0,0,0,5,0,0,41,16.470179,4.840935
41.9531,44,ROTORCRAFT_STATUS,0,0,0,102,0,0,0,0,5,0,0,41,16.470179,4.840935
41.9731,44,ROTORCRAFT_STATUS,0,0,0,102,0,0,0,0,5,0,0,41,16.470179,4.840935
41.9931,44,ROTORCRAFT_STATUS,0,0,0,102,0,0,0,0,5,0,0,41,16.44572,4.82799
42.0131,44,ROTORCRAFT_STATUS,0,0,0,102,0,0,0,0,5,0,0,42,16.44572,4.82799
42.0331,44,ROTORCRAFT_STATUS,0,0,0,102,0,0,0,0,5,0,0,42,16.44572,4.82799
42.0531,44,ROTORCRAFT_STATUS,0,0,0,102,0,0,0,0,5,0,0,42,16.44572,4.82799
42.0731,44,ROTORCRAFT_STATUS,0,0,0,102,0,0,0,0,5,0,0,42,16.44572,4.82799
42.0931,44,ROTORCRAFT_STATUS,0,0,0,102,0,0,0,0,5,0,0,42,16.461006,4.834082
42.1131,44,ROTORCRAFT_STATUS,0,0,0,102,0,0,0,0,5,0,0,42,16.461006,4.834082
42.1331,44,ROTORCRAFT_STATUS,0,0,0,102,0,0,0,0,5,0,0,42,16.461006,4.834082
42.1531,44,ROTORCRAFT_STATUS,0,0,0,102,0,0,0,0,5,0,0,42,16.461006,4.834082
42.1731,44,ROTORCRAFT_STATUS,0,0,0,102,0,0,0,0,5,0,0,42,16.461006,4.834082
42.1931,44,ROTORCRAFT_STATUS,0,0,0,102,0,0,0,0,5,0,0,42,16.535604,4.879962
42.2131,44,ROTORCRAFT_STATUS,0,0,0,102,0,0,0,0,5,0,0,42,16.535604,4.879962
42.2331,44,ROTORCRAFT_STATUS,0,0,0,102,0,0,0,0,5,0,0,42,16.535604,4.879962
42.2531,44,ROTORCRAFT_STATUS,0,0,0,102,0,0,0,0,5,0,0,42,16.535604,4.879962
42.2731,44,ROTORCRAFT_STATUS,0,0,0,102,0,0,0,0,5,0,0,42,16.535604,4.879962
42.2931,44,ROTORCRAFT_STATUS,0,0,0,102,0,0,0,0,5,0,0,42,16.335659,4.77459
42.3131,44,ROTORCRAFT_STATUS,0,0,0,102,0,0,0,0,5,0,0,42,16.335659,4.77459
42.3331,44,ROTORCRAFT_STATUS,0,0,0,102,0,0,0,0,5,0,0,42,16.335659,4.77459
42.3531,44,ROTORCRAFT_STATUS,0,0,0,102,0,0,0,0,5,0,0,42,16.335659,4.77459
42.3731,44,ROTORCRAFT_STATUS,0,0,0,102,0,0,0,0,5,0,0,42,16.335659,4.77459
42.3931,44,ROTORCRAFT_STATUS,0,0,0,102,0,0,0,0,5,0,0,42,16.438383,4.823611
42.4131,44,ROTORCRAFT_STATUS,0,0,0,102,0,0,0,0,5,0,0,42,16.438383,4.823611
42.4331,44,ROTORCRAFT_STATUS,0,0,0,102,0,0,0,0,5,0,0,42,16.438383,4.823611
42.4531,44,ROTORCRAFT_STATUS,0,0,0,102,0,0,0,0,5,0,0,42,16.438383,4.823611
42.4731,44,ROTORCRAFT_STATUS,0,0,0,102,0,0,0,0,5,0,0,42,16.438383,4.823611
42.4931,44,ROTORCRAFT_STATUS,0,0,0,102,0,0,0,0,5,0,0,42,16.456726,4.831131
42.5131,44,ROTORCRAFT_STATUS,0,0,0,102,0,0,0,0,5,0,0,42,16.456726,4.831131
42.5331,44,ROTORCRAFT_STATUS,0,0,0,102,0,0,0,0,5,0,0,42,16.456726,4.831131
42.5531,44,ROTORCRAFT_STATUS,0,0,0,102,0,0,0,0,5,0,0,42,16.456726,4.831131
42.5731,44,ROTORCRAFT_STATUS,0,0,0,102,0,0,0,0,5,0,0,42,16.456726,4.831131
42.5931,44,ROTORCRAFT_STATUS,0,0,0,102,0,0,0,0,5,0,0,42,16.453669,4.832463
42.6131,44,ROTORCRAFT_STATUS,0,0,0,102,0,0,0,0,5,0,0,42,16.453669,4.832463
42.6331,44,ROTORCRAFT_STATUS,0,0,0,102,0,0,0,0,5,0,0,42,16.453669,4.832463
42.6531,44,ROTORCRAFT_STATUS,0,0,0,102,0,0,0,0,5,0,0,42,16.453669,4.832463
42.6731,44,ROTORCRAFT_STATUS,0,0,0,102,0,0,0,0,5,0,0,42,16.453669,4.832463
42.6931,44,ROTORCRAFT_STATUS,0,0,0,102,0,0,0,0,5,0,0,42,16.40353,4.796578
42.7131,44,ROTORCRAFT_STATUS,0,0,0,102,0,0,0,0,5,0,0,42,16.40353,4.796578
42.7331,44,ROTORCRAFT_STATUS,0,0,0,102,0,0,0,0,5,0,0,42,16.40353,4.796578
42.7531,44,ROTORCRAFT_STATUS,0,0,0,102,0,0,0,0,5,0,0,42,16.40353,4.796578
42.7731,44,ROTORCRAFT_STATUS,0,0,0,102,0,0,0,0,5,0,0,42,16.40353,4.796578
42.7931,44,ROTORCRAFT_STATUS,0,0,0,102,0,0,0,0,5,0,0,42,16.552725,4.88691
42.8131,44,ROTORCRAFT_STATUS,0,0,0,102,0,0,0,0,5,0,0,42,16.552725,4.88691
42.8331,44,ROTORCRAFT_STATUS,0,0,0,102,0,0,0,0,5,0,0,42,16.552725,4.88691
42.8531,44,ROTORCRAFT_STATUS,0,0,0,102,0,0,0,0,5,0,0,42,16.552725,4.88691
42.8731,44,ROTORCRAFT_STATUS,0,0,0,102,0,0,0,0,5,0,0,42,16.552725,4.88691
42.8931,44,ROTORCRAFT_STATUS,0,0,0,102,0,0,0,0,5,0,0,42,16.459173,4.833701
42.9131,44,ROTORCRAFT_STATUS,0,0,0,108,0,0,0,0,5,0,0,42,16.459173,4.833701
42.9331,44,ROTORCRAFT_STATUS,0,0,0,108,0,0,0,0,5,0,0,42,16.459173,4.833701
42.9531,44,ROTORCRAFT_STATUS,0,0,0,108,0,0,0,0,5,0,0,42,16.459173,4.833701
42.9731,44,ROTORCRAFT_STATUS,0,0,0,108,0,0,0,0,5,0,0,42,16.459173,4.833701
42.9931,44,ROTORCRAFT_STATUS,0,0,0,108,0,0,0,0,5,0,0,42,16.334436,4.796292
43.0131,44,ROTORCRAFT_STATUS,0,0,0,108,0,0,0,0,5,0,0,43,16.334436,4.796292
43.0331,44,ROTORCRAFT_STATUS,0,0,0,108,0,0,0,0,5,0,0,43,16.334436,4.796292
43.0531,44,ROTORCRAFT_STATUS,0,0,0,108,0,0,0,0,5,0,0,43,16.334436,4.796292
43.0731,44,ROTORCRAFT_STATUS,0,0,0,108,0,0,0,0,5,0,0,43,16.334436,4.796292
43.0931,44,ROTORCRAFT_STATUS,0,0,0,108,0,0,0,0,5,0,0,43,16.483631,4.839793
43.1131,44,ROTORCRAFT_STATUS,0,0,0,108,0,0,0,0,5,0,0,43,16.483631,4.839793
43.1331,44,ROTORCRAFT_STATUS,0,0,0,108,0,0,0,0,5,0,0,43,16.483631,4.839793
43.1531,44,ROTORCRAFT_STATUS,0,0,0,108,0,0,0,0,5,0,0,43,16.483631,4.839793
43.1731,44,ROTORCRAFT_STATUS,0,0,0,108,0,0,0,0,5,0,0,43,16.483631,4.839793
43.1931,44,ROTORCRAFT_STATUS,0,0,0,108,0,0,0,0,5,0,0,43,16.552725,4.887101
43.2131,44,ROTORCRAFT_STATUS,0,0,0,108,0,0,0,0,5,0,0,43,16.552725,4.887101
43.2331,44,ROTORCRAFT_STATUS,0,0,0,108,0,0,0,0,5,0,0,43,16.552725,4.887101
43.2531,44,ROTORCRAFT_STATUS,0,0,0,108,0,0,0,0,5,0,0,43,16.552725,4.887101
43.2731,44,ROTORCRAFT_STATUS,0,0,0,108,0,0,0,0,5,0,0,43,16.552725,4.887101
43.2931,44,ROTORCRAFT_STATUS,0,0,0,108,0,0,0,0,5,0,0,43,16.530102,4.875679
43.3131,44,ROTORCRAFT_STATUS,0,0,0,108,0,0,0,0,5,0,0,43,16.530102,4.875679
43.3331,44,ROTORCRAFT_STATUS,0,0,0,108,0,0,0,0,5,0,0,43,16.530102,4.875679
43.3531,44,ROTORCRAFT_STATUS,0,0,0,108,0,0,0,0,5,0,0,43,16.530102,4.875679
43.3731,44,ROTORCRAFT_STATUS,0,0,0,108,0,0,0,0,5,0,0,43,16.530102,4.875679
43.3931,44,ROTORCRAFT_STATUS,0,0,0,108,0,0,0,0,5,0,0,43,16.439606,4.827609
43.4131,44,ROTORCRAFT_STATUS,0,0,0,108,0,0,0,0,5,0,0,43,16.439606,4.827609
43.4331,44,ROTORCRAFT_STATUS,0,0,0,108,0,0,0,0,5,0,0,43,16.439606,4.827609
43.4531,44,ROTORCRAFT_STATUS,0,0,0,108,0,0,0,0,5,0,0,43,16.439606,4.827609
43.4731,44,ROTORCRAFT_STATUS,0,0,0,108,0,0,0,0,5,0,0,43,16.439606,4.827609
43.4931,44,ROTORCRAFT_STATUS,0,0,0,108,0,0,0,0,5,0,0,43,16.425543,4.828846
43.5131,44,ROTORCRAFT_STATUS,0,0,0,108,0,0,0,0,5,0,0,43,16.425543,4.828846
43.5331,44,ROTORCRAFT_STATUS,0,0,0,108,0,0,0,0,5,0,0,43,16.425543,4.828846
43.5531,44,ROTORCRAFT_STATUS,0,0,0,108,0,0,0,0,5,0,0,43,16.425543,4.828846
43.5731,44,ROTORCRAFT_STATUS,0,0,0,108,0,0,0,0,5,0,0,43,16.425543,4.828846
43.5931,44,ROTORCRAFT_STATUS,0,0,0,108,0,0,0,0,5,0,0,43,16.470179,4.839697
43.6131,44,ROTORCRAFT_STATUS,0,0,0,108,0,0,0,0,5,0,0,43,16.470179,4.839697
43.6331,44,ROTORCRAFT_STATUS,0,0,0,108,0,0,0,0,5,0,0,43,16.470179,4.839697
43.6531,44,ROTORCRAFT_STATUS,0,0,0,108,0,0,0,0,5,0,0,43,16.470179,4.839697
43.6731,44,ROTORCRAFT_STATUS,0,0,0,108,0,0,0,0,5,0,0,43,16.470179,4.839697
43.6931,44,ROTORCRAFT_STATUS,0,0,0,108,0,0,0,0,5,0,0,43,16.498306,4.867873
43.7131,44,ROTORCRAFT_STATUS,0,0,0,108,0,0,0,0,5,0,0,43,16.498306,4.867873
43.7331,44,ROTORCRAFT_STATUS,0,0,0,108,0,0,0,0,5,0,0,43,16.498306,4.867873
43.7531,44,ROTORCRAFT_STATUS,0,0,0,108,0,0,0,0,5,0,0,43,16.498306,4.867873
43.7731,44,ROTORCRAFT_STATUS,0,0,0,108,0,0,0,0,5,0,0,43,16.498306,4.867873
43.7931,44,ROTORCRAFT_STATUS,0,0,0,108,0,0,0,0,5,0,0,43,16.5246,4.87663
43.8131,44,ROTORCRAFT_STATUS,0,0,0,108,0,0,0,0,5,0,0,43,16.5246,4.87663
43.8331,44,ROTORCRAFT_STATUS,0,0,0,108,0,0,0,0,5,0,0,43,16.5246,4.87663
43.8531,44,ROTORCRAFT_STATUS,0,0,0,108,0,0,0,0,5,0,0,43,16.5246,4.87663
43.8731,44,ROTORCRAFT_STATUS,0,0,0,108,0,0,0,0,5,0,0,43,16.5246,4.87663
43.8931,44,ROTORCRAFT_STATUS,0,0,0,108,0,0,0,0,5,0,0,43,16.44572,4.829322
43.9131,44,ROTORCRAFT_STATUS,0,0,0,108,0,0,0,0,5,0,0,43,16.44572,4.829322
43.9331,44,ROTORCRAFT_STATUS,0,0,0,104,0,0,0,0,5,0,0,43,16.44572,4.829322
43.9531,44,ROTORCRAFT_STATUS,0,0,0,104,0,0,0,0,5,0,0,43,16.44572,4.829322
43.9731,44,ROTORCRAFT_STATUS,0,0,0,104,0,0,0,0,5,0,0,43,16.44572,4.829322
43.9931,44,ROTORCRAFT_STATUS,0,0,0,104,0,0,0,0,5,0,0,43,16.249443,4.732612
44.0131,44,ROTORCRAFT_STATUS,0,0,0,104,0,0,0,0,5,0,0,44,16.249443,4.732612
44.0331,44,ROTORCRAFT_STATUS,0,0,0,104,0,0,0,0,5,0,0,44,16.249443,4.732612
44.0531,44,ROTORCRAFT_STATUS,0,0,0,104,0,0,0,0,5,0,0,44,16.249443,4.732612
44.0731,44,ROTORCRAFT_STATUS,0,0,0,104,0,0,0,0,5,0,0,44,16.249443,4.732612
44.0931,44,ROTORCRAFT_STATUS,0,0,0,104,0,0,0,0,5,0,0,44,16.472013,4.828085
44.1131,44,ROTORCRAFT_STATUS,0,0,0,104,0,0,0,0,5,0,0,44,16.472013,4.828085
44.1331,44,ROTORCRAFT_STATUS,0,0,0,104,0,0,0,0,5,0,0,44,16.472013,4.828085
44.1531,44,ROTORCRAFT_STATUS,0,0,0,104,0,0,0,0,5,0,0,44,16.472013,4.828085
44.1731,44,ROTORCRAFT_STATUS,0,0,0,104,0,0,0,0,5,0,0,44,16.472013,4.828085
44.1931,44,ROTORCRAFT_STATUS,0,0,0,104,0,0,0,0,5,0,0,44,16.52521,4.874536
44.2131,44,ROTORCRAFT_STATUS,0,0,0,104,0,0,0,0,5,0,0,44,16.52521,4.874536
44.2331,44,ROTORCRAFT_STATUS,0,0,0,104,0,0,0,0,5,0,0,44,16.52521,4.874536
44.2531,44,ROTORCRAFT_STATUS,0,0,0,104,0,0,0,0,5,0,0,44,16.52521,4.874536
44.2731,44,ROTORCRAFT_STATUS,0,0,0,104,0,0,0,0,5,0,0,44,16.52521,4.874536
44.2931,44,ROTORCRAFT_STATUS,0,0,0,104,0,0,0,0,5,0,0,44,16.525822,4.872157
44.3131,44,ROTORCRAFT_STATUS,0,0,0,104,0,0,0,0,5,0,0,44,16.525822,4.872157
44.3331,44,ROTORCRAFT_STATUS,0,0,0,104,0,0,0,0,5,0,0,44,16.525822,4.872157
44.3531,44,ROTORCRAFT_STATUS,0,0,0,104,0,0,0,0,5,0,0,44,16.525822,4.872157
44.3731,44,ROTORCRAFT_STATUS,0,0,0,104,0,0,0,0,5,0,0,44,16.525822,4.872157
44.3931,44,ROTORCRAFT_STATUS,0,0,0,104,0,0,0,0,5,0,0,44,16.47079,4.840935
44.4131,44,ROTORCRAFT_STATUS,0,0,0,104,0,0,0,0,5,0,0,44,16.47079,4.840935
44.4331,44,ROTORCRAFT_STATUS,0,0,0,104,0,0,0,0,5,0,0,44,16.47079,4.840935
44.4531,44,ROTORCRAFT_STATUS,0,0,0,104,0,0,0,0,5,0,0,44,16.47079,4.840935
44.4731,44,ROTORCRAFT_STATUS,0,0,0,104,0,0,0,0,5,0,0,44,16.47079,4.840935
44.4931,44,ROTORCRAFT_STATUS,0,0,0,104,0,0,0,0,5,0,0,44,16.42432,4.812189
44.5131,44,ROTORCRAFT_STATUS,0,0,0,104,0,0,0,0,5,0,0,44,16.42432,4.812189
44.5331,44,ROTORCRAFT_STATUS,0,0,0,104,0,0,0,0,5,0,0,44,16.42432,4.812189
44.5531,44,ROTORCRAFT_STATUS,0,0,0,104,0,0,0,0,5,0,0,44,16.42432,4.812189
44.5731,44,ROTORCRAFT_STATUS,0,0,0,104,0,0,0,0,5,0,0,44,16.42432,4.812189
44.5931,44,ROTORCRAFT_STATUS,0,0,0,104,0,0,0,0,5,0,0,44,16.46651,4.84084
44.6131,44,ROTORCRAFT_STATUS,0,0,0,104,0,0,0,0,5,0,0,44,16.46651,4.84084
44.6331,44,ROTORCRAFT_STATUS,0,0,0,104,0,0,0,0,5,0,0,44,16.46651,4.84084
44.6531,44,ROTORCRAFT_STATUS,0,0,0,104,0,0,0,0,5,0,0,44,16.46651,4.84084
44.6731,44,ROTORCRAFT_STATUS,0,0,0,104,0,0,0,0,5,0,0,44,16.46651,4.84084
44.6931,44,ROTORCRAFT_STATUS,0,0,0,104,0,0,0,0,5,0,0,44,16.50809,4.878534
44.7131,44,ROTORCRAFT_STATUS,0,0,0,104,0,0,0,0,5,0,0,44,16.50809,4.878534
44.7331,44,ROTORCRAFT_STATUS,0,0,0,104,0,0,0,0,5,0,0,44,16.50809,4.878534
44.7531,44,ROTORCRAFT_STATUS,0,0,0,104,0,0,0,0,5,0,0,44,16.50809,4.878534
44.7731,44,ROTORCRAFT_STATUS,0,0,0,104,0,0,0,0,5,0,0,44,16.50809,4.878534
44.7931,44,ROTORCRAFT_STATUS,0,0,0,104,0,0,0,0,5,0,0,44,16.39497,4.830274
44.8131,44,ROTORCRAFT_STATUS,0,0,0,104,0,0,0,0,5,0,0,44,16.39497,4.830274
44.8331,44,ROTORCRAFT_STATUS,0,0,0,104,0,0,0,0,5,0,0,44,16.39497,4.830274
44.8531,44,ROTORCRAFT_STATUS,0,0,0,104,0,0,0,0,5,0,0,44,16.39497,4.830274
44.8731,44,ROTORCRAFT_STATUS,0,0,0,104,0,0,0,0,5,0,0,44,16.39497,4.830274
44.8931,44,ROTORCRAFT_STATUS,0,0,0,104,0,0,0,0,5,0,0,44,16.475681,4.842077
44.9131,44,ROTORCRAFT_STATUS,0,0,0,104,0,0,0,0,5,0,0,44,16.475681,4.842077
44.9331,44,ROTORCRAFT_STATUS,0,0,0,104,0,0,0,0,5,0,0,44,16.475681,4.842077
44.9531,44,ROTORCRAFT_STATUS,0,0,0,107,0,0,0,0,5,0,0,44,16.475681,4.842077
44.9731,44,ROTORCRAFT_STATUS,0,0,0,107,0,0,0,0,5,0,0,44,16.475681,4.842077
44.9931,44,ROTORCRAFT_STATUS,0,0,0,107,0,0,0,0,5,0,0,44,16.45428,4.833225
45.0131,44,ROTORCRAFT_STATUS,0,0,0,107,0,0,0,0,5,0,0,45,16.45428,4.833225
45.0331,44,ROTORCRAFT_STATUS,0,0,0,107,0,0,0,0,5,0,0,45,16.45428,4.833225
45.0531,44,ROTORCRAFT_STATUS,0,0,0,107,0,0,0,0,5,0,0,45,16.45428,4.833225
45.0731,44,ROTORCRAFT_STATUS,0,0,0,107,0,0,0,0,5,0,0,45,16.45428,4.833225
45.0931,44,ROTORCRAFT_STATUS,0,0,0,107,0,0,0,0,5,0,0,45,16.45795,4.822849
45.1131,44,ROTORCRAFT_STATUS,0,0,0,107,0,0,0,0,5,0,0,45,16.45795,4.822849
45.1331,44,ROTORCRAFT_STATUS,0,0,0,107,0,0,0,0,5,0,0,45,16.45795,4.822849
45.1531,44,ROTORCRAFT_STATUS,0,0,0,107,0,0,0,0,5,0,0,45,16.45795,4.822849
45.1731,44,ROTORCRAFT_STATUS,0,0,0,107,0,0,0,0,5,0,0,45,16.45795,4.822849
45.1931,44,ROTORCRAFT_STATUS,0,0,0,107,0,0,0,0,5,0,0,45,16.298359,4.759359
45.2131,44,ROTORCRAFT_STATUS,0,0,0,107,0,0,0,0,5,0,0,45,16.298359,4.759359
45.2331,44,ROTORCRAFT_STATUS,0,0,0,107,0,0,0,0,5,0,0,45,16.298359,4.759359
45.2531,44,ROTORCRAFT_STATUS,0,0,0,107,0,0,0,0,5,0,0,45,16.298359,4.759359
45.2731,44,ROTORCRAFT_STATUS,0,0,0,107,0,0,0,0,5,0,0,45,16.298359,4.759359
45.2931,44,ROTORCRAFT_STATUS,0,0,0,107,0,0,0,0,5,0,0,45,16.549057,4.881961
45.3131,44,ROTORCRAFT_STATUS,0,0,0,107,0,0,0,0,5,0,0,45,16.549057,4.881961
45.3331,44,ROTORCRAFT_STATUS,0,0,0,107,0,0,0,0,5,0,0,45,16.549057,4.881961
45.3531,44,ROTORCRAFT_STATUS,0,0,0,107,0,0,0,0,5,0,0,45,16.549057,4.881961
45.3731,44,ROTORCRAFT_STATUS,0,0,0,107,0,0,0,0,5,0,0,45,16.549057,4.881961
45.3931,44,ROTORCRAFT_STATUS,0,0,0,107,0,0,0,0,5,0,0,45,16.405975,4.813712
45.4131,44,ROTORCRAFT_STATUS,0,0,0,107,0,0,0,0,5,0,0,45,16.405975,4.813712
45.4331,44,ROTORCRAFT_STATUS,0,0,0,107,0,0,0,0,5,0,0,45,16.405975,4.813712
45.4531,44,ROTORCRAFT_STATUS,0,0,0,107,0,0,0,0,5,0,0,45,16.405975,4.813712
45.4731,44,ROTORCRAFT_STATUS,0,0,0,107,0,0,0,0,5,0,0,45,16.405975,4.813712
45.4931,44,ROTORCRAFT_STATUS,0,0,0,107,0,0,0,0,5,0,0,45,16.443275,4.823896
45.5131,44,ROTORCRAFT_STATUS,0,0,0,107,0,0,0,0,5,0,0,45,16.443275,4.823896
45.5331,44,ROTORCRAFT_STATUS,0,0,0,107,0,0,0,0,5,0,0,45,16.443275,4.823896
45.5531,44,ROTORCRAFT_STATUS,0,0,0,107,0,0,0,0,5,0,0,45,16.443275,4.823896
45.5731,44,ROTORCRAFT_STATUS,0,0,0,107,0,0,0,0,5,0,0,45,16.443275,4.823896
45.5931,44,ROTORCRAFT_STATUS,0,0,0,107,0,0,0,0,5,0,0,45,16.454893,4.829132
45.6131,44,ROTORCRAFT_STATUS,0,0,0,107,0,0,0,0,5,0,0,45,16.454893,4.829132
45.6331,44,ROTORCRAFT_STATUS,0,0,0,107,0,0,0,0,5,0,0,45,16.454893,4.829132
45.6531,44,ROTORCRAFT_STATUS,0,0,0,107,0,0,0,0,5,0,0,45,16.454893,4.829132
45.6731,44,ROTORCRAFT_STATUS,0,0,0,107,0,0,0,0,5,0,0,45,16.454893,4.829132
45.6931,44,ROTORCRAFT_STATUS,0,0,0,107,0,0,0,0,5,0,0,45,16.442663,4.865684
45.7131,44,ROTORCRAFT_STATUS,0,0,0,107,0,0,0,0,5,0,0,45,16.442663,4.865684
45.7331,44,ROTORCRAFT_STATUS,0,0,0,107,0,0,0,0,5,0,0,45,16.442663,4.865684
45.7531,44,ROTORCRAFT_STATUS,0,0,0,107,0,0,0,0,5,0,0,45,16.442663,4.865684
45.7731,44,ROTORCRAFT_STATUS,0,0,0,107,0,0,0,0,5,0,0,45,16.442663,4.865684
45.7931,44,ROTORCRAFT_STATUS,0,0,0,107,0,0,0,0,5,0,0,45,16.547834,4.883674
45.8131,44,ROTORCRAFT_STATUS,0,0,0,107,0,0,0,0,5,0,0,45,16.547834,4.883674
45.8331,44,ROTORCRAFT_STATUS,0,0,0,107,0,0,0,0,5,0,0,45,16.547834,4.883674
45.8531,44,ROTORCRAFT_STATUS,0,0,0,107,0,0,0,0,5,0,0,45,16.547834,4.883674
45.8731,44,ROTORCRAFT_STATUS,0,0,0,107,0,0,0,0,5,0,0,45,16.547834,4.883674
45.8931,44,ROTORCRAFT_STATUS,0,0,0,107,0,0,0,0,5,0,0,45,16.443275,4.827894
45.9131,44,ROTORCRAFT_STATUS,0,0,0,107,0,0,0,0,5,0,0,45,16.443275,4.827894
45.9331,44,ROTORCRAFT_STATUS,0,0,0,107,0,0,0,0,5,0,0,45,16.443275,4.827894
45.9531,44,ROTORCRAFT_STATUS,0,0,0,107,0,0,0,0,5,0,0,45,16.443275,4.827894
45.9731,44,ROTORCRAFT_STATUS,0,0,0,102,0,0,0,0,5,0,0,45,16.443275,4.827894
45.9931,44,ROTORCRAFT_STATUS,0,0,0,102,0,0,0,0,5,0,0,45,16.440828,4.829037
46.0131,44,ROTORCRAFT_STATUS,0,0,0,102,0,0,0,0,5,0,0,46,16.440828,4.829037
46.0331,44,ROTORCRAFT_STATUS,0,0,0,102,0,0,0,0,5,0,0,46,16.440828,4.829037
46.0531,44,ROTORCRAFT_STATUS,0,0,0,102,0,0,0,0,5,0,0,46,16.440828,4.829037
46.0731,44,ROTORCRAFT_STATUS,0,0,0,102,0,0,0,0,5,0,0,46,16.440828,4.829037
46.0931,44,ROTORCRAFT_STATUS,0,0,0,102,0,0,0,0,5,0,0,46,16.468956,4.838365
46.1131,44,ROTORCRAFT_STATUS,0,0,0,102,0,0,0,0,5,0,0,46,16.468956,4.838365
46.1331,44,ROTORCRAFT_STATUS,0,0,0,102,0,0,0,0,5,0,0,46,16.468956,4.838365
46.1531,44,ROTORCRAFT_STATUS,0,0,0,102,0,0,0,0,5,0,0,46,16.468956,4.838365
46.1731,44,ROTORCRAFT_STATUS,0,0,0,102,0,0,0,0,5,0,0,46,16.468956,4.838365
46.1931,44,ROTORCRAFT_STATUS,0,0,0,102,0,0,0,0,5,0,0,46,16.359505,4.808381
46.2131,44,ROTORCRAFT_STATUS,0,0,0,102,0,0,0,0,5,0,0,46,16.359505,4.808381
46.2331,44,ROTORCRAFT_STATUS,0,0,0,102,0,0,0,0,5,0,0,46,16.359505,4.808381
46.2531,44,ROTORCRAFT_STATUS,0,0,0,102,0,0,0,0,5,0,0,46,16.359505,4.808381
46.2731,44,ROTORCRAFT_STATUS,0,0,0,102,0,0,0,0,5,0,0,46,16.359505,4.808381
46.2931,44,ROTORCRAFT_STATUS,0,0,0,102,0,0,0,0,5,0,0,46,16.52888,4.877392
46.3131,44,ROTORCRAFT_STATUS,0,0,0,102,0,0,0,0,5,0,0,46,16.52888,4.877392
46.3331,44,ROTORCRAFT_STATUS,0,0,0,102,0,0,0,0,5,0,0,46,16.52888,4.877392
46.3531,44,ROTORCRAFT_STATUS,0,0,0,102,0,0,0,0,5,0,0,46,16.52888,4.877392
46.3731,44,ROTORCRAFT_STATUS,0,0,0,102,0,0,0,0,5,0,0,46,16.52888,4.877392
46.3931,44,ROTORCRAFT_STATUS,0,0,0,102,0,0,0,0,5,0,0,46,16.446943,4.831797
46.4131,44,ROTORCRAFT_STATUS,0,0,0,102,0,0,0,0,5,0,0,46,16.446943,4.831797
46.4331,44,ROTORCRAFT_STATUS,0,0,0,102,0,0,0,0,5,0,0,46,16.446943,4.831797
46.4531,44,ROTORCRAFT_STATUS,0,0,0,102,0,0,0,0,5,0,0,46,16.446943,4.831797
46.4731,44,ROTORCRAFT_STATUS,0,0,0,102,0,0,0,0,5,0,0,46,16.446943,4.831797
46.4931,44,ROTORCRAFT_STATUS,0,0,0,102,0,0,0,0,5,0,0,46,16.267176,4.732802
46.5131,44,ROTORCRAFT_STATUS,0,0,0,102,0,0,0,0,5,0,0,46,16.267176,4.732802
46.5331,44,ROTORCRAFT_STATUS,0,0,0,102,0,0,0,0,5,0,0,46,16.267176,4.732802
46.5531,44,ROTORCRAFT_STATUS,0,0,0,102,0,0,0,0,5,0,0,46,16.267176,4.732802
46.5731,44,ROTORCRAFT_STATUS,0,0,0,102,0,0,0,0,5,0,0,46,16.267176,4.732802
46.5931,44,ROTORCRAFT_STATUS,0,0,0,102,0,0,0,0,5,0,0,46,16.486689,4.844838
46.6131,44,ROTORCRAFT_STATUS,0,0,0,102,0,0,0,0,5,0,0,46,16.486689,4.844838
46.6331,44,ROTORCRAFT_STATUS,0,0,0,102,0,0,0,0,5,0,0,46,16.486689,4.844838
46.6531,44,ROTORCRAFT_STATUS,0,0,0,102,0,0,0,0,5,0,0,46,16.486689,4.844838
46.6731,44,ROTORCRAFT_STATUS,0,0,0,102,0,0,0,0,5,0,0,46,16.486689,4.844838
46.6931,44,ROTORCRAFT_STATUS,0,0,0,102,0,0,0,0,5,0,0,46,16.566177,4.868349
46.7131,44,ROTORCRAFT_STATUS,0,0,0,102,0,0,0,0,5,0,0,46,16.566177,4.868349
46.7331,44,ROTORCRAFT_STATUS,0,0,0,102,0,0,0,0,5,0,0,46,16.566177,4.868349
46.7531,44,ROTORCRAFT_STATUS,0,0,0,102,0,0,0,0,5,0,0,46,16.566177,4.868349
46.7731,44,ROTORCRAFT_STATUS,0,0,0,102,0,0,0,0,5,0,0,46,16.566177,4.868349
46.7931,44,ROTORCRAFT_STATUS,0,0,0,102,0,0,0,0,5,0,0,46,16.527044,4.873489
46.8131,44,ROTORCRAFT_STATUS,0,0,0,102,0,0,0,0,5,0,0,46,16.527044,4.873489
46.8331,44,ROTORCRAFT_STATUS,0,0,0,102,0,0,0,0,5,0,0,46,16.527044,4.873489
46.8531,44,ROTORCRAFT_STATUS,0,0,0,102,0,0,0,0,5,0,0,46,16.527044,4.873489
46.8731,44,ROTORCRAFT_STATUS,0,0,0,102,0,0,0,0,5,0,0,46,16.527044,4.873489
46.8931,44,ROTORCRAFT_STATUS,0,0,0,102,0,0,0,0,5,0,0,46,16.451836,4.830369
46.9131,44,ROTORCRAFT_STATUS,0,0,0,102,0,0,0,0,5,0,0,46,16.451836,4.830369
46.9331,44,ROTORCRAFT_STATUS,0,0,0,102,0,0,0,0,5,0,0,46,16.451836,4.830369
46.9531,44,ROTORCRAFT_STATUS,0,0,0,102,0,0,0,0,5,0,0,46,16.451836,4.830369
46.9731,44,ROTORCRAFT_STATUS,0,0,0,102,0,0,0,0,5,0,0,46,16.451836,4.830369
46.9931,44,ROTORCRAFT_STATUS,0,0,0,98,0,0,0,0,5,0,0,46,16.24394,4.720333
47.0131,44,ROTORCRAFT_STATUS,0,0,0,98,0,0,0,0,5,0,0,47,16.24394,4.720333
47.0331,44,ROTORCRAFT_STATUS,0,0,0,98,0,0,0,0,5,0,0,47,16.24394,4.720333
47.0531,44,ROTORCRAFT_STATUS,0,0,0,98,0,0,0,0,5,0,0,47,16.24394,4.720333
47.0731,44,ROTORCRAFT_STATUS,0,0,0,98,0,0,0,0,5,0,0,47,16.24394,4.720333
47.0931,44,ROTORCRAFT_STATUS,0,0,0,98,0,0,0,0,5,0,0,47,16.467733,4.830179
47.1131,44,ROTORCRAFT_STATUS,0,0,0,98,0,0,0,0,5,0,0,47,16.467733,4.830179
47.1331,44,ROTORCRAFT_STATUS,0,0,0,98,0,0,0,0,5,0,0,47,16.467733,4.830179
47.1531,44,ROTORCRAFT_STATUS,0,0,0,98,0,0,0,0,5,0,0,47,16.467733,4.830179
47.1731,44,ROTORCRAFT_STATUS,0,0,0,98,0,0,0,0,5,0,0,47,16.467733,4.830179
47.1931,44,ROTORCRAFT_STATUS,0,0,0,98,0,0,0,0,5,0,0,47,16.523375,4.873108
47.2131,44,ROTORCRAFT_STATUS,0,0,0,98,0,0,0,0,5,0,0,47,16.523375,4.873108
47.2331,44,ROTORCRAFT_STATUS,0,0,0,98,0,0,0,0,5,0,0,47,16.523375,4.873108
47.2531,44,ROTORCRAFT_STATUS,0,0,0,98,0,0,0,0,5,0,0,47,16.523375,4.873108
47.2731,44,ROTORCRAFT_STATUS,0,0,0,98,0,0,0,0,5,0,0,47,16.523375,4.873108
47.2931,44,ROTORCRAFT_STATUS,0,0,0,98,0,0,0,0,5,0,0,47,16.519094,4.873013
47.3131,44,ROTORCRAFT_STATUS,0,0,0,98,0,0,0,0,5,0,0,47,16.519094,4.873013
47.3331,44,ROTORCRAFT_STATUS,0,0,0,98,0,0,0,0,5,0,0,47,16.519094,4.873013
47.3531,44,ROTORCRAFT_STATUS,0,0,0,98,0,0,0,0,5,0,0,47,16.519094,4.873013
47.3731,44,ROTORCRAFT_STATUS,0,0,0,98,0,0,0,0,5,0,0,47,16.519094,4.873013
47.3931,44,ROTORCRAFT_STATUS,0,0,0,98,0,0,0,0,5,0,0,47,16.460396,4.836842
47.4131,44,ROTORCRAFT_STATUS,0,0,0,98,0,0,0,0,5,0,0,47,16.460396,4.836842
47.4331,44,ROTORCRAFT_STATUS,0,0,0,98,0,0,0,0,5,0,0,47,16.460396,4.836842
47.4531,44,ROTORCRAFT_STATUS,0,0,0,98,0,0,0,0,5,0,0,47,16.460396,4.836842
47.4731,44,ROTORCRAFT_STATUS,0,0,0,98,0,0,0,0,5,0,0,47,16.460396,4.836842
47.4931,44,ROTORCRAFT_STATUS,0,0,0,98,0,0,0,0,5,0,0,47,16.23599,4.733278
47.5131,44,ROTORCRAFT_STATUS,0,0,0,98,0,0,0,0,5,0,0,47,16.23599,4.733278
47.5331,44,ROTORCRAFT_STATUS,0,0,0,98,0,0,0,0,5,0,0,47,16.23599,4.733278
47.5531,44,ROTORCRAFT_STATUS,0,0,0,98,0,0,0,0,5,0,0,47,16.23599,4.733278
47.5731,44,ROTORCRAFT_STATUS,0,0,0,98,0,0,0,0,5,0,0,47,16.23599,4.733278
47.5931,44,ROTORCRAFT_STATUS,0,0,0,98,0,0,0,0,5,0,0,47,16.456116,4.831226
47.6131,44,ROTORCRAFT_STATUS,0,0,0,98,0,0,0,0,5,0,0,47,16.456116,4.831226
47.6331,44,ROTORCRAFT_STATUS,0,0,0,98,0,0,0,0,5,0,0,47,16.456116,4.831226
47.6531,44,ROTORCRAFT_STATUS,0,0,0,98,0,0,0,0,5,0,0,47,16.456116,4.831226
47.6731,44,ROTORCRAFT_STATUS,0,0,0,98,0,0,0,0,5,0,0,47,16.456116,4.831226
47.6931,44,ROTORCRAFT_STATUS,0,0,0,98,0,0,0,0,5,0,0,47,16.545387,4.875107
47.7131,44,ROTORCRAFT_STATUS,0,0,0,98,0,0,0,0,5,0,0,47,16.545387,4.875107
47.7331,44,ROTORCRAFT_STATUS,0,0,0,98,0,0,0,0,5,0,0,47,16.545387,4.875107
47.7531,44,ROTORCRAFT_STATUS,0,0,0,98,0,0,0,0,5,0,0,47,16.545387,4.875107
47.7731,44,ROTORCRAFT_STATUS,0,0,0,98,0,0,0,0,5,0,0,47,16.545387,4.875107
47.7931,44,ROTORCRAFT_STATUS,0,0,0,98,0,0,0,0,5,0,0,47,16.552114,4.885483
47.8131,44,ROTORCRAFT_STATUS,0,0,0,98,0,0,0,0,5,0,0,47,16.552114,4.885483
47.8331,44,ROTORCRAFT_STATUS,0,0,0,98,0,0,0,0,5,0,0,47,16.552114,4.885483
47.8531,44,ROTORCRAFT_STATUS,0,0,0,98,0,0,0,0,5,0,0,47,16.552114,4.885483
47.8731,44,ROTORCRAFT_STATUS,0,0,0,98,0,0,0,0,5,0,0,47,16.552114,4.885483
47.8931,44,ROTORCRAFT_STATUS,0,0,0,98,0,0,0,0,5,0,0,47,16.267786,4.727376
47.9131,44,ROTORCRAFT_STATUS,0,0,0,98,0,0,0,0,5,0,0,47,16.267786,4.727376
47.9331,44,ROTORCRAFT_STATUS,0,0,0,98,0,0,0,0,5,0,0,47,16.267786,4.727376
47.9531,44,ROTORCRAFT_STATUS,0,0,0,98,0,0,0,0,5,0,0,47,16.267786,4.727376
47.9731,44,ROTORCRAFT_STATUS,0,0,0,98,0,0,0,0,5,0,0,47,16.267786,4.727376
47.9931,44,ROTORCRAFT_STATUS,0,0,0,98,0,0,0,0,5,0,0,47,16.44572,4.830084
48.0131,44,ROTORCRAFT_STATUS,0,0,0,97,0,0,0,0,5,0,0,48,16.44572,4.830084
48.0331,44,ROTORCRAFT_STATUS,0,0,0,97,0,0,0,0,5,0,0,48,16.44572,4.830084
48.0531,44,ROTORCRAFT_STATUS,0,0,0,97,0,0,0,0,5,0,0,48,16.44572,4.830084
48.0731,44,ROTORCRAFT_STATUS,0,0,0,97,0,0,0,0,5,0,0,48,16.44572,4.830084
48.0931,44,ROTORCRAFT_STATUS,0,0,0,97,0,0,0,0,5,0,0,48,16.46223,4.835414
48.1131,44,ROTORCRAFT_STATUS,0,0,0,97,0,0,0,0,5,0,0,48,16.46223,4.835414
48.1331,44,ROTORCRAFT_STATUS,0,0,0,97,0,0,0,0,5,0,0,48,16.46223,4.835414
48.1531,44,ROTORCRAFT_STATUS,0,0,0,97,0,0,0,0,5,0,0,48,16.46223,4.835414
48.1731,44,ROTORCRAFT_STATUS,0,0,0,97,0,0,0,0,5,0,0,48,16.46223,4.835414
48.1931,44,ROTORCRAFT_STATUS,0,0,0,97,0,0,0,0,5,0,0,48,16.460396,4.822849
48.2131,44,ROTORCRAFT_STATUS,0,0,0,97,0,0,0,0,5,0,0,48,16.460396,4.822849
48.2331,44,ROTORCRAFT_STATUS,0,0,0,97,0,0,0,0,5,0,0,48,16.460396,4.822849
48.2531,44,ROTORCRAFT_STATUS,0,0,0,97,0,0,0,0,5,0,0,48,16.460396,4.822849
48.2731,44,ROTORCRAFT_STATUS,0,0,0,97,0,0,0,0,5,0,0,48,16.460396,4.822849
48.2931,44,ROTORCRAFT_STATUS,0,0,0,97,0,0,0,0,5,0,0,48,16.54661,4.885483
48.3131,44,ROTORCRAFT_STATUS,0,0,0,97,0,0,0,0,5,0,0,48,16.54661,4.885483
48.3331,44,ROTORCRAFT_STATUS,0,0,0,97,0,0,0,0,5,0,0,48,16.54661,4.885483
48.3531,44,ROTORCRAFT_STATUS,0,0,0,97,0,0,0,0,5,0,0,48,16.54661,4.885483
48.3731,44,ROTORCRAFT_STATUS,0,0,0,97,0,0,0,0,5,0,0,48,16.54661,4.885483
48.3931,44,ROTORCRAFT_STATUS,0,0,0,97,0,0,0,0,5,0,0,48,16.449389,4.827514
48.4131,44,ROTORCRAFT_STATUS,0,0,0,97,0,0,0,0,5,0,0,48,16.449389,4.827514
48.4331,44,ROTORCRAFT_STATUS,0,0,0,97,0,0,0,0,5,0,0,48,16.449389,4.827514
48.4531,44,ROTORCRAFT_STATUS,0,0,0,97,0,0,0,0,5,0,0,48,16.449389,4.827514
48.4731,44,ROTORCRAFT_STATUS,0,0,0,97,0,0,0,0,5,0,0,48,16.449389,4.827514
48.4931,44,ROTORCRAFT_STATUS,0,0,0,97,0,0,0,0,5,0,0,48,16.450613,4.831607
48.5131,44,ROTORCRAFT_STATUS,0,0,0,97,0,0,0,0,5,0,0,48,16.450613,4.831607
48.5331,44,ROTORCRAFT_STATUS,0,0,0,97,0,0,0,0,5,0,0,48,16.450613,4.831607
48.5531,44,ROTORCRAFT_STATUS,0,0,0,97,0,0,0,0,5,0,0,48,16.450613,4.831607
48.5731,44,ROTORCRAFT_STATUS,0,0,0,97,0,0,0,0,5,0,0,48,16.450613,4.831607
48.5931,44,ROTORCRAFT_STATUS,0,0,0,97,0,0,0,0,5,0,0,48,16.450613,4.832654
48.6131,44,ROTORCRAFT_STATUS,0,0,0,97,0,0,0,0,5,0,0,48,16.450613,4.832654
48.6331,44,ROTORCRAFT_STATUS,0,0,0,97,0,0,0,0,5,0,0,48,16.450613,4.832654
48.6531,44,ROTORCRAFT_STATUS,0,0,0,97,0,0,0,0,5,0,0,48,16.450613,4.832654
48.6731,44,ROTORCRAFT_STATUS,0,0,0,97,0,0,0,0,5,0,0,48,16.450613,4.832654
48.6931,44,ROTORCRAFT_STATUS,0,0,0,97,0,0,0,0,5,0,0,48,16.427378,4.797815
48.7131,44,ROTORCRAFT_STATUS,0,0,0,97,0,0,0,0,5,0,0,48,16.427378,4.797815
48.7331,44,ROTORCRAFT_STATUS,0,0,0,97,0,0,0,0,5,0,0,48,16.427378,4.797815
48.7531,44,ROTORCRAFT_STATUS,0,0,0,97,0,0,0,0,5,0,0,48,16.427378,4.797815
48.7731,44,ROTORCRAFT_STATUS,0,0,0,97,0,0,0,0,5,0,0,48,16.427378,4.797815
48.7931,44,ROTORCRAFT_STATUS,0,0,0,97,0,0,0,0,5,0,0,48,16.547834,4.886339
48.8131,44,ROTORCRAFT_STATUS,0,0,0,97,0,0,0,0,5,0,0,48,16.547834,4.886339
48.8331,44,ROTORCRAFT_STATUS,0,0,0,97,0,0,0,0,5,0,0,48,16.547834,4.886339
48.8531,44,ROTORCRAFT_STATUS,0,0,0,97,0,0,0,0,5,0,0,48,16.547834,4.886339
48.8731,44,ROTORCRAFT_STATUS,0,0,0,97,0,0,0,0,5,0,0,48,16.547834,4.886339
48.8931,44,ROTORCRAFT_STATUS,0,0,0,97,0,0,0,0,5,0,0,48,16.456116,4.827609
48.9131,44,ROTORCRAFT_STATUS,0,0,0,97,0,0,0,0,5,0,0,48,16.456116,4.827609
48.9331,44,ROTORCRAFT_STATUS,0,0,0,97,0,0,0,0,5,0,0,48,16.456116,4.827609
48.9531,44,ROTORCRAFT_STATUS,0,0,0,97,0,0,0,0,5,0,0,48,16.456116,4.827609
48.9731,44,ROTORCRAFT_STATUS,0,0,0,97,0,0,0,0,5,0,0,48,16.456116,4.827609
48.9931,44,ROTORCRAFT_STATUS,0,0,0,97,0,0,0,0,5,0,0,48,16.44572,4.828846
49.0131,44,ROTORCRAFT_STATUS,0,0,0,97,0,0,0,0,5,0,0,49,16.44572,4.828846
49.0331,44,ROTORCRAFT_STATUS,0,0,0,103,0,0,0,0,5,0,0,49,16.44572,4.828846
49.0531,44,ROTORCRAFT_STATUS,0,0,0,103,0,0,0,0,5,0,0,49,16.44572,4.828846
49.0731,44,ROTORCRAFT_STATUS,0,0,0,103,0,0,0,0,5,0,0,49,16.44572,4.828846
49.0931,44,ROTORCRAFT_STATUS,0,0,0,103,0,0,0,0,5,0,0,49,16.479351,4.844076
49.1131,44,ROTORCRAFT_STATUS,0,0,0,103,0,0,0,0,5,0,0,49,16.479351,4.844076
49.1331,44,ROTORCRAFT_STATUS,0,0,0,103,0,0,0,0,5,0,0,49,16.479351,4.844076
49.1531,44,ROTORCRAFT_STATUS,0,0,0,103,0,0,0,0,5,0,0,49,16.479351,4.844076
49.1731,44,ROTORCRAFT_STATUS,0,0,0,103,0,0,0,0,5,0,0,49,16.479351,4.844076
49.1931,44,ROTORCRAFT_STATUS,0,0,0,103,0,0,0,0,5,0,0,49,16.517262,4.853309
49.2131,44,ROTORCRAFT_STATUS,0,0,0,103,0,0,0,0,5,0,0,49,16.517262,4.853309
49.2331,44,ROTORCRAFT_STATUS,0,0,0,103,0,0,0,0,5,0,0,49,16.517262,4.853309
49.2531,44,ROTORCRAFT_STATUS,0,0,0,103,0,0,0,0,5,0,0,49,16.517262,4.853309
49.2731,44,ROTORCRAFT_STATUS,0,0,0,103,0,0,0,0,5,0,0,49,16.517262,4.853309
49.2931,44,ROTORCRAFT_STATUS,0,0,0,103,0,0,0,0,5,0,0,49,16.478128,4.860829
49.3131,44,ROTORCRAFT_STATUS,0,0,0,103,0,0,0,0,5,0,0,49,16.478128,4.860829
49.3331,44,ROTORCRAFT_STATUS,0,0,0,103,0,0,0,0,5,0,0,49,16.478128,4.860829
49.3531,44,ROTORCRAFT_STATUS,0,0,0,103,0,0,0,0,5,0,0,49,16.478128,4.860829
49.3731,44,ROTORCRAFT_STATUS,0,0,0,103,0,0,0,0,5,0,0,49,16.478128,4.860829
49.3931,44,ROTORCRAFT_STATUS,0,0,0,103,0,0,0,0,5,0,0,49,16.432268,4.824468
49.4131,44,ROTORCRAFT_STATUS,0,0,0,103,0,0,0,0,5,0,0,49,16.432268,4.824468
49.4331,44,ROTORCRAFT_STATUS,0,0,0,103,0,0,0,0,5,0,0,49,16.432268,4.824468
49.4531,44,ROTORCRAFT_STATUS,0,0,0,103,0,0,0,0,5,0,0,49,16.432268,4.824468
49.4731,44,ROTORCRAFT_STATUS,0,0,0,103,0,0,0,0,5,0,0,49,16.432268,4.824468
49.4931,44,ROTORCRAFT_STATUS,0,0,0,103,0,0,0,0,5,0,0,49,16.448166,4.823896
49.5131,44,ROTORCRAFT_STATUS,0,0,0,103,0,0,0,0,5,0,0,49,16.448166,4.823896
49.5331,44,ROTORCRAFT_STATUS,0,0,0,103,0,0,0,0,5,0,0,49,16.448166,4.823896
49.5531,44,ROTORCRAFT_STATUS,0,0,0,103,0,0,0,0,5,0,0,49,16.448166,4.823896
49.5731,44,ROTORCRAFT_STATUS,0,0,0,103,0,0,0,0,5,0,0,49,16.448166,4.823896
49.5931,44,ROTORCRAFT_STATUS,0,0,0,103,0,0,0,0,5,0,0,49,16.475681,4.838079
49.6131,44,ROTORCRAFT_STATUS,0,0,0,103,0,0,0,0,5,0,0,49,16.475681,4.838079
49.6331,44,ROTORCRAFT_STATUS,0,0,0,103,0,0,0,0,5,0,0,49,16.475681,4.838079
49.6531,44,ROTORCRAFT_STATUS,0,0,0,103,0,0,0,0,5,0,0,49,16.475681,4.838079
49.6731,44,ROTORCRAFT_STATUS,0,0,0,103,0,0,0,0,5,0,0,49,16.475681,4.838079
49.6931,44,ROTORCRAFT_STATUS,0,0,0,103,0,0,0,0,5,0,0,49,16.291634,4.765737
49.7131,44,ROTORCRAFT_STATUS,0,0,0,103,0,0,0,0,5,0,0,49,16.291634,4.765737
49.7331,44,ROTORCRAFT_STATUS,0,0,0,103,0,0,0,0,5,0,0,49,16.291634,4.765737
49.7531,44,ROTORCRAFT_STATUS,0,0,0,103,0,0,0,0,5,0,0,49,16.291634,4.765737
49.7731,44,ROTORCRAFT_STATUS,0,0,0,103,0,0,0,0,5,0,0,49,16.291634,4.765737
49.7931,44,ROTORCRAFT_STATUS,0,0,0,103,0,0,0,0,5,0,0,49,16.52093,4.874536
49.8131,44,ROTORCRAFT_STATUS,0,0,0,103,0,0,0,0,5,0,0,49,16.52093,4.874536
49.8331,44,ROTORCRAFT_STATUS,0,0,0,103,0,0,0,0,5,0,0,49,16.52093,4.874536
49.8531,44,ROTORCRAFT_STATUS,0,0,0,103,0,0,0,0,5,0,0,49,16.52093,4.874536
49.8731,44,ROTORCRAFT_STATUS,0,0,0,103,0,0,0,0,5,0,0,49,16.52093,4.874536
49.8931,44,ROTORCRAFT_STATUS,0,0,0,103,0,0,0,0,5,0,0,49,16.448166,4.828465
49.9131,44,ROTORCRAFT_STATUS,0,0,0,103,0,0,0,0,5,0,0,49,16.448166,4.828465
49.9331,44,ROTORCRAFT_STATUS,0,0,0,103,0,0,0,0,5,0,0,49,16.448166,4.828465
49.9531,44,ROTORCRAFT_STATUS,0,0,0,103,0,0,0,0,5,0,0,49,16.448166,4.828465
49.9731,44,ROTORCRAFT_STATUS,0,0,0,103,0,0,0,0,5,0,0,49,16.448166,4.828465
49.9931,44,ROTORCRAFT_STATUS,0,0,0,103,0,0,0,0,5,0,0,49,16.36562,4.771163
50.0131,44,ROTORCRAFT_STATUS,0,0,0,103,0,0,0,0,5,0,0,50,16.36562,4.771163
50.0331,44,ROTORCRAFT_STATUS,0,0,0,103,0,0,0,0,5,0,0,50,16.36562,4.771163
50.0531,44,ROTORCRAFT_STATUS,0,0,0,107,0,0,0,0,5,0,0,50,16.36562,4.771163
50.0731,44,ROTORCRAFT_STATUS,0,0,0,107,0,0,0,0,5,0,0,50,16.36562,4.771163
50.0931,44,ROTORCRAFT_STATUS,0,0,0,107,0,0,0,0,5,0,0,50,16.434103,4.825419
50.1131,44,ROTORCRAFT_STATUS,0,0,0,107,0,0,0,0,5,0,0,50,16.434103,4.825419
50.1331,44,ROTORCRAFT_STATUS,0,0,0,107,0,0,0,0,5,0,0,50,16.434103,4.825419
50.1531,44,ROTORCRAFT_STATUS,0,0,0,107,0,0,0,0,5,0,0,50,16.434103,4.825419
50.1731,44,ROTORCRAFT_STATUS,0,0,0,107,0,0,0,0,5,0,0,50,16.434103,4.825419
50.1931,44,ROTORCRAFT_STATUS,0,0,0,107,0,0,0,0,5,0,0,50,16.325874,4.764785
50.2131,44,ROTORCRAFT_STATUS,0,0,0,107,0,0,0,0,5,0,0,50,16.325874,4.764785
50.2331,44,ROTORCRAFT_STATUS,0,0,0,107,0,0,0,0,5,0,0,50,16.325874,4.764785
50.2531,44,ROTORCRAFT_STATUS,0,0,0,107,0,0,0,0,5,0,0,50,16.325874,4.764785
50.2731,44,ROTORCRAFT_STATUS,0,0,0,107,0,0,0,0,5,0,0,50,16.325874,4.764785
50.2931,44,ROTORCRAFT_STATUS,0,0,0,107,0,0,0,0,5,0,0,50,16.527044,4.876916
50.3131,44,ROTORCRAFT_STATUS,0,0,0,107,0,0,0,0,5,0,0,50,16.527044,4.876916
50.3331,44,ROTORCRAFT_STATUS,0,0,0,107,0,0,0,0,5,0,0,50,16.527044,4.876916
50.3531,44,ROTORCRAFT_STATUS,0,0,0,107,0,0,0,0,5,0,0,50,16.527044,4.876916
50.3731,44,ROTORCRAFT_STATUS,0,0,0,107,0,0,0,0,5,0,0,50,16.527044,4.876916
50.3931,44,ROTORCRAFT_STATUS,0,0,0,107,0,0,0,0,5,0,0,50,16.45856,4.838555
50.4131,44,ROTORCRAFT_STATUS,0,0,0,107,0,0,0,0,5,0,0,50,16.45856,4.838555
50.4331,44,ROTORCRAFT_STATUS,0,0,0,107,0,0,0,0,5,0,0,50,16.45856,4.838555
50.4531,44,ROTORCRAFT_STATUS,0,0,0,107,0,0,0,0,5,0,0,50,16.45856,4.838555
50.4731,44,ROTORCRAFT_STATUS,0,0,0,107,0,0,0,0,5,0,0,50,16.45856,4.838555
50.4931,44,ROTORCRAFT_STATUS,0,0,0,107,0,0,0,0,5,0,0,50,16.473848,4.832273
50.5131,44,ROTORCRAFT_STATUS,0,0,0,107,0,0,0,0,5,0,0,50,16.473848,4.832273
50.5331,44,ROTORCRAFT_STATUS,0,0,0,107,0,0,0,0,5,0,0,50,16.473848,4.832273
50.5531,44,ROTORCRAFT_STATUS,0,0,0,107,0,0,0,0,5,0,0,50,16.473848,4.832273
50.5731,44,ROTORCRAFT_STATUS,0,0,0,107,0,0,0,0,5,0,0,50,16.473848,4.832273
50.5931,44,ROTORCRAFT_STATUS,0,0,0,107,0,0,0,0,5,0,0,50,16.446943,4.82047
50.6131,44,ROTORCRAFT_STATUS,0,0,0,107,0,0,0,0,5,0,0,50,16.446943,4.82047
50.6331,44,ROTORCRAFT_STATUS,0,0,0,107,0,0,0,0,5,0,0,50,16.446943,4.82047
50.6531,44,ROTORCRAFT_STATUS,0,0,0,107,0,0,0,0,5,0,0,50,16.446943,4.82047
50.6731,44,ROTORCRAFT_STATUS,0,0,0,107,0,0,0,0,5,0,0,50,16.446943,4.82047
50.6931,44,ROTORCRAFT_STATUS,0,0,0,107,0,0,0,0,5,0,0,50,16.523375,4.877202
50.7131,44,ROTORCRAFT_STATUS,0,0,0,107,0,0,0,0,5,0,0,50,16.523375,4.877202
50.7331,44,ROTORCRAFT_STATUS,0,0,0,107,0,0,0,0,5,0,0,50,16.523375,4.877202
50.7531,44,ROTORCRAFT_STATUS,0,0,0,107,0,0,0,0,5,0,0,50,16.523375,4.877202
50.7731,44,ROTORCRAFT_STATUS,0,0,0,107,0,0,0,0,5,0,0,50,16.523375,4.877202
50.7931,44,ROTORCRAFT_STATUS,0,0,0,107,0,0,0,0,5,0,0,50,16.544165,4.89167
50.8131,44,ROTORCRAFT_STATUS,0,0,0,107,0,0,0,0,5,0,0,50,16.544165,4.89167
50.8331,44,ROTORCRAFT_STATUS,0,0,0,107,0,0,0,0,5,0,0,50,16.544165,4.89167
50.8531,44,ROTORCRAFT_STATUS,0,0,0,107,0,0,0,0,5,0,0,50,16.544165,4.89167
50.8731,44,ROTORCRAFT_STATUS,0,0,0,107,0,0,0,0,5,0,0,50,16.544165,4.89167
50.8931,44,ROTORCRAFT_STATUS,0,0,0,107,0,0,0,0,5,0,0,50,16.383963,4.777826
50.9131,44,ROTORCRAFT_STATUS,0,0,0,107,0,0,0,0,5,0,0,50,16.383963,4.777826
50.9331,44,ROTORCRAFT_STATUS,0,0,0,107,0,0,0,0,5,0,0,50,16.383963,4.777826
50.9531,44,ROTORCRAFT_STATUS,0,0,0,107,0,0,0,0,5,0,0,50,16.383963,4.777826
50.9731,44,ROTORCRAFT_STATUS,0,0,0,107,0,0,0,0,5,0,0,50,16.383963,4.777826
50.9931,44,ROTORCRAFT_STATUS,0,0,0,107,0,0,0,0,5,0,0,50,16.464064,4.838746
51.0131,44,ROTORCRAFT_STATUS,0,0,0,107,0,0,0,0,5,0,0,51,16.464064,4.838746
51.0331,44,ROTORCRAFT_STATUS,0,0,0,107,0,0,0,0,5,0,0,51,16.464064,4.838746
51.0531,44,ROTORCRAFT_STATUS,0,0,0,107,0,0,0,0,5,0,0,51,16.464064,4.838746
51.0731,44,ROTORCRAFT_STATUS,0,0,0,103,0,0,0,0,5,0,0,51,16.464064,4.838746
51.0931,44,ROTORCRAFT_STATUS,0,0,0,103,0,0,0,0,5,0,0,51,16.42065,4.83332
51.1131,44,ROTORCRAFT_STATUS,0,0,0,103,0,0,0,0,5,0,0,51,16.42065,4.83332
51.1331,44,ROTORCRAFT_STATUS,0,0,0,103,0,0,0,0,5,0,0,51,16.42065,4.83332
51.1531,44,ROTORCRAFT_STATUS,0,0,0,103,0,0,0,0,5,0,0,51,16.42065,4.83332
51.1731,44,ROTORCRAFT_STATUS,0,0,0,103,0,0,0,0,5,0,0,51,16.42065,4.83332
51.1931,44,ROTORCRAFT_STATUS,0,0,0,103,0,0,0,0,5,0,0,51,16.549667,4.888719
51.2131,44,ROTORCRAFT_STATUS,0,0,0,103,0,0,0,0,5,0,0,51,16.549667,4.888719
51.2331,44,ROTORCRAFT_STATUS,0,0,0,103,0,0,0,0,5,0,0,51,16.549667,4.888719
51.2531,44,ROTORCRAFT_STATUS,0,0,0,103,0,0,0,0,5,0,0,51,16.549667,4.888719
51.2731,44,ROTORCRAFT_STATUS,0,0,0,103,0,0,0,0,5,0,0,51,16.549667,4.888719
51.2931,44,ROTORCRAFT_STATUS,0,0,0,103,0,0,0,0,5,0,0,51,16.55456,4.889481
51.3131,44,ROTORCRAFT_STATUS,0,0,0,103,0,0,0,0,5,0,0,51,16.55456,4.889481
51.3331,44,ROTORCRAFT_STATUS,0,0,0,103,0,0,0,0,5,0,0,51,16.55456,4.889481
51.3531,44,ROTORCRAFT_STATUS,0,0,0,103,0,0,0,0,5,0,0,51,16.55456,4.889481
51.3731,44,ROTORCRAFT_STATUS,0,0,0,103,0,0,0,0,5,0,0,51,16.55456,4.889481
51.3931,44,ROTORCRAFT_STATUS,0,0,0,103,0,0,0,0,5,0,0,51,16.250055,4.722332
51.4131,44,ROTORCRAFT_STATUS,0,0,0,103,0,0,0,0,5,0,0,51,16.250055,4.722332
51.4331,44,ROTORCRAFT_STATUS,0,0,0,103,0,0,0,0,5,0,0,51,16.250055,4.722332
51.4531,44,ROTORCRAFT_STATUS,0,0,0,103,0,0,0,0,5,0,0,51,16.250055,4.722332
51.4731,44,ROTORCRAFT_STATUS,0,0,0,103,0,0,0,0,5,0,0,51,16.250055,4.722332
51.4931,44,ROTORCRAFT_STATUS,0,0,0,103,0,0,0,0,5,0,0,51,16.451223,4.831321
51.5131,44,ROTORCRAFT_STATUS,0,0,0,103,0,0,0,0,5,0,0,51,16.451223,4.831321
51.5331,44,ROTORCRAFT_STATUS,0,0,0,103,0,0,0,0,5,0,0,51,16.451223,4.831321
51.5531,44,ROTORCRAFT_STATUS,0,0,0,103,0,0,0,0,5,0,0,51,16.451223,4.831321
51.5731,44,ROTORCRAFT_STATUS,0,0,0,103,0,0,0,0,5,0,0,51,16.451223,4.831321
51.5931,44,ROTORCRAFT_STATUS,0,0,0,103,0,0,0,0,5,0,0,51,16.446943,4.82818
51.6131,44,ROTORCRAFT_STATUS,0,0,0,103,0,0,0,0,5,0,0,51,16.446943,4.82818
51.6331,44,ROTORCRAFT_STATUS,0,0,0,103,0,0,0,0,5,0,0,51,16.446943,4.82818
51.6531,44,ROTORCRAFT_STATUS,0,0,0,103,0,0,0,0,5,0,0,51,16.446943,4.82818
51.6731,44,ROTORCRAFT_STATUS,0,0,0,103,0,0,0,0,5,0,0,51,16.446943,4.82818
51.6931,44,ROTORCRAFT_STATUS,0,0,0,103,0,0,0,0,5,0,0,51,16.541107,4.882341
51.7131,44,ROTORCRAFT_STATUS,0,0,0,103,0,0,0,0,5,0,0,51,16.541107,4.882341
51.7331,44,ROTORCRAFT_STATUS,0,0,0,103,0,0,0,0,5,0,0,51,16.541107,4.882341
51.7531,44,ROTORCRAFT_STATUS,0,0,0,103,0,0,0,0,5,0,0,51,16.541107,4.882341
51.7731,44,ROTORCRAFT_STATUS,0,0,0,103,0,0,0,0,5,0,0,51,16.541107,4.882341
51.7931,44,ROTORCRAFT_STATUS,0,0,0,103,0,0,0,0,5,0,0,51,16.547834,4.88396
51.8131,44,ROTORCRAFT_STATUS,0,0,0,103,0,0,0,0,5,0,0,51,16.547834,4.88396
51.8331,44,ROTORCRAFT_STATUS,0,0,0,103,0,0,0,0,5,0,0,51,16.547834,4.88396
51.8531,44,ROTORCRAFT_STATUS,0,0,0,103,0,0,0,0,5,0,0,51,16.547834,4.88396
51.8731,44,ROTORCRAFT_STATUS,0,0,0,103,0,0,0,0,5,0,0,51,16.547834,4.88396
51.8931,44,ROTORCRAFT_STATUS,0,0,0,103,0,0,0,0,5,0,0,51,16.264118,4.715193
51.9131,44,ROTORCRAFT_STATUS,0,0,0,103,0,0,0,0,5,0,0,51,16.264118,4.715193
51.9331,44,ROTORCRAFT_STATUS,0,0,0,103,0,0,0,0,5,0,0,51,16.264118,4.715193
51.9531,44,ROTORCRAFT_STATUS,0,0,0,103,0,0,0,0,5,0,0,51,16.264118,4.715193
51.9731,44,ROTORCRAFT_STATUS,0,0,0,103,0,0,0,0,5,0,0,51,16.264118,4.715193
51.9931,44,ROTORCRAFT_STATUS,0,0,0,103,0,0,0,0,5,0,0,51,16.455503,4.832273
52.0131,44,ROTORCRAFT_STATUS,0,0,0,103,0,0,0,0,5,0,0,52,16.455503,4.832273
52.0331,44,ROTORCRAFT_STATUS,0,0,0,103,0,0,0,0,5,0,0,52,16.455503,4.832273
52.0531,44,ROTORCRAFT_STATUS,0,0,0,103,0,0,0,0,5,0,0,52,16.455503,4.832273
52.0731,44,ROTORCRAFT_STATUS,0,0,0,103,0,0,0,0,5,0,0,52,16.455503,4.832273
52.0931,44,ROTORCRAFT_STATUS,0,0,0,108,0,0,0,0,5,0,0,52,16.476294,4.843886
52.1131,44,ROTORCRAFT_STATUS,0,0,0,108,0,0,0,0,5,0,0,52,16.476294,4.843886
52.1331,44,ROTORCRAFT_STATUS,0,0,0,108,0,0,0,0,5,0,0,52,16.476294,4.843886
52.1531,44,ROTORCRAFT_STATUS,0,0,0,108,0,0,0,0,5,0,0,52,16.476294,4.843886
52.1731,44,ROTORCRAFT_STATUS,0,0,0,108,0,0,0,0,5,0,0,52,16.476294,4.843886
52.1931,44,ROTORCRAFT_STATUS,0,0,0,108,0,0,0,0,5,0,0,52,16.370512,4.774399
52.2131,44,ROTORCRAFT_STATUS,0,0,0,108,0,0,0,0,5,0,0,52,16.370512,4.774399
52.2331,44,ROTORCRAFT_STATUS,0,0,0,108,0,0,0,0,5,0,0,52,16.370512,4.774399
52.2531,44,ROTORCRAFT_STATUS,0,0,0,108,0,0,0,0,5,0,0,52,16.370512,4.774399
52.2731,44,ROTORCRAFT_STATUS,0,0,0,108,0,0,0,0,5,0,0,52,16.370512,4.774399
52.2931,44,ROTORCRAFT_STATUS,0,0,0,108,0,0,0,0,5,0,0,52,16.52888,4.878439
52.3131,44,ROTORCRAFT_STATUS,0,0,0,108,0,0,0,0,5,0,0,52,16.52888,4.878439
52.3331,44,ROTORCRAFT_STATUS,0,0,0,108,0,0,0,0,5,0,0,52,16.52888,4.878439
52.3531,44,ROTORCRAFT_STATUS,0,0,0,108,0,0,0,0,5,0,0,52,16.52888,4.878439
52.3731,44,ROTORCRAFT_STATUS,0,0,0,108,0,0,0,0,5,0,0,52,16.52888,4.878439
52.3931,44,ROTORCRAFT_STATUS,0,0,0,108,0,0,0,0,5,0,0,52,16.34055,4.756123
52.4131,44,ROTORCRAFT_STATUS,0,0,0,108,0,0,0,0,5,0,0,52,16.34055,4.756123
52.4331,44,ROTORCRAFT_STATUS,0,0,0,108,0,0,0,0,5,0,0,52,16.34055,4.756123
52.4531,44,ROTORCRAFT_STATUS,0,0,0,108,0,0,0,0,5,0,0,52,16.34055,4.756123
52.4731,44,ROTORCRAFT_STATUS,0,0,0,108,0,0,0,0,5,0,0,52,16.34055,4.756123
52.4931,44,ROTORCRAFT_STATUS,0,0,0,108,0,0,0,0,5,0,0,52,16.479961,4.846265
52.5131,44,ROTORCRAFT_STATUS,0,0,0,108,0,0,0,0,5,0,0,52,16.479961,4.846265
52.5331,44,ROTORCRAFT_STATUS,0,0,0,108,0,0,0,0,5,0,0,52,16.479961,4.846265
52.5531,44,ROTORCRAFT_STATUS,0,0,0,108,0,0,0,0,5,0,0,52,16.479961,4.846265
52.5731,44,ROTORCRAFT_STATUS,0,0,0,108,0,0,0,0,5,0,0,52,16.479961,4.846265
52.5931,44,ROTORCRAFT_STATUS,0,0,0,108,0,0,0,0,5,0,0,52,16.473848,4.841697
52.6131,44,ROTORCRAFT_STATUS,0,0,0,108,0,0,0,0,5,0,0,52,16.473848,4.841697
52.6331,44,ROTORCRAFT_STATUS,0,0,0,108,0,0,0,0,5,0,0,52,16.473848,4.841697
52.6531,44,ROTORCRAFT_STATUS,0,0,0,108,0,0,0,0,5,0,0,52,16.473848,4.841697
52.6731,44,ROTORCRAFT_STATUS,0,0,0,108,0,0,0,0,5,0,0,52,16.473848,4.841697
52.6931,44,ROTORCRAFT_STATUS,0,0,0,108,0,0,0,0,5,0,0,52,16.36134,4.769926
52.7131,44,ROTORCRAFT_STATUS,0,0,0,108,0,0,0,0,5,0,0,52,16.36134,4.769926
52.7331,44,ROTORCRAFT_STATUS,0,0,0,108,0,0,0,0,5,0,0,52,16.36134,4.769926
52.7531,44,ROTORCRAFT_STATUS,0,0,0,108,0,0,0,0,5,0,0,52,16.36134,4.769926
52.7731,44,ROTORCRAFT_STATUS,0,0,0,108,0,0,0,0,5,0,0,52,16.36134,4.769926
52.7931,44,ROTORCRAFT_STATUS,0,0,0,108,0,0,0,0,5,0,0,52,16.53377,4.876154
52.8131,44,ROTORCRAFT_STATUS,0,0,0,108,0,0,0,0,5,0,0,52,16.53377,4.876154
52.8331,44,ROTORCRAFT_STATUS,0,0,0,108,0,0,0,0,5,0,0,52,16.53377,4.876154
52.8531,44,ROTORCRAFT_STATUS,0,0,0,108,0,0,0,0,5,0,0,52,16.53377,4.876154
52.8731,44,ROTORCRAFT_STATUS,0,0,0,108,0,0,0,0,5,0,0,52,16.53377,4.876154
52.8931,44,ROTORCRAFT_STATUS,0,0,0,108,0,0,0,0,5,0,0,52,16.442663,4.828656
52.9131,44,ROTORCRAFT_STATUS,0,0,0,108,0,0,0,0,5,0,0,52,16.442663,4.828656
52.9331,44,ROTORCRAFT_STATUS,0,0,0,108,0,0,0,0,5,0,0,52,16.442663,4.828656
52.9531,44,ROTORCRAFT_STATUS,0,0,0,108,0,0,0,0,5,0,0,52,16.442663,4.828656
52.9731,44,ROTORCRAFT_STATUS,0,0,0,108,0,0,0,0,5,0,0,52,16.442663,4.828656
52.9931,44,ROTORCRAFT_STATUS,0,0,0,108,0,0,0,0,5,0,0,52,16.486689,4.844172
53.0131,44,ROTORCRAFT_STATUS,0,0,0,108,0,0,0,0,5,0,0,53,16.486689,4.844172
53.0331,44,ROTORCRAFT_STATUS,0,0,0,108,0,0,0,0,5,0,0,53,16.486689,4.844172
53.0531,44,ROTORCRAFT_STATUS,0,0,0,108,0,0,0,0,5,0,0,53,16.486689,4.844172
53.0731,44,ROTORCRAFT_STATUS,0,0,0,108,0,0,0,0,5,0,0,53,16.486689,4.844172
53.0931,44,ROTORCRAFT_STATUS,0,0,0,108,0,0,0,0,5,0,0,53,16.372957,4.819994
53.1131,44,ROTORCRAFT_STATUS,0,0,0,100,0,0,0,0,5,0,0,53,16.372957,4.819994
53.1331,44,ROTORCRAFT_STATUS,0,0,0,100,0,0,0,0,5,0,0,53,16.372957,4.819994
53.1531,44,ROTORCRAFT_STATUS,0,0,0,100,0,0,0,0,5,0,0,53,16.372957,4.819994
53.1731,44,ROTORCRAFT_STATUS,0,0,0,100,0,0,0,0,5,0,0,53,16.372957,4.819994
53.1931,44,ROTORCRAFT_STATUS,0,0,0,100,0,0,0,0,5,0,0,53,16.536827,4.876345
53.2131,44,ROTORCRAFT_STATUS,0,0,0,100,0,0,0,0,5,0,0,53,16.536827,4.876345
53.2331,44,ROTORCRAFT_STATUS,0,0,0,100,0,0,0,0,5,0,0,53,16.536827,4.876345
53.2531,44,ROTORCRAFT_STATUS,0,0,0,100,0,0,0,0,5,0,0,53,16.536827,4.876345
53.2731,44,ROTORCRAFT_STATUS,0,0,0,100,0,0,0,0,5,0,0,53,16.536827,4.876345
53.2931,44,ROTORCRAFT_STATUS,0,0,0,100,0,0,0,0,5,0,0,53,16.447556,4.823421
53.3131,44,ROTORCRAFT_STATUS,0,0,0,100,0,0,0,0,5,0,0,53,16.447556,4.823421
53.3331,44,ROTORCRAFT_STATUS,0,0,0,100,0,0,0,0,5,0,0,53,16.447556,4.823421
53.3531,44,ROTORCRAFT_STATUS,0,0,0,100,0,0,0,0,5,0,0,53,16.447556,4.823421
53.3731,44,ROTORCRAFT_STATUS,0,0,0,100,0,0,0,0,5,0,0,53,16.447556,4.823421
53.3931,44,ROTORCRAFT_STATUS,0,0,0,100,0,0,0,0,5,0,0,53,16.464676,4.838651
53.4131,44,ROTORCRAFT_STATUS,0,0,0,100,0,0,0,0,5,0,0,53,16.464676,4.838651
53.4331,44,ROTORCRAFT_STATUS,0,0,0,100,0,0,0,0,5,0,0,53,16.464676,4.838651
53.4531,44,ROTORCRAFT_STATUS,0,0,0,100,0,0,0,0,5,0,0,53,16.464676,4.838651
53.4731,44,ROTORCRAFT_STATUS,0,0,0,100,0,0,0,0,5,0,0,53,16.464676,4.838651
53.4931,44,ROTORCRAFT_STATUS,0,0,0,100,0,0,0,0,5,0,0,53,16.46651,4.84103
53.5131,44,ROTORCRAFT_STATUS,0,0,0,100,0,0,0,0,5,0,0,53,16.46651,4.84103
53.5331,44,ROTORCRAFT_STATUS,0,0,0,100,0,0,0,0,5,0,0,53,16.46651,4.84103
53.5531,44,ROTORCRAFT_STATUS,0,0,0,100,0,0,0,0,5,0,0,53,16.46651,4.84103
53.5731,44,ROTORCRAFT_STATUS,0,0,0,100,0,0,0,0,5,0,0,53,16.46651,4.84103
53.5931,44,ROTORCRAFT_STATUS,0,0,0,100,0,0,0,0,5,0,0,53,16.44144,4.831892
53.6131,44,ROTORCRAFT_STATUS,0,0,0,100,0,0,0,0,5,0,0,53,16.44144,4.831892
53.6331,44,ROTORCRAFT_STATUS,0,0,0,100,0,0,0,0,5,0,0,53,16.44144,4.831892
53.6531,44,ROTORCRAFT_STATUS,0,0,0,100,0,0,0,0,5,0,0,53,16.44144,4.831892
53.6731,44,ROTORCRAFT_STATUS,0,0,0,100,0,0,0,0,5,0,0,53,16.44144,4.831892
53.6931,44,ROTORCRAFT_STATUS,0,0,0,100,0,0,0,0,5,0,0,53,16.525822,4.874917
53.7131,44,ROTORCRAFT_STATUS,0,0,0,100,0,0,0,0,5,0,0,53,16.525822,4.874917
53.7331,44,ROTORCRAFT_STATUS,0,0,0,100,0,0,0,0,5,0,0,53,16.525822,4.874917
53.7531,44,ROTORCRAFT_STATUS,0,0,0,100,0,0,0,0,5,0,0,53,16.525822,4.874917
53.7731,44,ROTORCRAFT_STATUS,0,0,0,100,0,0,0,0,5,0,0,53,16.525822,4.874917
53.7931,44,ROTORCRAFT_STATUS,0,0,0,100,0,0,0,0,5,0,0,53,16.521542,4.876059
53.8131,44,ROTORCRAFT_STATUS,0,0,0,100,0,0,0,0,5,0,0,53,16.521542,4.876059
53.8331,44,ROTORCRAFT_STATUS,0,0,0,100,0,0,0,0,5,0,0,53,16.521542,4.876059
53.8531,44,ROTORCRAFT_STATUS,0,0,0,100,0,0,0,0,5,0,0,53,16.521542,4.876059
53.8731,44,ROTORCRAFT_STATUS,0,0,0,100,0,0,0,0,5,0,0,53,16.521542,4.876059
53.8931,44,ROTORCRAFT_STATUS,0,0,0,100,0,0,0,0,5,0,0,53,16.45856,4.836937
53.9131,44,ROTORCRAFT_STATUS,0,0,0,100,0,0,0,0,5,0,0,53,16.45856,4.836937
53.9331,44,ROTORCRAFT_STATUS,0,0,0,100,0,0,0,0,5,0,0,53,16.45856,4.836937
53.9531,44,ROTORCRAFT_STATUS,0,0,0,100,0,0,0,0,5,0,0,53,16.45856,4.836937
53.9731,44,ROTORCRAFT_STATUS,0,0,0,100,0,0,0,0,5,0,0,53,16.45856,4.836937
53.9931,44,ROTORCRAFT_STATUS,0,0,0,100,0,0,0,0,5,0,0,53,16.457338,4.832463
54.0131,44,ROTORCRAFT_STATUS,0,0,0,100,0,0,0,0,5,0,0,54,16.457338,4.832463
54.0331,44,ROTORCRAFT_STATUS,0,0,0,100,0,0,0,0,5,0,0,54,16.457338,4.832463
54.0531,44,ROTORCRAFT_STATUS,0,0,0,100,0,0,0,0,5,0,0,54,16.457338,4.832463
54.0731,44,ROTORCRAFT_STATUS,0,0,0,100,0,0,0,0,5,0,0,54,16.457338,4.832463
54.0931,44,ROTORCRAFT_STATUS,0,0,0,100,0,0,0,0,5,0,0,54,16.422485,4.807429
54.1131,44,ROTORCRAFT_STATUS,0,0,0,100,0,0,0,0,5,0,0,54,16.422485,4.807429
54.1331,44,ROTORCRAFT_STATUS,0,0,0,107,0,0,0,0,5,0,0,54,16.422485,4.807429
54.1531,44,ROTORCRAFT_STATUS,0,0,0,107,0,0,0,0,5,0,0,54,16.422485,4.807429
54.1731,44,ROTORCRAFT_STATUS,0,0,0,107,0,0,0,0,5,0,0,54,16.422485,4.807429
54.1931,44,ROTORCRAFT_STATUS,0,0,0,107,0,0,0,0,5,0,0,54,16.566177,4.893669
54.2131,44,ROTORCRAFT_STATUS,0,0,0,107,0,0,0,0,5,0,0,54,16.566177,4.893669
54.2331,44,ROTORCRAFT_STATUS,0,0,0,107,0,0,0,0,5,0,0,54,16.566177,4.893669
54.2531,44,ROTORCRAFT_STATUS,0,0,0,107,0,0,0,0,5,0,0,54,16.566177,4.893669
54.2731,44,ROTORCRAFT_STATUS,0,0,0,107,0,0,0,0,5,0,0,54,16.566177,4.893669
54.2931,44,ROTORCRAFT_STATUS,0,0,0,107,0,0,0,0,5,0,0,54,16.55884,4.891289
54.3131,44,ROTORCRAFT_STATUS,0,0,0,107,0,0,0,0,5,0,0,54,16.55884,4.891289
54.3331,44,ROTORCRAFT_STATUS,0,0,0,107,0,0,0,0,5,0,0,54,16.55884,4.891289
54.3531,44,ROTORCRAFT_STATUS,0,0,0,107,0,0,0,0,5,0,0,54,16.55884,4.891289
54.3731,44,ROTORCRAFT_STATUS,0,0,0,107,0,0,0,0,5,0,0,54,16.55884,4.891289
54.3931,44,ROTORCRAFT_STATUS,0,0,0,107,0,0,0,0,5,0,0,54,16.450613,4.829227
54.4131,44,ROTORCRAFT_STATUS,0,0,0,107,0,0,0,0,5,0,0,54,16.450613,4.829227
54.4331,44,ROTORCRAFT_STATUS,0,0,0,107,0,0,0,0,5,0,0,54,16.450613,4.829227
54.4531,44,ROTORCRAFT_STATUS,0,0,0,107,0,0,0,0,5,0,0,54,16.450613,4.829227
54.4731,44,ROTORCRAFT_STATUS,0,0,0,107,0,0,0,0,5,0,0,54,16.450613,4.829227
54.4931,44,ROTORCRAFT_STATUS,0,0,0,107,0,0,0,0,5,0,0,54,16.463453,4.837223
54.5131,44,ROTORCRAFT_STATUS,0,0,0,107,0,0,0,0,5,0,0,54,16.463453,4.837223
54.5331,44,ROTORCRAFT_STATUS,0,0,0,107,0,0,0,0,5,0,0,54,16.463453,4.837223
54.5531,44,ROTORCRAFT_STATUS,0,0,0,107,0,0,0,0,5,0,0,54,16.463453,4.837223
54.5731,44,ROTORCRAFT_STATUS,0,0,0,107,0,0,0,0,5,0,0,54,16.463453,4.837223
54.5931,44,ROTORCRAFT_STATUS,0,0,0,107,0,0,0,0,5,0,0,54,16.346054,4.747366
54.6131,44,ROTORCRAFT_STATUS,0,0,0,107,0,0,0,0,5,0,0,54,16.346054,4.747366
54.6331,44,ROTORCRAFT_STATUS,0,0,0,107,0,0,0,0,5,0,0,54,16.346054,4.747366
54.6531,44,ROTORCRAFT_STATUS,0,0,0,107,0,0,0,0,5,0,0,54,16.346054,4.747366
54.6731,44,ROTORCRAFT_STATUS,0,0,0,107,0,0,0,0,5,0,0,54,16.346054,4.747366
54.6931,44,ROTORCRAFT_STATUS,0,0,0,107,0,0,0,0,5,0,0,54,16.555782,4.89167
54.7131,44,ROTORCRAFT_STATUS,0,0,0,107,0,0,0,0,5,0,0,54,16.555782,4.89167
54.7331,44,ROTORCRAFT_STATUS,0,0,0,107,0,0,0,0,5,0,0,54,16.555782,4.89167
54.7531,44,ROTORCRAFT_STATUS,0,0,0,107,0,0,0,0,5,0,0,54,16.555782,4.89167
54.7731,44,ROTORCRAFT_STATUS,0,0,0,107,0,0,0,0,5,0,0,54,16.555782,4.89167
54.7931,44,ROTORCRAFT_STATUS,0,0,0,107,0,0,0,0,5,0,0,54,16.55456,4.88672
54.8131,44,ROTORCRAFT_STATUS,0,0,0,107,0,0,0,0,5,0,0,54,16.55456,4.88672
54.8331,44,ROTORCRAFT_STATUS,0,0,0,107,0,0,0,0,5,0,0,54,16.55456,4.88672
54.8531,44,ROTORCRAFT_STATUS,0,0,0,107,0,0,0,0,5,0,0,54,16.55456,4.88672
54.8731,44,ROTORCRAFT_STATUS,0,0,0,107,0,0,0,0,5,0,0,54,16.55456,4.88672
54.8931,44,ROTORCRAFT_STATUS,0,0,0,107,0,0,0,0,5,0,0,54,16.391912,4.826086
54.9131,44,ROTORCRAFT_STATUS,0,0,0,107,0,0,0,0,5,0,0,54,16.391912,4.826086
54.9331,44,ROTORCRAFT_STATUS,0,0,0,107,0,0,0,0,5,0,0,54,16.391912,4.826086
54.9531,44,ROTORCRAFT_STATUS,0,0,0,107,0,0,0,0,5,0,0,54,16.391912,4.826086
54.9731,44,ROTORCRAFT_STATUS,0,0,0,107,0,0,0,0,5,0,0,54,16.391912,4.826086
54.9931,44,ROTORCRAFT_STATUS,0,0,0,107,0,0,0,0,5,0,0,54,16.45856,4.833035
55.0131,44,ROTORCRAFT_STATUS,0,0,0,107,0,0,0,0,5,0,0,55,16.45856,4.833035
55.0331,44,ROTORCRAFT_STATUS,0,0,0,107,0,0,0,0,5,0,0,55,16.45856,4.833035
55.0531,44,ROTORCRAFT_STATUS,0,0,0,107,0,0,0,0,5,0,0,55,16.45856,4.833035
55.0731,44,ROTORCRAFT_STATUS,0,0,0,107,0,0,0,0,5,0,0,55,16.45856,4.833035
55.0931,44,ROTORCRAFT_STATUS,0,0,0,107,0,0,0,0,5,0,0,55,16.258003,4.729661
55.1131,44,ROTORCRAFT_STATUS,0,0,0,107,0,0,0,0,5,0,0,55,16.258003,4.729661
55.1331,44,ROTORCRAFT_STATUS,0,0,0,107,0,0,0,0,5,0,0,55,16.258003,4.729661
55.1531,44,ROTORCRAFT_STATUS,0,0,0,102,0,0,0,0,5,0,0,55,16.258003,4.729661
55.1731,44,ROTORCRAFT_STATUS,0,0,0,102,0,0,0,0,5,0,0,55,16.258003,4.729661
55.1931,44,ROTORCRAFT_STATUS,0,0,0,102,0,0,0,0,5,0,0,55,16.55884,4.888719
55.2131,44,ROTORCRAFT_STATUS,0,0,0,102,0,0,0,0,5,0,0,55,16.55884,4.888719
55.2331,44,ROTORCRAFT_STATUS,0,0,0,102,0,0,0,0,5,0,0,55,16.55884,4.888719
55.2531,44,ROTORCRAFT_STATUS,0,0,0,102,0,0,0,0,5,0,0,55,16.55884,4.888719
55.2731,44,ROTORCRAFT_STATUS,0,0,0,102,0,0,0,0,5,0,0,55,16.55884,4.888719
55.2931,44,ROTORCRAFT_STATUS,0,0,0,102,0,0,0,0,5,0,0,55,16.531937,4.873108
55.3131,44,ROTORCRAFT_STATUS,0,0,0,102,0,0,0,0,5,0,0,55,16.531937,4.873108
55.3331,44,ROTORCRAFT_STATUS,0,0,0,102,0,0,0,0,5,0,0,55,16.531937,4.873108
55.3531,44,ROTORCRAFT_STATUS,0,0,0,102,0,0,0,0,5,0,0,55,16.531937,4.873108
55.3731,44,ROTORCRAFT_STATUS,0,0,0,102,0,0,0,0,5,0,0,55,16.531937,4.873108
55.3931,44,ROTORCRAFT_STATUS,0,0,0,102,0,0,0,0,5,0,0,55,16.250055,4.723379
55.4131,44,ROTORCRAFT_STATUS,0,0,0,102,0,0,0,0,5,0,0,55,16.250055,4.723379
55.4331,44,ROTORCRAFT_STATUS,0,0,0,102,0,0,0,0,5,0,0,55,16.250055,4.723379
55.4531,44,ROTORCRAFT_STATUS,0,0,0,102,0,0,0,0,5,0,0,55,16.250055,4.723379
55.4731,44,ROTORCRAFT_STATUS,0,0,0,102,0,0,0,0,5,0,0,55,16.250055,4.723379
55.4931,44,ROTORCRAFT_STATUS,0,0,0,102,0,0,0,0,5,0,0,55,16.476904,4.845219
55.5131,44,ROTORCRAFT_STATUS,0,0,0,102,0,0,0,0,5,0,0,55,16.476904,4.845219
55.5331,44,ROTORCRAFT_STATUS,0,0,0,102,0,0,0,0,5,0,0,55,16.476904,4.845219
55.5531,44,ROTORCRAFT_STATUS,0,0,0,102,0,0,0,0,5,0,0,55,16.476904,4.845219
55.5731,44,ROTORCRAFT_STATUS,0,0,0,102,0,0,0,0,5,0,0,55,16.476904,4.845219
55.5931,44,ROTORCRAFT_STATUS,0,0,0,102,0,0,0,0,5,0,0,55,16.479351,4.845219
55.6131,44,ROTORCRAFT_STATUS,0,0,0,102,0,0,0,0,5,0,0,55,16.479351,4.845219
55.6331,44,ROTORCRAFT_STATUS,0,0,0,102,0,0,0,0,5,0,0,55,16.479351,4.845219
55.6531,44,ROTORCRAFT_STATUS,0,0,0,102,0,0,0,0,5,0,0,55,16.479351,4.845219
55.6731,44,ROTORCRAFT_STATUS,0,0,0,102,0,0,0,0,5,0,0,55,16.479351,4.845219
55.6931,44,ROTORCRAFT_STATUS,0,0,0,102,0,0,0,0,5,0,0,55,16.5246,4.875488
55.7131,44,ROTORCRAFT_STATUS,0,0,0,102,0,0,0,0,5,0,0,55,16.5246,4.875488
55.7331,44,ROTORCRAFT_STATUS,0,0,0,102,0,0,0,0,5,0,0,55,16.5246,4.875488
55.7531,44,ROTORCRAFT_STATUS,0,0,0,102,0,0,0,0,5,0,0,55,16.5246,4.875488
55.7731,44,ROTORCRAFT_STATUS,0,0,0,102,0,0,0,0,5,0,0,55,16.5246,4.875488
55.7931,44,ROTORCRAFT_STATUS,0,0,0,102,0,0,0,0,5,0,0,55,16.488522,4.878534
55.8131,44,ROTORCRAFT_STATUS,0,0,0,102,0,0,0,0,5,0,0,55,16.488522,4.878534
55.8331,44,ROTORCRAFT_STATUS,0,0,0,102,0,0,0,0,5,0,0,55,16.488522,4.878534
55.8531,44,ROTORCRAFT_STATUS,0,0,0,102,0,0,0,0,5,0,0,55,16.488522,4.878534
55.8731,44,ROTORCRAFT_STATUS,0,0,0,102,0,0,0,0,5,0,0,55,16.488522,4.878534
55.8931,44,ROTORCRAFT_STATUS,0,0,0,102,0,0,0,0,5,0,0,55,16.431658,4.827799
55.9131,44,ROTORCRAFT_STATUS,0,0,0,102,0,0,0,0,5,0,0,55,16.431658,4.827799
55.9331,44,ROTORCRAFT_STATUS,0,0,0,102,0,0,0,0,5,0,0,55,16.431658,4.827799
55.9531,44,ROTORCRAFT_STATUS,0,0,0,102,0,0,0,0,5,0,0,55,16.431658,4.827799
55.9731,44,ROTORCRAFT_STATUS,0,0,0,102,0,0,0,0,5,0,0,55,16.431658,4.827799
55.9931,44,ROTORCRAFT_STATUS,0,0,0,102,0,0,0,0,5,0,0,55,16.358894,4.758027
56.0131,44,ROTORCRAFT_STATUS,0,0,0,102,0,0,0,0,5,0,0,56,16.358894,4.758027
56.0331,44,ROTORCRAFT_STATUS,0,0,0,102,0,0,0,0,5,0,0,56,16.358894,4.758027
56.0531,44,ROTORCRAFT_STATUS,0,0,0,102,0,0,0,0,5,0,0,56,16.358894,4.758027
56.0731,44,ROTORCRAFT_STATUS,0,0,0,102,0,0,0,0,5,0,0,56,16.358894,4.758027
56.0931,44,ROTORCRAFT_STATUS,0,0,0,102,0,0,0,0,5,0,0,56,16.469568,4.830655
56.1131,44,ROTORCRAFT_STATUS,0,0,0,102,0,0,0,0,5,0,0,56,16.469568,4.830655
56.1331,44,ROTORCRAFT_STATUS,0,0,0,102,0,0,0,0,5,0,0,56,16.469568,4.830655
56.1531,44,ROTORCRAFT_STATUS,0,0,0,102,0,0,0,0,5,0,0,56,16.469568,4.830655
56.1731,44,ROTORCRAFT_STATUS,0,0,0,106,0,0,0,0,5,0,0,56,16.469568,4.830655
56.1931,44,ROTORCRAFT_STATUS,0,0,0,106,0,0,0,0,5,0,0,56,16.539885,4.880628
56.2131,44,ROTORCRAFT_STATUS,0,0,0,106,0,0,0,0,5,0,0,56,16.539885,4.880628
56.2331,44,ROTORCRAFT_STATUS,0,0,0,106,0,0,0,0,5,0,0,56,16.539885,4.880628
56.2531,44,ROTORCRAFT_STATUS,0,0,0,106,0,0,0,0,5,0,0,56,16.539885,4.880628
56.2731,44,ROTORCRAFT_STATUS,0,0,0,106,0,0,0,0,5,0,0,56,16.539885,4.880628
56.2931,44,ROTORCRAFT_STATUS,0,0,0,106,0,0,0,0,5,0,0,56,16.350945,4.77735
56.3131,44,ROTORCRAFT_STATUS,0,0,0,106,0,0,0,0,5,0,0,56,16.350945,4.77735
56.3331,44,ROTORCRAFT_STATUS,0,0,0,106,0,0,0,0,5,0,0,56,16.350945,4.77735
56.3531,44,ROTORCRAFT_STATUS,0,0,0,106,0,0,0,0,5,0,0,56,16.350945,4.77735
56.3731,44,ROTORCRAFT_STATUS,0,0,0,106,0,0,0,0,5,0,0,56,16.350945,4.77735
56.3931,44,ROTORCRAFT_STATUS,0,0,0,106,0,0,0,0,5,0,0,56,16.47079,4.839602
56.4131,44,ROTORCRAFT_STATUS,0,0,0,106,0,0,0,0,5,0,0,56,16.47079,4.839602
56.4331,44,ROTORCRAFT_STATUS,0,0,0,106,0,0,0,0,5,0,0,56,16.47079,4.839602
56.4531,44,ROTORCRAFT_STATUS,0,0,0,106,0,0,0,0,5,0,0,56,16.47079,4.839602
56.4731,44,ROTORCRAFT_STATUS,0,0,0,106,0,0,0,0,5,0,0,56,16.47079,4.839602
56.4931,44,ROTORCRAFT_STATUS,0,0,0,106,0,0,0,0,5,0,0,56,16.481186,4.845695
56.5131,44,ROTORCRAFT_STATUS,0,0,0,106,0,0,0,0,5,0,0,56,16.481186,4.845695
56.5331,44,ROTORCRAFT_STATUS,0,0,0,106,0,0,0,0,5,0,0,56,16.481186,4.845695
56.5531,44,ROTORCRAFT_STATUS,0,0,0,106,0,0,0,0,5,0,0,56,16.481186,4.845695
56.5731,44,ROTORCRAFT_STATUS,0,0,0,106,0,0,0,0,5,0,0,56,16.481186,4.845695
56.5931,44,ROTORCRAFT_STATUS,0,0,0,106,0,0,0,0,5,0,0,56,16.426765,4.827799
56.6131,44,ROTORCRAFT_STATUS,0,0,0,106,0,0,0,0,5,0,0,56,16.426765,4.827799
56.6331,44,ROTORCRAFT_STATUS,0,0,0,106,0,0,0,0,5,0,0,56,16.426765,4.827799
56.6531,44,ROTORCRAFT_STATUS,0,0,0,106,0,0,0,0,5,0,0,56,16.426765,4.827799
56.6731,44,ROTORCRAFT_STATUS,0,0,0,106,0,0,0,0,5,0,0,56,16.426765,4.827799
56.6931,44,ROTORCRAFT_STATUS,0,0,0,106,0,0,0,0,5,0,0,56,16.52093,4.873775
56.7131,44,ROTORCRAFT_STATUS,0,0,0,106,0,0,0,0,5,0,0,56,16.52093,4.873775
56.7331,44,ROTORCRAFT_STATUS,0,0,0,106,0,0,0,0,5,0,0,56,16.52093,4.873775
56.7531,44,ROTORCRAFT_STATUS,0,0,0,106,0,0,0,0,5,0,0,56,16.52093,4.873775
56.7731,44,ROTORCRAFT_STATUS,0,0,0,106,0,0,0,0,5,0,0,56,16.52093,4.873775
56.7931,44,ROTORCRAFT_STATUS,0,0,0,106,0,0,0,0,5,0,0,56,16.44144,4.862447
56.8131,44,ROTORCRAFT_STATUS,0,0,0,106,0,0,0,0,5,0,0,56,16.44144,4.862447
56.8331,44,ROTORCRAFT_STATUS,0,0,0,106,0,0,0,0,5,0,0,56,16.44144,4.862447
56.8531,44,ROTORCRAFT_STATUS,0,0,0,106,0,0,0,0,5,0,0,56,16.44144,4.862447
56.8731,44,ROTORCRAFT_STATUS,0,0,0,106,0,0,0,0,5,0,0,56,16.44144,4.862447
56.8931,44,ROTORCRAFT_STATUS,0,0,0,106,0,0,0,0,5,0,0,56,16.463453,4.84084
56.9131,44,ROTORCRAFT_STATUS,0,0,0,106,0,0,0,0,5,0,0,56,16.463453,4.84084
56.9331,44,ROTORCRAFT_STATUS,0,0,0,106,0,0,0,0,5,0,0,56,16.463453,4.84084
56.9531,44,ROTORCRAFT_STATUS,0,0,0,106,0,0,0,0,5,0,0,56,16.463453,4.84084
56.9731,44,ROTORCRAFT_STATUS,0,0,0,106,0,0,0,0,5,0,0,56,16.463453,4.84084
56.9931,44,ROTORCRAFT_STATUS,0,0,0,106,0,0,0,0,5,0,0,56,16.451223,4.831607
57.0131,44,ROTORCRAFT_STATUS,0,0,0,106,0,4,0,0,6,0,1,57,16.451223,4.831607
57.0331,44,ROTORCRAFT_STATUS,0,0,0,106,0,4,0,0,6,0,1,57,16.451223,4.831607
57.0531,44,ROTORCRAFT_STATUS,0,0,0,106,0,4,0,0,6,0,1,57,16.451223,4.831607
57.0731,44,ROTORCRAFT_STATUS,0,0,0,106,0,4,0,0,6,0,1,57,16.451223,4.831607
57.0931,44,ROTORCRAFT_STATUS,0,0,0,106,0,4,0,0,6,0,1,57,16.391912,4.826752
57.1131,44,ROTORCRAFT_STATUS,0,0,0,106,0,4,0,0,6,0,1,57,16.391912,4.826752
57.1331,44,ROTORCRAFT_STATUS,0,0,0,106,0,4,0,0,6,0,1,57,16.391912,4.826752
57.1531,44,ROTORCRAFT_STATUS,0,0,0,106,0,4,0,0,6,0,1,57,16.391912,4.826752
57.1731,44,ROTORCRAFT_STATUS,0,0,0,106,0,4,0,0,6,0,1,57,16.391912,4.826752
57.1931,44,ROTORCRAFT_STATUS,0,0,0,108,0,4,0,0,6,0,1,57,16.530712,4.87901
57.2131,44,ROTORCRAFT_STATUS,0,0,0,108,0,4,0,0,6,0,1,57,16.530712,4.87901
57.2331,44,ROTORCRAFT_STATUS,0,0,0,108,0,4,0,0,6,0,1,57,16.530712,4.87901
57.2531,44,ROTORCRAFT_STATUS,0,0,0,108,0,4,0,0,6,0,1,57,16.530712,4.87901
57.2731,44,ROTORCRAFT_STATUS,0,0,0,108,0,4,0,0,6,0,1,57,16.530712,4.87901
57.2931,44,ROTORCRAFT_STATUS,0,0,0,108,0,4,0,0,6,0,1,57,16.34483,4.777826
57.3131,44,ROTORCRAFT_STATUS,0,0,0,108,0,4,0,0,6,0,1,57,16.34483,4.777826
57.3331,44,ROTORCRAFT_STATUS,0,0,0,108,0,4,0,0,6,0,1,57,16.34483,4.777826
57.3531,44,ROTORCRAFT_STATUS,0,0,0,108,0,4,0,0,6,0,1,57,16.34483,4.777826
57.3731,44,ROTORCRAFT_STATUS,0,0,0,108,0,4,0,0,6,0,1,57,16.34483,4.777826
57.3931,44,ROTORCRAFT_STATUS,0,0,0,108,0,4,0,0,6,0,1,57,16.42004,4.827609
57.4131,44,ROTORCRAFT_STATUS,0,0,0,108,0,4,0,0,6,0,1,57,16.42004,4.827609
57.4331,44,ROTORCRAFT_STATUS,0,0,0,108,0,4,0,0,6,0,1,57,16.42004,4.827609
57.4531,44,ROTORCRAFT_STATUS,0,0,0,108,0,4,0,0,6,0,1,57,16.42004,4.827609
57.4731,44,ROTORCRAFT_STATUS,0,0,0,108,0,4,0,0,6,0,1,57,16.42004,4.827609
57.4931,44,ROTORCRAFT_STATUS,0,0,0,108,0,4,0,0,6,0,1,57,16.45856,4.832654
57.5131,44,ROTORCRAFT_STATUS,0,0,0,108,0,4,0,0,6,0,1,57,16.45856,4.832654
57.5331,44,ROTORCRAFT_STATUS,0,0,0,108,0,4,0,0,1,0,1,57,16.45856,4.832654
57.5531,44,ROTORCRAFT_STATUS,0,0,0,108,0,4,0,0,1,0,1,57,16.45856,4.832654
57.5731,44,ROTORCRAFT_STATUS,0,0,0,108,0,4,0,0,1,0,1,57,16.45856,4.832654
57.5931,44,ROTORCRAFT_STATUS,0,0,0,108,0,4,0,0,1,0,1,57,16.459173,4.836747
57.6131,44,ROTORCRAFT_STATUS,0,0,0,108,0,4,0,0,1,0,1,57,16.459173,4.836747
57.6331,44,ROTORCRAFT_STATUS,0,0,0,108,0,4,0,0,1,0,1,57,16.459173,4.836747
57.6531,44,ROTORCRAFT_STATUS,0,0,0,108,0,4,0,0,1,0,1,57,16.459173,4.836747
57.6731,44,ROTORCRAFT_STATUS,0,0,0,108,0,4,0,0,1,0,1,57,16.459173,4.836747
57.6931,44,ROTORCRAFT_STATUS,0,0,0,108,0,4,0,0,1,0,1,57,16.550892,4.884626
57.7131,44,ROTORCRAFT_STATUS,0,0,0,108,0,4,0,0,1,0,1,57,16.550892,4.884626
57.7331,44,ROTORCRAFT_STATUS,0,0,0,108,0,4,0,0,1,0,1,57,16.550892,4.884626
57.7531,44,ROTORCRAFT_STATUS,0,0,0,108,0,4,0,0,1,0,1,57,16.550892,4.884626
57.7731,44,ROTORCRAFT_STATUS,0,0,0,108,0,4,0,0,1,0,1,57,16.550892,4.884626
57.7931,44,ROTORCRAFT_STATUS,0,0,0,108,0,4,0,0,1,0,1,57,16.548445,4.876535
57.8131,44,ROTORCRAFT_STATUS,0,0,0,108,0,4,0,0,1,0,1,57,16.548445,4.876535
57.8331,44,ROTORCRAFT_STATUS,0,0,0,108,0,4,0,0,1,0,1,57,16.548445,4.876535
57.8531,44,ROTORCRAFT_STATUS,0,0,0,108,0,4,0,0,1,0,1,57,16.548445,4.876535
57.8731,44,ROTORCRAFT_STATUS,0,0,0,108,0,4,0,0,1,0,1,57,16.548445,4.876535
57.8931,44,ROTORCRAFT_STATUS,0,0,0,108,0,4,0,0,1,0,1,57,16.432268,4.825705
57.9131,44,ROTORCRAFT_STATUS,0,0,0,108,0,4,0,1,1,0,1,57,16.432268,4.825705
57.9331,44,ROTORCRAFT_STATUS,0,0,0,108,0,4,0,1,1,0,1,57,16.432268,4.825705
57.9531,44,ROTORCRAFT_STATUS,0,0,0,108,0,4,0,1,1,0,1,57,16.432268,4.825705
57.9731,44,ROTORCRAFT_STATUS,0,0,0,108,0,4,0,1,1,0,1,57,16.432268,4.825705
57.9931,44,ROTORCRAFT_STATUS,0,0,0,108,0,4,0,1,1,0,1,57,16.42493,4.829417
58.0131,44,ROTORCRAFT_STATUS,0,0,0,108,0,4,0,1,1,0,1,58,16.42493,4.829417
58.0331,44,ROTORCRAFT_STATUS,0,0,0,108,0,4,0,1,1,0,1,58,16.42493,4.829417
58.0531,44,ROTORCRAFT_STATUS,0,0,0,108,0,4,0,1,1,0,1,58,16.42493,4.829417
58.0731,44,ROTORCRAFT_STATUS,0,0,0,108,0,4,0,1,1,0,1,58,16.42493,4.829417
58.0931,44,ROTORCRAFT_STATUS,0,0,0,108,0,4,0,1,1,0,1,58,16.24394,4.728138
58.1131,44,ROTORCRAFT_STATUS,0,0,0,108,0,4,0,1,1,0,1,58,16.24394,4.728138
58.1331,44,ROTORCRAFT_STATUS,0,0,0,108,0,4,0,1,1,0,1,58,16.24394,4.728138
58.1531,44,ROTORCRAFT_STATUS,0,0,0,108,0,4,0,1,1,0,1,58,16.24394,4.728138
58.1731,44,ROTORCRAFT_STATUS,0,0,0,108,0,4,0,1,1,0,1,58,16.24394,4.728138
58.1931,44,ROTORCRAFT_STATUS,0,0,0,108,0,4,0,1,1,0,1,58,16.547222,4.888624
58.2131,44,ROTORCRAFT_STATUS,0,0,0,110,0,4,0,1,1,0,1,58,16.547222,4.888624
58.2331,44,ROTORCRAFT_STATUS,0,0,0,110,0,4,0,1,1,0,1,58,16.547222,4.888624
58.2531,44,ROTORCRAFT_STATUS,0,0,0,110,0,4,0,1,3,0,1,58,16.547222,4.888624
58.2731,44,ROTORCRAFT_STATUS,0,0,0,110,0,4,0,1,3,0,1,58,16.547222,4.888624
58.2931,44,ROTORCRAFT_STATUS,0,0,0,110,0,4,0,1,3,0,1,58,16.527044,4.879771
58.3131,44,ROTORCRAFT_STATUS,0,0,0,110,0,4,0,1,3,0,1,58,16.527044,4.879771
58.3331,44,ROTORCRAFT_STATUS,0,0,0,110,0,4,0,1,3,0,1,58,16.527044,4.879771
58.3531,44,ROTORCRAFT_STATUS,0,0,0,110,0,4,0,1,3,0,1,58,16.527044,4.879771
58.3731,44,ROTORCRAFT_STATUS,0,0,0,110,0,4,0,1,3,0,1,58,16.527044,4.879771
58.3931,44,ROTORCRAFT_STATUS,0,0,0,110,0,4,0,1,3,0,1,58,16.436548,4.833035
58.4131,44,ROTORCRAFT_STATUS,0,0,0,110,0,4,0,1,3,0,1,58,16.436548,4.833035
58.4331,44,ROTORCRAFT_STATUS,0,0,0,110,0,4,0,1,3,0,1,58,16.436548,4.833035
58.4531,44,ROTORCRAFT_STATUS,0,0,0,110,0,4,0,1,3,0,1,58,16.436548,4.833035
58.4731,44,ROTORCRAFT_STATUS,0,0,0,110,0,4,0,1,3,0,1,58,16.436548,4.833035
58.4931,44,ROTORCRAFT_STATUS,0,0,0,110,0,4,0,1,3,0,1,58,16.45428,4.845599
58.5131,44,ROTORCRAFT_STATUS,0,0,0,110,0,4,0,1,3,0,1,58,16.45428,4.845599
58.5331,44,ROTORCRAFT_STATUS,0,0,0,110,0,4,0,1,3,0,1,58,16.45428,4.845599
58.5531,44,ROTORCRAFT_STATUS,0,0,0,110,0,4,0,1,3,0,1,58,16.45428,4.845599
58.5731,44,ROTORCRAFT_STATUS,0,0,0,110,0,4,0,1,3,0,1,58,16.45428,4.845599
58.5931,44,ROTORCRAFT_STATUS,0,0,0,110,0,4,0,1,3,0,1,58,16.470179,4.837413
58.6131,44,ROTORCRAFT_STATUS,0,0,0,110,0,4,0,1,3,0,1,58,16.470179,4.837413
58.6331,44,ROTORCRAFT_STATUS,0,0,0,110,0,4,0,1,3,0,1,58,16.470179,4.837413
58.6531,44,ROTORCRAFT_STATUS,0,0,0,110,0,4,0,1,3,0,1,58,16.470179,4.837413
58.6731,44,ROTORCRAFT_STATUS,0,0,0,110,0,4,0,1,3,0,1,58,16.470179,4.837413
58.6931,44,ROTORCRAFT_STATUS,0,0,0,110,0,4,0,1,3,0,1,58,16.52521,4.878344
58.7131,44,ROTORCRAFT_STATUS,0,0,0,110,0,4,0,1,3,0,1,58,16.52521,4.878344
58.7331,44,ROTORCRAFT_STATUS,0,0,0,110,0,4,0,1,3,0,1,58,16.52521,4.878344
58.7531,44,ROTORCRAFT_STATUS,0,0,0,110,0,4,0,1,3,0,1,58,16.52521,4.878344
58.7731,44,ROTORCRAFT_STATUS,0,0,0,110,0,4,0,1,3,0,1,58,16.52521,4.878344
58.7931,44,ROTORCRAFT_STATUS,0,0,0,110,0,4,0,1,3,0,1,58,16.335047,4.878629
58.8131,44,ROTORCRAFT_STATUS,0,0,0,110,0,4,0,1,3,0,1,58,16.335047,4.878629
58.8331,44,ROTORCRAFT_STATUS,0,0,0,110,0,4,1,1,3,0,1,58,16.335047,4.878629
58.8531,44,ROTORCRAFT_STATUS,0,0,0,110,0,4,1,1,3,0,1,58,16.335047,4.878629
58.8731,44,ROTORCRAFT_STATUS,0,0,0,110,0,4,1,1,3,0,1,58,16.335047,4.878629
58.8931,44,ROTORCRAFT_STATUS,0,0,0,110,0,4,1,1,3,0,1,58,15.86178,4.831036
58.9131,44,ROTORCRAFT_STATUS,0,0,0,110,0,4,1,1,3,0,1,58,15.86178,4.831036
58.9331,44,ROTORCRAFT_STATUS,0,0,0,110,0,4,1,1,3,0,1,58,15.86178,4.831036
58.9531,44,ROTORCRAFT_STATUS,0,0,0,110,0,4,1,1,3,0,1,58,15.86178,4.831036
58.9731,44,ROTORCRAFT_STATUS,0,0,0,110,0,4,1,1,3,0,1,58,15.86178,4.831036
58.9931,44,ROTORCRAFT_STATUS,0,0,0,110,0,4,1,1,3,0,1,58,15.620255,4.845599
59.0131,44,ROTORCRAFT_STATUS,0,0,0,110,0,4,1,1,3,0,1,59,15.620255,4.845599
59.0331,44,ROTORCRAFT_STATUS,0,0,0,110,0,4,1,1,3,0,1,59,15.620255,4.845599
59.0531,44,ROTORCRAFT_STATUS,0,0,0,110,0,4,1,1,3,0,1,59,15.620255,4.845599
59.0731,44,ROTORCRAFT_STATUS,0,0,0,110,0,4,1,1,3,0,1,59,15.620255,4.845599
59.0931,44,ROTORCRAFT_STATUS,0,0,0,110,0,4,1,1,3,0,1,59,15.534651,4.840554
59.1131,44,ROTORCRAFT_STATUS,0,0,0,110,0,4,1,1,3,0,1,59,15.534651,4.840554
59.1331,44,ROTORCRAFT_STATUS,0,0,0,110,0,4,1,1,3,0,1,59,15.534651,4.840554
59.1531,44,ROTORCRAFT_STATUS,0,0,0,110,0,4,1,1,3,0,1,59,15.534651,4.840554
59.1731,44,ROTORCRAFT_STATUS,0,0,0,110,0,4,1,1,3,0,1,59,15.534651,4.840554
59.1931,44,ROTORCRAFT_STATUS,0,0,0,110,0,4,1,1,3,0,1,59,15.600688,4.882151
59.2131,44,ROTORCRAFT_STATUS,0,0,0,110,0,4,1,1,3,0,1,59,15.600688,4.882151
59.2331,44,ROTORCRAFT_STATUS,0,0,0,103,0,4,1,1,3,0,1,59,15.600688,4.882151
59.2531,44,ROTORCRAFT_STATUS,0,0,0,103,0,4,1,1,3,0,1,59,15.600688,4.882151
59.2731,44,ROTORCRAFT_STATUS,0,0,0,103,0,4,1,1,3,0,1,59,15.600688,4.882151
59.2931,44,ROTORCRAFT_STATUS,0,0,0,103,0,4,1,1,3,0,1,59,15.595185,4.886435
59.3131,44,ROTORCRAFT_STATUS,0,0,0,103,0,4,1,1,3,0,1,59,15.595185,4.886435
59.3331,44,ROTORCRAFT_STATUS,0,0,0,103,0,4,1,1,3,0,1,59,15.595185,4.886435
59.3531,44,ROTORCRAFT_STATUS,0,0,0,103,0,4,1,1,3,0,1,59,15.595185,4.886435
59.3731,44,ROTORCRAFT_STATUS,0,0,0,103,0,4,1,1,3,0,1,59,15.595185,4.886435
59.3931,44,ROTORCRAFT_STATUS,0,0,0,103,0,4,1,1,3,0,1,59,15.584179,4.848264
59.4131,44,ROTORCRAFT_STATUS,0,0,0,103,0,4,1,1,3,0,1,59,15.584179,4.848264
59.4331,44,ROTORCRAFT_STATUS,0,0,0,103,0,4,1,1,3,0,1,59,15.584179,4.848264
59.4531,44,ROTORCRAFT_STATUS,0,0,0,103,0,4,1,1,3,0,1,59,15.584179,4.848264
59.4731,44,ROTORCRAFT_STATUS,0,0,0,103,0,4,1,1,3,0,1,59,15.584179,4.848264
59.4931,44,ROTORCRAFT_STATUS,0,0,0,103,0,4,1,1,3,0,1,59,15.754775,4.83846
59.5131,44,ROTORCRAFT_STATUS,0,0,0,103,0,4,1,1,3,0,1,59,15.754775,4.83846
59.5331,44,ROTORCRAFT_STATUS,0,0,0,103,0,4,1,1,3,0,1,59,15.754775,4.83846
59.5531,44,ROTORCRAFT_STATUS,0,0,0,103,0,4,1,1,3,0,1,59,15.754775,4.83846
59.5731,44,ROTORCRAFT_STATUS,0,0,0,103,0,4,1,1,3,0,1,59,15.754775,4.83846
59.5931,44,ROTORCRAFT_STATUS,0,0,0,103,0,4,1,1,3,0,1,59,15.711973,4.838936
59.6131,44,ROTORCRAFT_STATUS,0,0,0,103,0,4,1,1,3,0,1,59,15.711973,4.838936
59.6331,44,ROTORCRAFT_STATUS,0,0,0,103,0,4,1,1,3,0,1,59,15.711973,4.838936
59.6531,44,ROTORCRAFT_STATUS,0,0,0,103,0,4,1,1,3,0,1,59,15.711973,4.838936
59.6731,44,ROTORCRAFT_STATUS,0,0,0,103,0,4,1,1,3,0,1,59,15.711973,4.838936
59.6931,44,ROTORCRAFT_STATUS,0,0,0,103,0,4,1,1,3,0,1,59,15.811029,4.87644
59.7131,44,ROTORCRAFT_STATUS,0,0,0,103,0,4,1,1,3,0,1,59,15.811029,4.87644
59.7331,44,ROTORCRAFT_STATUS,0,0,0,103,0,4,1,1,3,0,1,59,15.811029,4.87644
59.7531,44,ROTORCRAFT_STATUS,0,0,0,103,0,4,1,1,3,0,1,59,15.811029,4.87644
59.7731,44,ROTORCRAFT_STATUS,0,0,0,103,0,4,1,1,3,0,1,59,15.811029,4.87644
59.7931,44,ROTORCRAFT_STATUS,0,0,0,103,0,4,1,1,3,0,1,59,15.938824,4.885673
59.8131,44,ROTORCRAFT_STATUS,0,0,0,103,0,4,1,1,3,0,1,59,15.938824,4.885673
59.8331,44,ROTORCRAFT_STATUS,0,0,0,103,0,4,1,1,3,0,1,59,15.938824,4.885673
59.8531,44,ROTORCRAFT_STATUS,0,0,0,103,0,4,1,1,3,0,1,59,15.938824,4.885673
59.8731,44,ROTORCRAFT_STATUS,0,0,0,103,0,4,1,1,3,0,1,59,15.938824,4.885673
59.8931,44,ROTORCRAFT_STATUS,0,0,0,103,0,4,1,1,3,0,1,59,16.001192,4.836842
59.9131,44,ROTORCRAFT_STATUS,0,0,0,103,0,4,1,1,3,0,1,59,16.001192,4.836842
59.9331,44,ROTORCRAFT_STATUS,0,0,0,103,0,4,1,1,3,0,1,59,16.001192,4.836842
59.9531,44,ROTORCRAFT_STATUS,0,0,0,103,0,4,1,1,3,0,1,59,16.001192,4.836842
59.9731,44,ROTORCRAFT_STATUS,0,0,0,103,0,4,1,1,3,0,1,59,16.001192,4.836842
59.9931,44,ROTORCRAFT_STATUS,0,0,0,103,0,4,1,1,3,0,1,59,16.556395,4.831321
60.0131,44,ROTORCRAFT_STATUS,0,0,0,103,0,4,1,1,3,0,1,60,16.556395,4.831321
60.0333,44,ROTORCRAFT_STATUS,0,0,0,103,0,4,1,1,3,0,1,60,16.556395,4.831321
60.0533,44,ROTORCRAFT_STATUS,0,0,0,103,0,4,1,1,3,0,1,60,16.556395,4.831321
60.0731,44,ROTORCRAFT_STATUS,0,0,0,103,0,4,1,1,3,0,1,60,16.556395,4.831321
60.0931,44,ROTORCRAFT_STATUS,0,0,0,103,0,4,1,1,3,0,1,60,16.351557,4.831416
60.1133,44,ROTORCRAFT_STATUS,0,0,0,103,0,4,1,1,3,0,1,60,16.351557,4.831416
60.1335,44,ROTORCRAFT_STATUS,0,0,0,103,0,4,1,1,3,0,1,60,16.351557,4.831416
60.1531,44,ROTORCRAFT_STATUS,0,0,0,103,0,4,1,1,3,0,1,60,16.351557,4.831416
60.1731,44,ROTORCRAFT_STATUS,0,0,0,103,0,4,1,1,3,0,1,60,16.351557,4.831416
60.1933,44,ROTORCRAFT_STATUS,0,0,0,103,0,4,1,1,3,0,1,60,16.449389,4.887862
60.2133,44,ROTORCRAFT_STATUS,0,0,0,103,0,4,1,1,3,0,1,60,16.449389,4.887862
60.2331,44,ROTORCRAFT_STATUS,0,0,0,103,0,4,1,1,3,0,1,60,16.449389,4.887862
60.2531,44,ROTORCRAFT_STATUS,0,0,0,105,0,4,1,1,3,0,1,60,16.449389,4.887862
60.2732,44,ROTORCRAFT_STATUS,0,0,0,105,0,4,1,1,3,0,1,60,16.449389,4.887862
60.2935,44,ROTORCRAFT_STATUS,0,0,0,105,0,4,1,1,3,0,1,60,16.258003,4.8357
60.3131,44,ROTORCRAFT_STATUS,0,0,0,105,0,4,1,1,3,0,1,60,16.258003,4.8357
60.3331,44,ROTORCRAFT_STATUS,0,0,0,105,0,4,1,1,3,0,1,60,16.258003,4.8357
60.3533,44,ROTORCRAFT_STATUS,0,0,0,105,0,4,1,1,3,0,1,60,16.258003,4.8357
60.3732,44,ROTORCRAFT_STATUS,0,0,0,105,0,4,1,1,3,0,1,60,16.258003,4.8357
60.3931,44,ROTORCRAFT_STATUS,0,0,0,105,0,4,1,1,3,0,1,60,16.362562,4.827514
60.4131,44,ROTORCRAFT_STATUS,0,0,0,105,0,4,1,1,3,0,1,60,16.362562,4.827514
60.4334,44,ROTORCRAFT_STATUS,0,0,0,105,0,4,1,1,3,0,1,60,16.362562,4.827514
60.4535,44,ROTORCRAFT_STATUS,0,0,0,105,0,4,1,1,3,0,1,60,16.362562,4.827514
60.4731,44,ROTORCRAFT_STATUS,0,0,0,105,0,4,1,1,3,0,1,60,16.362562,4.827514
60.4931,44,ROTORCRAFT_STATUS,0,0,0,105,0,4,1,1,3,0,1,60,15.455773,4.834177
60.5136,44,ROTORCRAFT_STATUS,0,0,0,105,0,4,1,1,3,0,1,60,15.455773,4.834177
60.5332,44,ROTORCRAFT_STATUS,0,0,0,105,0,4,1,1,3,0,1,60,15.455773,4.834177
60.5531,44,ROTORCRAFT_STATUS,0,0,0,105,0,4,1,1,3,0,1,60,15.455773,4.834177
60.5731,44,ROTORCRAFT_STATUS,0,0,0,105,0,4,1,1,3,0,1,60,15.455773,4.834177
60.5933,44,ROTORCRAFT_STATUS,0,0,0,105,0,4,1,1,3,0,1,60,15.761501,4.84084
60.6134,44,ROTORCRAFT_STATUS,0,0,0,105,0,4,1,1,3,0,1,60,15.761501,4.84084
60.6331,44,ROTORCRAFT_STATUS,0,0,0,105,0,4,1,1,3,0,1,60,15.761501,4.84084
60.6531,44,ROTORCRAFT_STATUS,0,0,0,105,0,4,1,1,3,0,1,60,15.761501,4.84084
60.6735,44,ROTORCRAFT_STATUS,0,0,0,105,0,4,1,1,3,0,1,60,15.761501,4.84084
60.6933,44,ROTORCRAFT_STATUS,0,0,0,105,0,4,1,1,3,0,1,60,15.638598,4.89443
60.7131,44,ROTORCRAFT_STATUS,0,0,0,105,0,4,1,1,3,0,1,60,15.638598,4.89443
60.7331,44,ROTORCRAFT_STATUS,0,0,0,105,0,4,1,1,3,0,1,60,15.638598,4.89443
60.7533,44,ROTORCRAFT_STATUS,0,0,0,105,0,4,1,1,3,0,1,60,15.638598,4.89443
60.7734,44,ROTORCRAFT_STATUS,0,0,0,105,0,4,1,1,3,0,1,60,15.638598,4.89443
60.7931,44,ROTORCRAFT_STATUS,0,0,0,105,0,4,1,1,3,0,1,60,15.642879,4.875964
60.8131,44,ROTORCRAFT_STATUS,0,0,0,105,0,4,1,1,3,0,1,60,15.642879,4.875964
60.8333,44,ROTORCRAFT_STATUS,0,0,0,105,0,4,1,1,3,0,1,60,15.642879,4.875964
60.8536,44,ROTORCRAFT_STATUS,0,0,0,105,0,4,1,1,3,0,1,60,15.642879,4.875964
60.8731,44,ROTORCRAFT_STATUS,0,0,0,105,0,4,1,1,3,0,1,60,15.642879,4.875964
60.8931,44,ROTORCRAFT_STATUS,0,0,0,105,0,4,1,1,3,0,1,60,15.545657,4.833225
60.9134,44,ROTORCRAFT_STATUS,0,0,0,105,0,4,1,1,3,0,1,60,15.545657,4.833225
60.9335,44,ROTORCRAFT_STATUS,0,0,0,105,0,4,1,1,3,0,1,60,15.545657,4.833225
60.9531,44,ROTORCRAFT_STATUS,0,0,0,105,0,4,1,1,3,0,1,60,15.545657,4.833225
60.9731,44,ROTORCRAFT_STATUS,0,0,0,105,0,4,1,1,3,0,1,60,15.545657,4.833225
60.9933,44,ROTORCRAFT_STATUS,0,0,0,105,0,4,1,1,3,0,1,60,15.571339,4.831892
61.0136,44,ROTORCRAFT_STATUS,0,0,0,105,0,4,1,1,3,0,1,61,15.571339,4.831892
61.0331,44,ROTORCRAFT_STATUS,0,0,0,105,0,4,1,1,3,0,1,61,15.571339,4.831892
61.0531,44,ROTORCRAFT_STATUS,0,0,0,105,0,4,1,1,3,0,1,61,15.571339,4.831892
61.0736,44,ROTORCRAFT_STATUS,0,0,0,105,0,4,1,1,3,0,1,61,15.571339,4.831892
61.0933,44,ROTORCRAFT_STATUS,0,0,0,105,0,4,1,1,3,0,1,61,15.578065,4.843219
61.1131,44,ROTORCRAFT_STATUS,0,0,0,105,0,4,1,1,3,0,1,61,15.578065,4.843219
61.1331,44,ROTORCRAFT_STATUS,0,0,0,105,0,4,1,1,3,0,1,61,15.578065,4.843219
61.1534,44,ROTORCRAFT_STATUS,0,0,0,105,0,4,1,1,3,0,1,61,15.578065,4.843219
61.1735,44,ROTORCRAFT_STATUS,0,0,0,105,0,4,1,1,3,0,1,61,15.578065,4.843219
61.1931,44,ROTORCRAFT_STATUS,0,0,0,105,0,4,1,1,3,0,1,61,15.613529,4.888529
61.2131,44,ROTORCRAFT_STATUS,0,0,0,105,0,4,1,1,3,0,1,61,15.613529,4.888529
61.2336,44,ROTORCRAFT_STATUS,0,0,0,105,0,4,1,1,3,0,1,61,15.613529,4.888529
61.2533,44,ROTORCRAFT_STATUS,0,0,0,105,0,4,1,1,3,0,1,61,15.613529,4.888529
61.2731,44,ROTORCRAFT_STATUS,0,0,0,106,0,4,1,1,3,0,1,61,15.613529,4.888529
61.2931,44,ROTORCRAFT_STATUS,0,0,0,106,0,4,1,1,3,0,1,61,15.595185,4.873203
61.3134,44,ROTORCRAFT_STATUS,0,0,0,106,0,4,1,1,3,0,1,61,15.595185,4.873203
61.3333,44,ROTORCRAFT_STATUS,0,0,0,106,0,4,1,1,3,0,1,61,15.595185,4.873203
61.3531,44,ROTORCRAFT_STATUS,0,0,0,106,0,4,1,1,3,0,1,61,15.595185,4.873203
61.3731,44,ROTORCRAFT_STATUS,0,0,0,106,0,4,1,1,3,0,1,61,15.595185,4.873203
61.3934,44,ROTORCRAFT_STATUS,0,0,0,106,0,4,1,1,3,0,1,61,15.599465,4.827514
61.4134,44,ROTORCRAFT_STATUS,0,0,0,106,0,4,1,1,3,0,1,61,15.599465,4.827514
61.4331,44,ROTORCRAFT_STATUS,0,0,0,106,0,4,1,1,3,0,1,61,15.599465,4.827514
61.4531,44,ROTORCRAFT_STATUS,0,0,0,106,0,4,1,1,3,0,1,61,15.599465,4.827514
61.4734,44,ROTORCRAFT_STATUS,0,0,0,106,0,4,1,1,3,0,1,61,15.599465,4.827514
61.4934,44,ROTORCRAFT_STATUS,0,0,0,106,0,4,1,1,3,0,1,61,15.701579,4.838651
61.5131,44,ROTORCRAFT_STATUS,0,0,0,106,0,4,1,1,3,0,1,61,15.701579,4.838651
61.5331,44,ROTORCRAFT_STATUS,0,0,0,106,0,4,1,1,3,0,1,61,15.701579,4.838651
61.5533,44,ROTORCRAFT_STATUS,0,0,0,106,0,4,1,1,3,0,1,61,15.701579,4.838651
61.5736,44,ROTORCRAFT_STATUS,0,0,0,106,0,4,1,1,3,0,1,61,15.701579,4.838651
61.5931,44,ROTORCRAFT_STATUS,0,0,0,106,0,4,1,1,3,0,1,61,15.739489,4.84617
61.6131,44,ROTORCRAFT_STATUS,0,0,0,106,0,4,1,1,3,0,1,61,15.739489,4.84617
61.6336,44,ROTORCRAFT_STATUS,0,0,0,106,0,4,1,1,3,0,1,61,15.739489,4.84617
61.6533,44,ROTORCRAFT_STATUS,0,0,0,106,0,4,1,1,3,0,1,61,15.739489,4.84617
61.6731,44,ROTORCRAFT_STATUS,0,0,0,106,0,4,1,1,3,0,1,61,15.739489,4.84617
61.6931,44,ROTORCRAFT_STATUS,0,0,0,106,0,4,1,1,3,0,1,61,15.694242,4.863113
61.7134,44,ROTORCRAFT_STATUS,0,0,0,106,0,4,1,1,3,0,1,61,15.694242,4.863113
61.7335,44,ROTORCRAFT_STATUS,0,0,0,106,0,4,1,1,3,0,1,61,15.694242,4.863113
61.7531,44,ROTORCRAFT_STATUS,0,0,0,106,0,4,1,1,3,0,1,61,15.694242,4.863113
61.7731,44,ROTORCRAFT_STATUS,0,0,0,106,0,4,1,1,3,0,1,61,15.694242,4.863113
61.7935,44,ROTORCRAFT_STATUS,0,0,0,106,0,4,1,1,3,0,1,61,15.736432,4.878344
61.8133,44,ROTORCRAFT_STATUS,0,0,0,106,0,4,1,1,3,0,1,61,15.736432,4.878344
61.8331,44,ROTORCRAFT_STATUS,0,0,0,106,0,4,1,1,3,0,1,61,15.736432,4.878344
61.8531,44,ROTORCRAFT_STATUS,0,0,0,106,0,4,1,1,3,0,1,61,15.736432,4.878344
61.8734,44,ROTORCRAFT_STATUS,0,0,0,106,0,4,1,1,3,0,1,61,15.736432,4.878344
61.8933,44,ROTORCRAFT_STATUS,0,0,0,106,0,4,1,1,3,0,1,61,15.660611,4.828275
61.9131,44,ROTORCRAFT_STATUS,0,0,0,106,0,4,1,1,3,0,1,61,15.660611,4.828275
61.9331,44,ROTORCRAFT_STATUS,0,0,0,106,0,4,1,1,3,0,1,61,15.660611,4.828275
61.9534,44,ROTORCRAFT_STATUS,0,0,0,106,0,4,1,1,3,0,1,61,15.660611,4.828275
61.9735,44,ROTORCRAFT_STATUS,0,0,0,106,0,4,1,1,3,0,1,61,15.660611,4.828275
61.9931,44,ROTORCRAFT_STATUS,0,0,0,106,0,4,1,1,3,0,1,61,15.682624,4.84084
62.0131,44,ROTORCRAFT_STATUS,0,0,0,106,0,4,1,1,3,0,1,62,15.682624,4.84084
62.0334,44,ROTORCRAFT_STATUS,0,0,0,106,0,4,1,1,3,0,1,62,15.682624,4.84084
62.0534,44,ROTORCRAFT_STATUS,0,0,0,106,0,4,1,1,3,0,1,62,15.682624,4.84084
62.0731,44,ROTORCRAFT_STATUS,0,0,0,106,0,4,1,1,3,0,1,62,15.682624,4.84084
62.0931,44,ROTORCRAFT_STATUS,0,0,0,106,0,4,1,1,3,0,1,62,15.627592,4.824658
62.1134,44,ROTORCRAFT_STATUS,0,0,0,106,0,4,1,1,3,0,1,62,15.627592,4.824658
62.1337,44,ROTORCRAFT_STATUS,0,0,0,106,0,4,1,1,3,0,1,62,15.627592,4.824658
62.1531,44,ROTORCRAFT_STATUS,0,0,0,106,0,4,1,1,3,0,1,62,15.627592,4.824658
62.1731,44,ROTORCRAFT_STATUS,0,0,0,106,0,4,1,1,3,0,1,62,15.627592,4.824658
62.1933,44,ROTORCRAFT_STATUS,0,0,0,106,0,4,1,1,3,0,1,62,15.611083,4.78725
62.2131,44,ROTORCRAFT_STATUS,0,0,0,106,0,4,1,1,3,0,1,62,15.611083,4.78725
62.2331,44,ROTORCRAFT_STATUS,0,0,0,106,0,4,1,1,3,0,1,62,15.611083,4.78725
62.2531,44,ROTORCRAFT_STATUS,0,0,0,106,0,4,1,1,3,0,1,62,15.611083,4.78725
62.2731,44,ROTORCRAFT_STATUS,0,0,0,106,0,4,1,1,3,0,1,62,15.611083,4.78725
62.2931,44,ROTORCRAFT_STATUS,0,0,0,105,0,4,1,1,3,0,1,62,15.728482,4.878819
62.3131,44,ROTORCRAFT_STATUS,0,0,0,105,0,4,1,1,3,0,1,62,15.728482,4.878819
62.3331,44,ROTORCRAFT_STATUS,0,0,0,105,0,4,1,1,3,0,1,62,15.728482,4.878819
62.3531,44,ROTORCRAFT_STATUS,0,0,0,105,0,4,1,1,3,0,1,62,15.728482,4.878819
62.3731,44,ROTORCRAFT_STATUS,0,0,0,105,0,4,1,1,3,0,1,62,15.728482,4.878819
62.3931,44,ROTORCRAFT_STATUS,0,0,0,105,0,4,1,1,3,0,1,62,15.721146,4.844742
62.4131,44,ROTORCRAFT_STATUS,0,0,0,105,0,4,1,1,3,0,1,62,15.721146,4.844742
62.4331,44,ROTORCRAFT_STATUS,0,0,0,105,0,4,1,1,3,0,1,62,15.721146,4.844742
62.4531,44,ROTORCRAFT_STATUS,0,0,0,105,0,4,1,1,3,0,1,62,15.721146,4.844742
62.4731,44,ROTORCRAFT_STATUS,0,0,0,105,0,4,1,1,3,0,1,62,15.721146,4.844742
62.4931,44,ROTORCRAFT_STATUS,0,0,0,105,0,4,1,1,3,0,1,62,15.746826,4.845409
62.5131,44,ROTORCRAFT_STATUS,0,0,0,105,0,4,1,1,3,0,1,62,15.746826,4.845409
62.5331,44,ROTORCRAFT_STATUS,0,0,0,105,0,4,1,1,3,0,1,62,15.746826,4.845409
62.5531,44,ROTORCRAFT_STATUS,0,0,0,105,0,4,1,1,3,0,1,62,15.746826,4.845409
62.5731,44,ROTORCRAFT_STATUS,0,0,0,105,0,4,1,1,3,0,1,62,15.746826,4.845409
62.5931,44,ROTORCRAFT_STATUS,0,0,0,105,0,4,1,1,3,0,1,62,15.737655,4.838936
62.6131,44,ROTORCRAFT_STATUS,0,0,0,105,0,4,1,1,3,0,1,62,15.737655,4.838936
62.6331,44,ROTORCRAFT_STATUS,0,0,0,105,0,4,1,1,3,0,1,62,15.737655,4.838936
62.6531,44,ROTORCRAFT_STATUS,0,0,0,105,0,4,1,1,3,0,1,62,15.737655,4.838936
62.6731,44,ROTORCRAFT_STATUS,0,0,0,105,0,4,1,1,3,0,1,62,15.737655,4.838936
62.6931,44,ROTORCRAFT_STATUS,0,0,0,105,0,4,1,1,3,0,1,62,15.898467,4.880533
62.7131,44,ROTORCRAFT_STATUS,0,0,0,105,0,4,1,1,3,0,1,62,15.898467,4.880533
62.7331,44,ROTORCRAFT_STATUS,0,0,0,105,0,4,1,1,3,0,1,62,15.898467,4.880533
62.7531,44,ROTORCRAFT_STATUS,0,0,0,105,0,4,1,1,3,0,1,62,15.898467,4.880533
62.7731,44,ROTORCRAFT_STATUS,0,0,0,105,0,4,1,1,3,0,1,62,15.898467,4.880533
62.7931,44,ROTORCRAFT_STATUS,0,0,0,105,0,4,1,1,3,0,1,62,15.962059,4.889481
62.8131,44,ROTORCRAFT_STATUS,0,0,0,105,0,4,1,1,3,0,1,62,15.962059,4.889481
62.8331,44,ROTORCRAFT_STATUS,0,0,0,105,0,4,1,1,3,0,1,62,15.962059,4.889481
62.8531,44,ROTORCRAFT_STATUS,0,0,0,105,0,4,1,1,3,0,1,62,15.962059,4.889481
62.8731,44,ROTORCRAFT_STATUS,0,0,0,105,0,4,1,1,3,0,1,62,15.962059,4.889481
62.8931,44,ROTORCRAFT_STATUS,0,0,0,105,0,4,1,1,3,0,1,62,15.898467,4.841125
62.9131,44,ROTORCRAFT_STATUS,0,0,0,105,0,4,1,1,3,0,1,62,15.898467,4.841125
62.9331,44,ROTORCRAFT_STATUS,0,0,0,105,0,4,1,1,3,0,1,62,15.898467,4.841125
62.9531,44,ROTORCRAFT_STATUS,0,0,0,105,0,4,1,1,3,0,1,62,15.898467,4.841125
62.9731,44,ROTORCRAFT_STATUS,0,0,0,105,0,4,1,1,3,0,1,62,15.898467,4.841125
62.9931,44,ROTORCRAFT_STATUS,0,0,0,105,0,4,1,1,3,0,1,62,15.628816,4.715383
63.0131,44,ROTORCRAFT_STATUS,0,0,0,105,0,4,1,1,3,0,1,63,15.628816,4.715383
63.0331,44,ROTORCRAFT_STATUS,0,0,0,105,0,4,1,1,3,0,1,63,15.628816,4.715383
63.0531,44,ROTORCRAFT_STATUS,0,0,0,105,0,4,1,1,3,0,1,63,15.628816,4.715383
63.0731,44,ROTORCRAFT_STATUS,0,0,0,105,0,4,1,1,3,0,1,63,15.628816,4.715383
63.0931,44,ROTORCRAFT_STATUS,0,0,0,105,0,4,1,1,3,0,1,63,15.834265,4.829417
63.1131,44,ROTORCRAFT_STATUS,0,0,0,105,0,4,1,1,3,0,1,63,15.834265,4.829417
63.1331,44,ROTORCRAFT_STATUS,0,0,0,105,0,4,1,1,3,0,1,63,15.834265,4.829417
63.1531,44,ROTORCRAFT_STATUS,0,0,0,105,0,4,1,1,3,0,1,63,15.834265,4.829417
63.1731,44,ROTORCRAFT_STATUS,0,0,0,105,0,4,1,1,3,0,1,63,15.834265,4.829417
63.1931,44,ROTORCRAFT_STATUS,0,0,0,105,0,4,1,1,3,0,1,63,16.007917,4.877582
63.2131,44,ROTORCRAFT_STATUS,0,0,0,105,0,4,1,1,3,0,1,63,16.007917,4.877582
63.2331,44,ROTORCRAFT_STATUS,0,0,0,105,0,4,1,1,3,0,1,63,16.007917,4.877582
63.2531,44,ROTORCRAFT_STATUS,0,0,0,105,0,4,1,1,3,0,1,63,16.007917,4.877582
63.2731,44,ROTORCRAFT_STATUS,0,0,0,105,0,4,1,1,3,0,1,63,16.007917,4.877582
63.2931,44,ROTORCRAFT_STATUS,0,0,0,105,0,4,1,1,3,0,1,63,16.078848,4.884055
63.3131,44,ROTORCRAFT_STATUS,0,0,0,104,0,4,1,1,3,0,1,63,16.078848,4.884055
63.3331,44,ROTORCRAFT_STATUS,0,0,0,104,0,4,1,1,3,0,1,63,16.078848,4.884055
63.3531,44,ROTORCRAFT_STATUS,0,0,0,104,0,4,1,1,3,0,1,63,16.078848,4.884055
63.3731,44,ROTORCRAFT_STATUS,0,0,0,104,0,4,1,1,3,0,1,63,16.078848,4.884055
63.3931,44,ROTORCRAFT_STATUS,0,0,0,104,0,4,1,1,3,0,1,63,15.942492,4.825325
63.4131,44,ROTORCRAFT_STATUS,0,0,0,104,0,4,1,1,3,0,1,63,15.942492,4.825325
63.4331,44,ROTORCRAFT_STATUS,0,0,0,104,0,4,1,1,3,0,1,63,15.942492,4.825325
63.4531,44,ROTORCRAFT_STATUS,0,0,0,104,0,4,1,1,3,0,1,63,15.942492,4.825325
63.4731,44,ROTORCRAFT_STATUS,0,0,0,104,0,4,1,1,3,0,1,63,15.942492,4.825325
63.4931,44,ROTORCRAFT_STATUS,0,0,0,104,0,4,1,1,3,0,1,63,15.702802,4.70377
63.5131,44,ROTORCRAFT_STATUS,0,0,0,104,0,4,1,1,3,0,1,63,15.702802,4.70377
63.5331,44,ROTORCRAFT_STATUS,0,0,0,104,0,4,1,1,3,0,1,63,15.702802,4.70377
63.5531,44,ROTORCRAFT_STATUS,0,0,0,104,0,4,1,1,3,0,1,63,15.702802,4.70377
63.5731,44,ROTORCRAFT_STATUS,0,0,0,104,0,4,1,1,3,0,1,63,15.702802,4.70377
63.5931,44,ROTORCRAFT_STATUS,0,0,0,104,0,4,1,1,3,0,1,63,15.953499,4.831797
63.6131,44,ROTORCRAFT_STATUS,0,0,0,104,0,4,1,1,3,0,1,63,15.953499,4.831797
63.6331,44,ROTORCRAFT_STATUS,0,0,0,104,0,4,1,1,3,0,1,63,15.953499,4.831797
63.6531,44,ROTORCRAFT_STATUS,0,0,0,104,0,4,1,1,3,0,1,63,15.953499,4.831797
63.6731,44,ROTORCRAFT_STATUS,0,0,0,104,0,4,1,1,3,0,1,63,15.953499,4.831797
63.6931,44,ROTORCRAFT_STATUS,0,0,0,104,0,4,1,1,3,0,1,63,16.02076,4.876916
63.7131,44,ROTORCRAFT_STATUS,0,0,0,104,0,4,1,1,3,0,1,63,16.02076,4.876916
63.7331,44,ROTORCRAFT_STATUS,0,0,0,104,0,4,1,1,3,0,1,63,16.02076,4.876916
63.7531,44,ROTORCRAFT_STATUS,0,0,0,104,0,4,1,1,3,0,1,63,16.02076,4.876916
63.7731,44,ROTORCRAFT_STATUS,0,0,0,104,0,4,1,1,3,0,1,63,16.02076,4.876916
63.7931,44,ROTORCRAFT_STATUS,0,0,0,104,0,4,1,1,3,0,1,63,15.946773,4.866445
63.8131,44,ROTORCRAFT_STATUS,0,0,0,104,0,4,1,1,3,0,1,63,15.946773,4.866445
63.8331,44,ROTORCRAFT_STATUS,0,0,0,104,0,4,1,1,3,0,1,63,15.946773,4.866445
63.8531,44,ROTORCRAFT_STATUS,0,0,0,104,0,4,1,1,3,0,1,63,15.946773,4.866445
63.8731,44,ROTORCRAFT_STATUS,0,0,0,104,0,4,1,1,3,0,1,63,15.946773,4.866445
63.8931,44,ROTORCRAFT_STATUS,0,0,0,104,0,4,1,1,3,0,1,63,15.884404,4.829513
63.9131,44,ROTORCRAFT_STATUS,0,0,0,104,0,4,1,1,3,0,1,63,15.884404,4.829513
63.9331,44,ROTORCRAFT_STATUS,0,0,0,104,0,4,1,1,3,0,1,63,15.884404,4.829513
63.9531,44,ROTORCRAFT_STATUS,0,0,0,104,0,4,1,1,3,0,1,63,15.884404,4.829513
63.9731,44,ROTORCRAFT_STATUS,0,0,0,104,0,4,1,1,3,0,1,63,15.884404,4.829513
63.9931,44,ROTORCRAFT_STATUS,0,0,0,104,0,4,1,1,3,0,1,63,15.810418,4.832939
64.0131,44,ROTORCRAFT_STATUS,0,0,0,104,0,4,1,1,3,0,1,64,15.810418,4.832939
64.0331,44,ROTORCRAFT_STATUS,0,0,0,104,0,4,1,1,3,0,1,64,15.810418,4.832939
64.0531,44,ROTORCRAFT_STATUS,0,0,0,104,0,4,1,1,3,0,1,64,15.810418,4.832939
64.0731,44,ROTORCRAFT_STATUS,0,0,0,104,0,4,1,1,3,0,1,64,15.810418,4.832939
64.0931,44,ROTORCRAFT_STATUS,0,0,0,104,0,4,1,1,3,0,1,64,15.817756,4.839507
64.1131,44,ROTORCRAFT_STATUS,0,0,0,104,0,4,1,1,3,0,1,64,15.817756,4.839507
64.1331,44,ROTORCRAFT_STATUS,0,0,0,104,0,4,1,1,3,0,1,64,15.817756,4.839507
64.1531,44,ROTORCRAFT_STATUS,0,0,0,104,0,4,1,1,3,0,1,64,15.817756,4.839507
64.1731,44,ROTORCRAFT_STATUS,0,0,0,104,0,4,1,1,3,0,1,64,15.817756,4.839507
64.1931,44,ROTORCRAFT_STATUS,0,0,0,104,0,4,1,1,3,0,1,64,15.904582,4.889861
64.2131,44,ROTORCRAFT_STATUS,0,0,0,104,0,4,1,1,3,0,1,64,15.904582,4.889861
64.2331,44,ROTORCRAFT_STATUS,0,0,0,104,0,4,1,1,3,0,1,64,15.904582,4.889861
64.2531,44,ROTORCRAFT_STATUS,0,0,0,104,0,4,1,1,3,0,1,64,15.904582,4.889861
64.2731,44,ROTORCRAFT_STATUS,0,0,0,104,0,4,1,1,3,0,1,64,15.904582,4.889861
64.2931,44,ROTORCRAFT_STATUS,0,0,0,104,0,4,1,1,3,0,1,64,15.874009,4.87406
64.3131,44,ROTORCRAFT_STATUS,0,0,0,104,0,4,1,1,3,0,1,64,15.874009,4.87406
64.3331,44,ROTORCRAFT_STATUS,0,0,0,99,0,4,1,1,3,0,1,64,15.874009,4.87406
64.3531,44,ROTORCRAFT_STATUS,0,0,0,99,0,4,1,1,3,0,1,64,15.874009,4.87406
64.3731,44,ROTORCRAFT_STATUS,0,0,0,99,0,4,1,1,3,0,1,64,15.874009,4.87406
64.3931,44,ROTORCRAFT_STATUS,0,0,0,99,0,4,1,1,3,0,1,64,15.592128,4.710052
64.4131,44,ROTORCRAFT_STATUS,0,0,0,99,0,4,1,1,3,0,1,64,15.592128,4.710052
64.4331,44,ROTORCRAFT_STATUS,0,0,0,99,0,4,1,1,3,0,1,64,15.592128,4.710052
64.4531,44,ROTORCRAFT_STATUS,0,0,0,99,0,4,1,1,3,0,1,64,15.592128,4.710052
64.4731,44,ROTORCRAFT_STATUS,0,0,0,99,0,4,1,1,3,0,1,64,15.592128,4.710052
64.4931,44,ROTORCRAFT_STATUS,0,0,0,99,0,4,1,1,3,0,1,64,15.896633,4.839507
64.5131,44,ROTORCRAFT_STATUS,0,0,0,99,0,4,1,1,3,0,1,64,15.896633,4.839507
64.5331,44,ROTORCRAFT_STATUS,0,0,0,99,0,4,1,1,3,0,1,64,15.896633,4.839507
64.5531,44,ROTORCRAFT_STATUS,0,0,0,99,0,4,1,1,3,0,1,64,15.896633,4.839507
64.5731,44,ROTORCRAFT_STATUS,0,0,0,99,0,4,1,1,3,0,1,64,15.896633,4.839507
64.5931,44,ROTORCRAFT_STATUS,0,0,0,99,0,4,1,1,3,0,1,64,15.887462,4.842649
64.6131,44,ROTORCRAFT_STATUS,0,0,0,99,0,4,1,1,3,0,1,64,15.887462,4.842649
64.6331,44,ROTORCRAFT_STATUS,0,0,0,99,0,4,1,1,3,0,1,64,15.887462,4.842649
64.6531,44,ROTORCRAFT_STATUS,0,0,0,99,0,4,1,1,3,0,1,64,15.887462,4.842649
64.6731,44,ROTORCRAFT_STATUS,0,0,0,99,0,4,1,1,3,0,1,64,15.887462,4.842649
64.6931,44,ROTORCRAFT_STATUS,0,0,0,99,0,4,1,1,3,0,1,64,15.911308,4.873965
64.7131,44,ROTORCRAFT_STATUS,0,0,0,99,0,4,1,1,3,0,1,64,15.911308,4.873965
64.7331,44,ROTORCRAFT_STATUS,0,0,0,99,0,4,1,1,3,0,1,64,15.911308,4.873965
64.7531,44,ROTORCRAFT_STATUS,0,0,0,99,0,4,1,1,3,0,1,64,15.911308,4.873965
64.7731,44,ROTORCRAFT_STATUS,0,0,0,99,0,4,1,1,3,0,1,64,15.911308,4.873965
64.7931,44,ROTORCRAFT_STATUS,0,0,0,99,0,4,1,1,3,0,1,64,15.881958,4.877868
64.8131,44,ROTORCRAFT_STATUS,0,0,0,99,0,4,1,1,3,0,1,64,15.881958,4.877868
64.8331,44,ROTORCRAFT_STATUS,0,0,0,99,0,4,1,1,3,0,1,64,15.881958,4.877868
64.8531,44,ROTORCRAFT_STATUS,0,0,0,99,0,4,1,1,3,0,1,64,15.881958,4.877868
64.8731,44,ROTORCRAFT_STATUS,0,0,0,99,0,4,1,1,3,0,1,64,15.881958,4.877868
64.8931,44,ROTORCRAFT_STATUS,0,0,0,99,0,4,1,1,3,0,1,64,15.568892,4.719571
64.9131,44,ROTORCRAFT_STATUS,0,0,0,99,0,4,1,1,3,0,1,64,15.568892,4.719571
64.9331,44,ROTORCRAFT_STATUS,0,0,0,99,0,4,1,1,3,0,1,64,15.568892,4.719571
64.9531,44,ROTORCRAFT_STATUS,0,0,0,99,0,4,1,1,3,0,1,64,15.568892,4.719571
64.9731,44,ROTORCRAFT_STATUS,0,0,0,99,0,4,1,1,3,0,1,64,15.568892,4.719571
64.9931,44,ROTORCRAFT_STATUS,0,0,0,99,0,4,1,1,3,0,1,64,15.812252,4.844172
65.0131,44,ROTORCRAFT_STATUS,0,0,0,99,0,4,1,1,3,0,1,65,15.812252,4.844172
65.0331,44,ROTORCRAFT_STATUS,0,0,0,99,0,4,1,1,3,0,1,65,15.812252,4.844172
65.0531,44,ROTORCRAFT_STATUS,0,0,0,99,0,4,1,1,3,0,1,65,15.812252,4.844172
65.0731,44,ROTORCRAFT_STATUS,0,0,0,99,0,4,1,1,3,0,1,65,15.812252,4.844172
65.0931,44,ROTORCRAFT_STATUS,0,0,0,99,0,4,1,1,3,0,1,65,15.787183,4.828656
65.1131,44,ROTORCRAFT_STATUS,0,0,0,99,0,4,1,1,3,0,1,65,15.787183,4.828656
65.1331,44,ROTORCRAFT_STATUS,0,0,0,99,0,4,1,1,3,0,1,65,15.787183,4.828656
65.1531,44,ROTORCRAFT_STATUS,0,0,0,99,0,4,1,1,3,0,1,65,15.787183,4.828656
65.1731,44,ROTORCRAFT_STATUS,0,0,0,99,0,4,1,1,3,0,1,65,15.787183,4.828656
65.1931,44,ROTORCRAFT_STATUS,0,0,0,99,0,4,1,1,3,0,1,65,15.829373,4.873013
65.2131,44,ROTORCRAFT_STATUS,0,0,0,99,0,4,1,1,3,0,1,65,15.829373,4.873013
65.2331,44,ROTORCRAFT_STATUS,0,0,0,99,0,4,1,1,3,0,1,65,15.829373,4.873013
65.2531,44,ROTORCRAFT_STATUS,0,0,0,99,0,4,1,1,3,0,1,65,15.829373,4.873013
65.2731,44,ROTORCRAFT_STATUS,0,0,0,99,0,4,1,1,3,0,1,65,15.829373,4.873013
65.2931,44,ROTORCRAFT_STATUS,0,0,0,99,0,4,1,1,3,0,1,65,15.840991,4.87387
65.3131,44,ROTORCRAFT_STATUS,0,0,0,99,0,4,1,1,3,0,1,65,15.840991,4.87387
65.3331,44,ROTORCRAFT_STATUS,0,0,0,99,0,4,1,1,3,0,1,65,15.840991,4.87387
65.3531,44,ROTORCRAFT_STATUS,0,0,0,106,0,4,1,1,3,0,1,65,15.840991,4.87387
65.3731,44,ROTORCRAFT_STATUS,0,0,0,106,0,4,1,1,3,0,1,65,15.840991,4.87387
65.3931,44,ROTORCRAFT_STATUS,0,0,0,106,0,4,1,1,3,0,1,65,15.762724,4.840174
65.4131,44,ROTORCRAFT_STATUS,0,0,0,106,0,4,1,1,3,0,1,65,15.762724,4.840174
65.4331,44,ROTORCRAFT_STATUS,0,0,0,106,0,4,1,1,3,0,1,65,15.762724,4.840174
65.4531,44,ROTORCRAFT_STATUS,0,0,0,106,0,4,1,1,3,0,1,65,15.762724,4.840174
65.4731,44,ROTORCRAFT_STATUS,0,0,0,106,0,4,1,1,3,0,1,65,15.762724,4.840174
65.4931,44,ROTORCRAFT_STATUS,0,0,0,106,0,4,1,1,3,0,1,65,15.767616,4.827799
65.5131,44,ROTORCRAFT_STATUS,0,0,0,106,0,4,1,1,3,0,1,65,15.767616,4.827799
65.5331,44,ROTORCRAFT_STATUS,0,0,0,106,0,4,1,1,3,0,1,65,15.767616,4.827799
65.5531,44,ROTORCRAFT_STATUS,0,0,0,106,0,4,1,1,3,0,1,65,15.767616,4.827799
65.5731,44,ROTORCRAFT_STATUS,0,0,0,106,0,4,1,1,3,0,1,65,15.767616,4.827799
65.5931,44,ROTORCRAFT_STATUS,0,0,0,106,0,4,1,1,3,0,1,65,15.749272,4.834272
65.6131,44,ROTORCRAFT_STATUS,0,0,0,106,0,4,1,1,3,0,1,65,15.749272,4.834272
65.6331,44,ROTORCRAFT_STATUS,0,0,0,106,0,4,1,1,3,0,1,65,15.749272,4.834272
65.6531,44,ROTORCRAFT_STATUS,0,0,0,106,0,4,1,1,3,0,1,65,15.749272,4.834272
65.6731,44,ROTORCRAFT_STATUS,0,0,0,106,0,4,1,1,3,0,1,65,15.749272,4.834272
65.6931,44,ROTORCRAFT_STATUS,0,0,0,106,0,4,1,1,3,0,1,65,15.82815,4.87406
65.7131,44,ROTORCRAFT_STATUS,0,0,0,106,0,4,1,1,3,0,1,65,15.82815,4.87406
65.7331,44,ROTORCRAFT_STATUS,0,0,0,106,0,4,1,1,3,0,1,65,15.82815,4.87406
65.7531,44,ROTORCRAFT_STATUS,0,0,0,106,0,4,1,1,3,0,1,65,15.82815,4.87406
65.7731,44,ROTORCRAFT_STATUS,0,0,0,106,0,4,1,1,3,0,1,65,15.82815,4.87406
65.7931,44,ROTORCRAFT_STATUS,0,0,0,106,0,4,1,1,3,0,1,65,15.850163,4.886815
65.8131,44,ROTORCRAFT_STATUS,0,0,0,106,0,4,1,1,3,0,1,65,15.850163,4.886815
65.8331,44,ROTORCRAFT_STATUS,0,0,0,106,0,4,1,1,3,0,1,65,15.850163,4.886815
65.8531,44,ROTORCRAFT_STATUS,0,0,0,106,0,4,1,1,3,0,1,65,15.850163,4.886815
65.8731,44,ROTORCRAFT_STATUS,0,0,0,106,0,4,1,1,3,0,1,65,15.850163,4.886815
65.8931,44,ROTORCRAFT_STATUS,0,0,0,106,0,4,1,1,3,0,1,65,15.755386,4.839697
65.9131,44,ROTORCRAFT_STATUS,0,0,0,106,0,4,1,1,3,0,1,65,15.755386,4.839697
65.9331,44,ROTORCRAFT_STATUS,0,0,0,106,0,4,1,1,3,0,1,65,15.755386,4.839697
65.9531,44,ROTORCRAFT_STATUS,0,0,0,106,0,4,1,1,3,0,1,65,15.755386,4.839697
65.9731,44,ROTORCRAFT_STATUS,0,0,0,106,0,4,1,1,3,0,1,65,15.755386,4.839697
65.9931,44,ROTORCRAFT_STATUS,0,0,0,106,0,4,1,1,3,0,1,65,15.557275,4.714146
66.0131,44,ROTORCRAFT_STATUS,0,0,0,106,0,4,1,1,3,0,1,66,15.557275,4.714146
66.0331,44,ROTORCRAFT_STATUS,0,0,0,106,0,4,1,1,3,0,1,66,15.557275,4.714146
66.0531,44,ROTORCRAFT_STATUS,0,0,0,106,0,4,1,1,3,0,1,66,15.557275,4.714146
66.0731,44,ROTORCRAFT_STATUS,0,0,0,106,0,4,1,1,3,0,1,66,15.557275,4.714146
66.0931,44,ROTORCRAFT_STATUS,0,0,0,106,0,4,1,1,3,0,1,66,15.748661,4.834082
66.1131,44,ROTORCRAFT_STATUS,0,0,0,106,0,4,1,1,3,0,1,66,15.748661,4.834082
66.1331,44,ROTORCRAFT_STATUS,0,0,0,106,0,4,1,1,3,0,1,66,15.748661,4.834082
66.1531,44,ROTORCRAFT_STATUS,0,0,0,106,0,4,1,1,3,0,1,66,15.748661,4.834082
66.1731,44,ROTORCRAFT_STATUS,0,0,0,106,0,4,1,1,3,0,1,66,15.748661,4.834082
66.1931,44,ROTORCRAFT_STATUS,0,0,0,106,0,4,1,1,3,0,1,66,15.831819,4.881294
66.2131,44,ROTORCRAFT_STATUS,0,0,0,106,0,4,1,1,3,0,1,66,15.831819,4.881294
66.2331,44,ROTORCRAFT_STATUS,0,0,0,106,0,4,1,1,3,0,1,66,15.831819,4.881294
66.2531,44,ROTORCRAFT_STATUS,0,0,0,106,0,4,1,1,3,0,1,66,15.831819,4.881294
66.2731,44,ROTORCRAFT_STATUS,0,0,0,106,0,4,1,1,3,0,1,66,15.831819,4.881294
66.2931,44,ROTORCRAFT_STATUS,0,0,0,106,0,4,1,1,3,0,1,66,15.839156,4.883579
66.3131,44,ROTORCRAFT_STATUS,0,0,0,106,0,4,1,1,3,0,1,66,15.839156,4.883579
66.3331,44,ROTORCRAFT_STATUS,0,0,0,106,0,4,1,1,3,0,1,66,15.839156,4.883579
66.3531,44,ROTORCRAFT_STATUS,0,0,0,106,0,4,1,1,3,0,1,66,15.839156,4.883579
66.3731,44,ROTORCRAFT_STATUS,0,0,0,107,0,4,1,1,3,0,1,66,15.839156,4.883579
66.3931,44,ROTORCRAFT_STATUS,0,0,0,107,0,4,1,1,3,0,1,66,15.702802,4.813807
66.4131,44,ROTORCRAFT_STATUS,0,0,0,107,0,4,1,1,3,0,1,66,15.702802,4.813807
66.4331,44,ROTORCRAFT_STATUS,0,0,0,107,0,4,1,1,3,0,1,66,15.702802,4.813807
66.4531,44,ROTORCRAFT_STATUS,0,0,0,107,0,4,1,1,3,0,1,66,15.702802,4.813807
66.4731,44,ROTORCRAFT_STATUS,0,0,0,107,0,4,1,1,3,0,1,66,15.702802,4.813807
66.4931,44,ROTORCRAFT_STATUS,0,0,0,107,0,4,1,1,3,0,1,66,15.739489,4.83094
66.5131,44,ROTORCRAFT_STATUS,0,0,0,107,0,4,1,1,3,0,1,66,15.739489,4.83094
66.5331,44,ROTORCRAFT_STATUS,0,0,0,107,0,4,1,1,3,0,1,66,15.739489,4.83094
66.5531,44,ROTORCRAFT_STATUS,0,0,0,107,0,4,1,1,3,0,1,66,15.739489,4.83094
66.5731,44,ROTORCRAFT_STATUS,0,0,0,107,0,4,1,1,3,0,1,66,15.739489,4.83094
66.5931,44,ROTORCRAFT_STATUS,0,0,0,107,0,4,1,1,3,0,1,66,15.742546,4.831892
66.6131,44,ROTORCRAFT_STATUS,0,0,0,107,0,4,1,1,3,0,1,66,15.742546,4.831892
66.6331,44,ROTORCRAFT_STATUS,0,0,0,107,0,4,1,1,3,0,1,66,15.742546,4.831892
66.6531,44,ROTORCRAFT_STATUS,0,0,0,107,0,4,1,1,3,0,1,66,15.742546,4.831892
66.6731,44,ROTORCRAFT_STATUS,0,0,0,107,0,4,1,1,3,0,1,66,15.742546,4.831892
66.6931,44,ROTORCRAFT_STATUS,0,0,0,107,0,4,1,1,3,0,1,66,15.87462,4.884912
66.7131,44,ROTORCRAFT_STATUS,0,0,0,107,0,4,1,1,3,0,1,66,15.87462,4.884912
66.7331,44,ROTORCRAFT_STATUS,0,0,0,107,0,4,1,1,3,0,1,66,15.87462,4.884912
66.7531,44,ROTORCRAFT_STATUS,0,0,0,107,0,4,1,1,3,0,1,66,15.87462,4.884912
66.7731,44,ROTORCRAFT_STATUS,0,0,0,107,0,4,1,1,3,0,1,66,15.87462,4.884912
66.7931,44,ROTORCRAFT_STATUS,0,0,0,107,0,4,1,1,3,0,1,66,15.833653,4.878344
66.8131,44,ROTORCRAFT_STATUS,0,0,0,107,0,4,1,1,3,0,1,66,15.833653,4.878344
66.8331,44,ROTORCRAFT_STATUS,0,0,0,107,0,4,1,1,3,0,1,66,15.833653,4.878344
66.8531,44,ROTORCRAFT_STATUS,0,0,0,107,0,4,1,1,3,0,1,66,15.833653,4.878344
66.8731,44,ROTORCRAFT_STATUS,0,0,0,107,0,4,1,1,3,0,1,66,15.833653,4.878344
66.8931,44,ROTORCRAFT_STATUS,0,0,0,107,0,4,1,1,3,0,1,66,15.722368,4.831702
66.9131,44,ROTORCRAFT_STATUS,0,0,0,107,0,4,1,1,3,0,1,66,15.722368,4.831702
66.9331,44,ROTORCRAFT_STATUS,0,0,0,107,0,4,1,1,3,0,1,66,15.722368,4.831702
66.9531,44,ROTORCRAFT_STATUS,0,0,0,107,0,4,1,1,3,0,1,66,15.722368,4.831702
66.9731,44,ROTORCRAFT_STATUS,0,0,0,107,0,4,1,1,3,0,1,66,15.722368,4.831702
66.9931,44,ROTORCRAFT_STATUS,0,0,0,107,0,4,1,1,3,0,1,66,15.735209,4.835795
67.0131,44,ROTORCRAFT_STATUS,0,0,0,107,0,4,1,1,3,0,1,67,15.735209,4.835795
67.0331,44,ROTORCRAFT_STATUS,0,0,0,107,0,4,1,1,3,0,1,67,15.735209,4.835795
67.0531,44,ROTORCRAFT_STATUS,0,0,0,107,0,4,1,1,3,0,1,67,15.735209,4.835795
67.0731,44,ROTORCRAFT_STATUS,0,0,0,107,0,4,1,1,3,0,1,67,15.735209,4.835795
67.0931,44,ROTORCRAFT_STATUS,0,0,0,107,0,4,1,1,3,0,1,67,15.753552,4.845409
67.1131,44,ROTORCRAFT_STATUS,0,0,0,107,0,4,1,1,3,0,1,67,15.753552,4.845409
67.1331,44,ROTORCRAFT_STATUS,0,0,0,107,0,4,1,1,3,0,1,67,15.753552,4.845409
67.1531,44,ROTORCRAFT_STATUS,0,0,0,107,0,4,1,1,3,0,1,67,15.753552,4.845409
67.1731,44,ROTORCRAFT_STATUS,0,0,0,107,0,4,1,1,3,0,1,67,15.753552,4.845409
67.1931,44,ROTORCRAFT_STATUS,0,0,0,107,0,4,1,1,3,0,1,67,15.840379,4.893669
67.2131,44,ROTORCRAFT_STATUS,0,0,0,107,0,4,1,1,3,0,1,67,15.840379,4.893669
67.2331,44,ROTORCRAFT_STATUS,0,0,0,107,0,4,1,1,3,0,1,67,15.840379,4.893669
67.2531,44,ROTORCRAFT_STATUS,0,0,0,107,0,4,1,1,3,0,1,67,15.840379,4.893669
67.2731,44,ROTORCRAFT_STATUS,0,0,0,107,0,4,1,1,3,0,1,67,15.840379,4.893669
67.2931,44,ROTORCRAFT_STATUS,0,0,0,107,0,4,1,1,3,0,1,67,15.796966,4.87644
67.3131,44,ROTORCRAFT_STATUS,0,0,0,107,0,4,1,1,3,0,1,67,15.796966,4.87644
67.3331,44,ROTORCRAFT_STATUS,0,0,0,107,0,4,1,1,3,0,1,67,15.796966,4.87644
67.3531,44,ROTORCRAFT_STATUS,0,0,0,107,0,4,1,1,3,0,1,67,15.796966,4.87644
67.3731,44,ROTORCRAFT_STATUS,0,0,0,107,0,4,1,1,3,0,1,67,15.796966,4.87644
67.3931,44,ROTORCRAFT_STATUS,0,0,0,106,0,4,1,1,3,0,1,67,15.521199,4.719191
67.4131,44,ROTORCRAFT_STATUS,0,0,0,106,0,4,1,1,3,0,1,67,15.521199,4.719191
67.4331,44,ROTORCRAFT_STATUS,0,0,0,106,0,4,1,1,3,0,1,67,15.521199,4.719191
67.4531,44,ROTORCRAFT_STATUS,0,0,0,106,0,4,1,1,3,0,1,67,15.521199,4.719191
67.4731,44,ROTORCRAFT_STATUS,0,0,0,106,0,4,1,1,3,0,1,67,15.521199,4.719191
67.4931,44,ROTORCRAFT_STATUS,0,0,0,106,0,4,1,1,3,0,1,67,15.733375,4.838651
67.5131,44,ROTORCRAFT_STATUS,0,0,0,106,0,4,1,1,3,0,1,67,15.733375,4.838651
67.5331,44,ROTORCRAFT_STATUS,0,0,0,106,0,4,1,1,3,0,1,67,15.733375,4.838651
67.5531,44,ROTORCRAFT_STATUS,0,0,0,106,0,4,1,1,3,0,1,67,15.733375,4.838651
67.5731,44,ROTORCRAFT_STATUS,0,0,0,106,0,4,1,1,3,0,1,67,15.733375,4.838651
67.5931,44,ROTORCRAFT_STATUS,0,0,0,106,0,4,1,1,3,0,1,67,15.699133,4.842743
67.6131,44,ROTORCRAFT_STATUS,0,0,0,106,0,4,1,1,3,0,1,67,15.699133,4.842743
67.6331,44,ROTORCRAFT_STATUS,0,0,0,106,0,4,1,1,3,0,1,67,15.699133,4.842743
67.6531,44,ROTORCRAFT_STATUS,0,0,0,106,0,4,1,1,3,0,1,67,15.699133,4.842743
67.6731,44,ROTORCRAFT_STATUS,0,0,0,106,0,4,1,1,3,0,1,67,15.699133,4.842743
67.6931,44,ROTORCRAFT_STATUS,0,0,0,106,0,4,1,1,3,0,1,67,15.675898,4.829513
67.7131,44,ROTORCRAFT_STATUS,0,0,0,106,0,4,1,1,3,0,1,67,15.675898,4.829513
67.7331,44,ROTORCRAFT_STATUS,0,0,0,106,0,4,1,1,3,0,1,67,15.675898,4.829513
67.7531,44,ROTORCRAFT_STATUS,0,0,0,106,0,4,1,1,3,0,1,67,15.675898,4.829513
67.7731,44,ROTORCRAFT_STATUS,0,0,0,106,0,4,1,1,3,0,1,67,15.675898,4.829513
67.7931,44,ROTORCRAFT_STATUS,0,0,0,106,0,4,1,1,3,0,1,67,15.796354,4.871109
67.8131,44,ROTORCRAFT_STATUS,0,0,0,106,0,4,1,1,3,0,1,67,15.796354,4.871109
67.8331,44,ROTORCRAFT_STATUS,0,0,0,106,0,4,1,1,3,0,1,67,15.796354,4.871109
67.8531,44,ROTORCRAFT_STATUS,0,0,0,106,0,4,1,1,3,0,1,67,15.796354,4.871109
67.8731,44,ROTORCRAFT_STATUS,0,0,0,106,0,4,1,1,3,0,1,67,15.796354,4.871109
67.8931,44,ROTORCRAFT_STATUS,0,0,0,106,0,4,1,1,3,0,1,67,15.697298,4.828846
67.9131,44,ROTORCRAFT_STATUS,0,0,0,106,0,4,1,1,3,0,1,67,15.697298,4.828846
67.9331,44,ROTORCRAFT_STATUS,0,0,0,106,0,4,1,1,3,0,1,67,15.697298,4.828846
67.9531,44,ROTORCRAFT_STATUS,0,0,0,106,0,4,1,1,3,0,1,67,15.697298,4.828846
67.9731,44,ROTORCRAFT_STATUS,0,0,0,106,0,4,1,1,3,0,1,67,15.697298,4.828846
67.9931,44,ROTORCRAFT_STATUS,0,0,0,106,0,4,1,1,3,0,1,67,15.733986,4.841792
68.0131,44,ROTORCRAFT_STATUS,0,0,0,106,0,4,1,1,3,0,1,68,15.733986,4.841792
68.0331,44,ROTORCRAFT_STATUS,0,0,0,106,0,4,1,1,3,0,1,68,15.733986,4.841792
68.0531,44,ROTORCRAFT_STATUS,0,0,0,106,0,4,1,1,3,0,1,68,15.733986,4.841792
68.0731,44,ROTORCRAFT_STATUS,0,0,0,106,0,4,1,1,3,0,1,68,15.733986,4.841792
68.0931,44,ROTORCRAFT_STATUS,0,0,0,106,0,4,1,1,3,0,1,68,15.497353,4.718239
68.1131,44,ROTORCRAFT_STATUS,0,0,0,106,0,4,1,1,3,0,1,68,15.497353,4.718239
68.1331,44,ROTORCRAFT_STATUS,0,0,0,106,0,4,1,1,3,0,1,68,15.497353,4.718239
68.1531,44,ROTORCRAFT_STATUS,0,0,0,106,0,4,1,1,3,0,1,68,15.497353,4.718239
68.1731,44,ROTORCRAFT_STATUS,0,0,0,106,0,4,1,1,3,0,1,68,15.497353,4.718239
68.1931,44,ROTORCRAFT_STATUS,0,0,0,106,0,4,1,1,3,0,1,68,15.799412,4.880533
68.2131,44,ROTORCRAFT_STATUS,0,0,0,106,0,4,1,1,3,0,1,68,15.799412,4.880533
68.2331,44,ROTORCRAFT_STATUS,0,0,0,106,0,4,1,1,3,0,1,68,15.799412,4.880533
68.2531,44,ROTORCRAFT_STATUS,0,0,0,106,0,4,1,1,3,0,1,68,15.799412,4.880533
68.2731,44,ROTORCRAFT_STATUS,0,0,0,106,0,4,1,1,3,0,1,68,15.799412,4.880533
68.2931,44,ROTORCRAFT_STATUS,0,0,0,106,0,4,1,1,3,0,1,68,15.801857,4.880057
68.3131,44,ROTORCRAFT_STATUS,0,0,0,106,0,4,1,1,3,0,1,68,15.801857,4.880057
68.3331,44,ROTORCRAFT_STATUS,0,0,0,106,0,4,1,1,3,0,1,68,15.801857,4.880057
68.3531,44,ROTORCRAFT_STATUS,0,0,0,106,0,4,1,1,3,0,1,68,15.801857,4.880057
68.3731,44,ROTORCRAFT_STATUS,0,0,0,106,0,4,1,1,3,0,1,68,15.801857,4.880057
68.3931,44,ROTORCRAFT_STATUS,0,0,0,106,0,4,1,1,3,0,1,68,15.723591,4.838936
68.4131,44,ROTORCRAFT_STATUS,0,0,0,102,0,4,1,1,3,0,1,68,15.723591,4.838936
68.4331,44,ROTORCRAFT_STATUS,0,0,0,102,0,4,1,1,3,0,1,68,15.723591,4.838936
68.4531,44,ROTORCRAFT_STATUS,0,0,0,102,0,4,1,1,3,0,1,68,15.723591,4.838936
68.4731,44,ROTORCRAFT_STATUS,0,0,0,102,0,4,1,1,3,0,1,68,15.723591,4.838936
68.4931,44,ROTORCRAFT_STATUS,0,0,0,102,0,4,1,1,3,0,1,68,15.724814,4.846456
68.5131,44,ROTORCRAFT_STATUS,0,0,0,102,0,4,1,1,3,0,1,68,15.724814,4.846456
68.5331,44,ROTORCRAFT_STATUS,0,0,0,102,0,4,1,1,3,0,1,68,15.724814,4.846456
68.5531,44,ROTORCRAFT_STATUS,0,0,0,102,0,4,1,1,3,0,1,68,15.724814,4.846456
68.5731,44,ROTORCRAFT_STATUS,0,0,0,102,0,4,1,1,3,0,1,68,15.724814,4.846456
68.5931,44,ROTORCRAFT_STATUS,0,0,0,102,0,4,1,1,3,0,1,68,15.726037,4.835414
68.6131,44,ROTORCRAFT_STATUS,0,0,0,102,0,4,1,1,3,0,1,68,15.726037,4.835414
68.6331,44,ROTORCRAFT_STATUS,0,0,0,102,0,4,1,1,3,0,1,68,15.726037,4.835414
68.6531,44,ROTORCRAFT_STATUS,0,0,0,102,0,4,1,1,3,0,1,68,15.726037,4.835414
68.6731,44,ROTORCRAFT_STATUS,0,0,0,102,0,4,1,1,3,0,1,68,15.726037,4.835414
68.6931,44,ROTORCRAFT_STATUS,0,0,0,102,0,4,1,1,3,0,1,68,15.693629,4.801432
68.7131,44,ROTORCRAFT_STATUS,0,0,0,102,0,4,1,1,3,0,1,68,15.693629,4.801432
68.7331,44,ROTORCRAFT_STATUS,0,0,0,102,0,4,1,1,3,0,1,68,15.693629,4.801432
68.7531,44,ROTORCRAFT_STATUS,0,0,0,102,0,4,1,1,3,0,1,68,15.693629,4.801432
68.7731,44,ROTORCRAFT_STATUS,0,0,0,102,0,4,1,1,3,0,1,68,15.693629,4.801432
68.7931,44,ROTORCRAFT_STATUS,0,0,0,102,0,4,1,1,3,0,1,68,15.816532,4.891384
68.8131,44,ROTORCRAFT_STATUS,0,0,0,102,0,4,1,1,3,0,1,68,15.816532,4.891384
68.8331,44,ROTORCRAFT_STATUS,0,0,0,102,0,4,1,1,3,0,1,68,15.816532,4.891384
68.8531,44,ROTORCRAFT_STATUS,0,0,0,102,0,4,1,1,3,0,1,68,15.816532,4.891384
68.8731,44,ROTORCRAFT_STATUS,0,0,0,102,0,4,1,1,3,0,1,68,15.816532,4.891384
68.8931,44,ROTORCRAFT_STATUS,0,0,0,102,0,4,1,1,3,0,1,68,15.707693,4.841506
68.9131,44,ROTORCRAFT_STATUS,0,0,0,102,0,4,1,1,3,0,1,68,15.707693,4.841506
68.9331,44,ROTORCRAFT_STATUS,0,0,0,102,0,4,1,1,3,0,1,68,15.707693,4.841506
68.9531,44,ROTORCRAFT_STATUS,0,0,0,102,0,4,1,1,3,0,1,68,15.707693,4.841506
68.9731,44,ROTORCRAFT_STATUS,0,0,0,102,0,4,1,1,3,0,1,68,15.707693,4.841506
68.9931,44,ROTORCRAFT_STATUS,0,0,0,102,0,4,1,1,3,0,1,68,15.70647,4.839031
69.0131,44,ROTORCRAFT_STATUS,0,0,0,102,0,4,1,1,3,0,1,69,15.70647,4.839031
69.0331,44,ROTORCRAFT_STATUS,0,0,0,102,0,4,1,1,3,0,1,69,15.70647,4.839031
69.0531,44,ROTORCRAFT_STATUS,0,0,0,102,0,4,1,1,3,0,1,69,15.70647,4.839031
69.0731,44,ROTORCRAFT_STATUS,0,0,0,102,0,4,1,1,3,0,1,69,15.70647,4.839031
69.0931,44,ROTORCRAFT_STATUS,0,0,0,102,0,4,1,1,3,0,1,69,15.606803,4.761549
69.1131,44,ROTORCRAFT_STATUS,0,0,0,102,0,4,1,1,3,0,1,69,15.606803,4.761549
69.1331,44,ROTORCRAFT_STATUS,0,0,0,102,0,4,1,1,3,0,1,69,15.606803,4.761549
69.1531,44,ROTORCRAFT_STATUS,0,0,0,102,0,4,1,1,3,0,1,69,15.606803,4.761549
69.1731,44,ROTORCRAFT_STATUS,0,0,0,102,0,4,1,1,3,0,1,69,15.606803,4.761549
69.1931,44,ROTORCRAFT_STATUS,0,0,0,102,0,4,1,1,3,0,1,69,15.789017,4.879962
69.2131,44,ROTORCRAFT_STATUS,0,0,0,102,0,4,1,1,3,0,1,69,15.789017,4.879962
69.2331,44,ROTORCRAFT_STATUS,0,0,0,102,0,4,1,1,3,0,1,69,15.789017,4.879962
69.2531,44,ROTORCRAFT_STATUS,0,0,0,102,0,4,1,1,3,0,1,69,15.789017,4.879962
69.2731,44,ROTORCRAFT_STATUS,0,0,0,102,0,4,1,1,3,0,1,69,15.789017,4.879962
69.2931,44,ROTORCRAFT_STATUS,0,0,0,102,0,4,1,1,3,0,1,69,15.796354,4.88396
69.3131,44,ROTORCRAFT_STATUS,0,0,0,102,0,4,1,1,3,0,1,69,15.796354,4.88396
69.3331,44,ROTORCRAFT_STATUS,0,0,0,102,0,4,1,1,3,0,1,69,15.796354,4.88396
69.3531,44,ROTORCRAFT_STATUS,0,0,0,102,0,4,1,1,3,0,1,69,15.796354,4.88396
69.3731,44,ROTORCRAFT_STATUS,0,0,0,102,0,4,1,1,3,0,1,69,15.796354,4.88396
69.3931,44,ROTORCRAFT_STATUS,0,0,0,102,0,4,1,1,3,0,1,69,15.691184,4.832749
69.4131,44,ROTORCRAFT_STATUS,0,0,0,102,0,4,1,1,3,0,1,69,15.691184,4.832749
69.4331,44,ROTORCRAFT_STATUS,0,0,0,106,0,4,1,1,3,0,1,69,15.691184,4.832749
69.4531,44,ROTORCRAFT_STATUS,0,0,0,106,0,4,1,1,3,0,1,69,15.691184,4.832749
69.4731,44,ROTORCRAFT_STATUS,0,0,0,106,0,4,1,1,3,0,1,69,15.691184,4.832749
69.4931,44,ROTORCRAFT_STATUS,0,0,0,106,0,4,1,1,3,0,1,69,15.688127,4.835414
69.5131,44,ROTORCRAFT_STATUS,0,0,0,106,0,4,1,1,3,0,1,69,15.688127,4.835414
69.5331,44,ROTORCRAFT_STATUS,0,0,0,106,0,4,1,1,3,0,1,69,15.688127,4.835414
69.5531,44,ROTORCRAFT_STATUS,0,0,0,106,0,4,1,1,3,0,1,69,15.688127,4.835414
69.5731,44,ROTORCRAFT_STATUS,0,0,0,106,0,4,1,1,3,0,1,69,15.688127,4.835414
69.5931,44,ROTORCRAFT_STATUS,0,0,0,106,0,4,1,1,3,0,1,69,15.686904,4.830845
69.6131,44,ROTORCRAFT_STATUS,0,0,0,106,0,4,1,1,3,0,1,69,15.686904,4.830845
69.6331,44,ROTORCRAFT_STATUS,0,0,0,106,0,4,1,1,3,0,1,69,15.686904,4.830845
69.6531,44,ROTORCRAFT_STATUS,0,0,0,106,0,4,1,1,3,0,1,69,15.686904,4.830845
69.6731,44,ROTORCRAFT_STATUS,0,0,0,106,0,4,1,1,3,0,1,69,15.686904,4.830845
69.6931,44,ROTORCRAFT_STATUS,0,0,0,106,0,4,1,1,3,0,1,69,15.776788,4.887101
69.7131,44,ROTORCRAFT_STATUS,0,0,0,106,0,4,1,1,3,0,1,69,15.776788,4.887101
69.7331,44,ROTORCRAFT_STATUS,0,0,0,106,0,4,1,1,3,0,1,69,15.776788,4.887101
69.7531,44,ROTORCRAFT_STATUS,0,0,0,106,0,4,1,1,3,0,1,69,15.776788,4.887101
69.7731,44,ROTORCRAFT_STATUS,0,0,0,106,0,4,1,1,3,0,1,69,15.776788,4.887101
69.7931,44,ROTORCRAFT_STATUS,0,0,0,106,0,4,1,1,3,0,1,69,15.73154,4.868825
69.8131,44,ROTORCRAFT_STATUS,0,0,0,106,0,4,1,1,3,0,1,69,15.73154,4.868825
69.8331,44,ROTORCRAFT_STATUS,0,0,0,106,0,4,1,1,3,0,1,69,15.73154,4.868825
69.8531,44,ROTORCRAFT_STATUS,0,0,0,106,0,4,1,1,3,0,1,69,15.73154,4.868825
69.8731,44,ROTORCRAFT_STATUS,0,0,0,106,0,4,1,1,3,0,1,69,15.73154,4.868825
69.8931,44,ROTORCRAFT_STATUS,0,0,0,106,0,4,1,1,3,0,1,69,15.678955,4.822373
69.9131,44,ROTORCRAFT_STATUS,0,0,0,106,0,4,1,1,3,0,1,69,15.678955,4.822373
69.9331,44,ROTORCRAFT_STATUS,0,0,0,106,0,4,1,1,3,0,1,69,15.678955,4.822373
69.9531,44,ROTORCRAFT_STATUS,0,0,0,106,0,4,1,1,3,0,1,69,15.678955,4.822373
69.9731,44,ROTORCRAFT_STATUS,0,0,0,106,0,4,1,1,3,0,1,69,15.678955,4.822373
69.9931,44,ROTORCRAFT_STATUS,0,0,0,106,0,4,1,1,3,0,1,69,15.696075,4.832178
70.0131,44,ROTORCRAFT_STATUS,0,0,0,106,0,4,1,1,3,0,1,70,15.696075,4.832178
70.0331,44,ROTORCRAFT_STATUS,0,0,0,106,0,4,1,1,3,0,1,70,15.696075,4.832178
70.0531,44,ROTORCRAFT_STATUS,0,0,0,106,0,4,1,1,3,0,1,70,15.696075,4.832178
70.0731,44,ROTORCRAFT_STATUS,0,0,0,106,0,4,1,1,3,0,1,70,15.696075,4.832178
70.0931,44,ROTORCRAFT_STATUS,0,0,0,106,0,4,1,1,3,0,1,70,15.719922,4.85112
70.1131,44,ROTORCRAFT_STATUS,0,0,0,106,0,4,1,1,3,0,1,70,15.719922,4.85112
70.1331,44,ROTORCRAFT_STATUS,0,0,0,106,0,4,1,1,3,0,1,70,15.719922,4.85112
70.1531,44,ROTORCRAFT_STATUS,0,0,0,106,0,4,1,1,3,0,1,70,15.719922,4.85112
70.1731,44,ROTORCRAFT_STATUS,0,0,0,106,0,4,1,1,3,0,1,70,15.719922,4.85112
70.1931,44,ROTORCRAFT_STATUS,0,0,0,106,0,4,1,1,3,0,1,70,15.810418,4.897381
70.2131,44,ROTORCRAFT_STATUS,0,0,0,106,0,4,1,1,3,0,1,70,15.810418,4.897381
70.2331,44,ROTORCRAFT_STATUS,0,0,0,106,0,4,1,1,3,0,1,70,15.810418,4.897381
70.2531,44,ROTORCRAFT_STATUS,0,0,0,106,0,4,1,1,3,0,1,70,15.810418,4.897381
70.2731,44,ROTORCRAFT_STATUS,0,0,0,106,0,4,1,1,3,0,1,70,15.810418,4.897381
70.2931,44,ROTORCRAFT_STATUS,0,0,0,106,0,4,1,1,3,0,1,70,15.768839,4.87387
70.3131,44,ROTORCRAFT_STATUS,0,0,0,106,0,4,1,1,3,0,1,70,15.768839,4.87387
70.3331,44,ROTORCRAFT_STATUS,0,0,0,106,0,4,1,1,3,0,1,70,15.768839,4.87387
70.3531,44,ROTORCRAFT_STATUS,0,0,0,106,0,4,1,1,3,0,1,70,15.768839,4.87387
70.3731,44,ROTORCRAFT_STATUS,0,0,0,106,0,4,1,1,3,0,1,70,15.768839,4.87387
70.3931,44,ROTORCRAFT_STATUS,0,0,0,106,0,4,1,1,3,0,1,70,15.682012,4.837413
70.4131,44,ROTORCRAFT_STATUS,0,0,0,106,0,4,1,1,3,0,1,70,15.682012,4.837413
70.4331,44,ROTORCRAFT_STATUS,0,0,0,106,0,4,1,1,3,0,1,70,15.682012,4.837413
70.4531,44,ROTORCRAFT_STATUS,0,0,0,109,0,4,1,1,3,0,1,70,15.682012,4.837413
70.4731,44,ROTORCRAFT_STATUS,0,0,0,109,0,4,1,1,3,0,1,70,15.682012,4.837413
70.4931,44,ROTORCRAFT_STATUS,0,0,0,109,0,4,1,1,3,0,1,70,15.716865,4.84065
70.5131,44,ROTORCRAFT_STATUS,0,0,0,109,0,4,1,1,3,0,1,70,15.716865,4.84065
70.5331,44,ROTORCRAFT_STATUS,0,0,0,109,0,4,1,1,3,0,1,70,15.716865,4.84065
70.5531,44,ROTORCRAFT_STATUS,0,0,0,109,0,4,1,1,3,0,1,70,15.716865,4.84065
70.5731,44,ROTORCRAFT_STATUS,0,0,0,109,0,4,1,1,3,0,1,70,15.716865,4.84065
70.5931,44,ROTORCRAFT_STATUS,0,0,0,109,0,4,1,1,3,0,1,70,15.532817,4.731375
70.6131,44,ROTORCRAFT_STATUS,0,0,0,109,0,4,1,1,3,0,1,70,15.532817,4.731375
70.6331,44,ROTORCRAFT_STATUS,0,0,0,109,0,4,1,1,3,0,1,70,15.532817,4.731375
70.6531,44,ROTORCRAFT_STATUS,0,0,0,109,0,4,1,1,3,0,1,70,15.532817,4.731375
70.6731,44,ROTORCRAFT_STATUS,0,0,0,109,0,4,1,1,3,0,1,70,15.532817,4.731375
70.6931,44,ROTORCRAFT_STATUS,0,0,0,109,0,4,1,1,3,0,1,70,15.744992,4.872918
70.7131,44,ROTORCRAFT_STATUS,0,0,0,109,0,4,1,1,3,0,1,70,15.744992,4.872918
70.7331,44,ROTORCRAFT_STATUS,0,0,0,109,0,4,1,1,3,0,1,70,15.744992,4.872918
70.7531,44,ROTORCRAFT_STATUS,0,0,0,109,0,4,1,1,3,0,1,70,15.744992,4.872918
70.7731,44,ROTORCRAFT_STATUS,0,0,0,109,0,4,1,1,3,0,1,70,15.744992,4.872918
70.7931,44,ROTORCRAFT_STATUS,0,0,0,109,0,4,1,1,3,0,1,70,15.747437,4.878629
70.8131,44,ROTORCRAFT_STATUS,0,0,0,109,0,4,1,1,3,0,1,70,15.747437,4.878629
70.8331,44,ROTORCRAFT_STATUS,0,0,0,109,0,4,1,1,3,0,1,70,15.747437,4.878629
70.8531,44,ROTORCRAFT_STATUS,0,0,0,109,0,4,1,1,3,0,1,70,15.747437,4.878629
70.8731,44,ROTORCRAFT_STATUS,0,0,0,109,0,4,1,1,3,0,1,70,15.747437,4.878629
70.8931,44,ROTORCRAFT_STATUS,0,0,0,109,0,4,1,1,3,0,1,70,15.674675,4.827894
70.9131,44,ROTORCRAFT_STATUS,0,0,0,109,0,4,1,1,3,0,1,70,15.674675,4.827894
70.9331,44,ROTORCRAFT_STATUS,0,0,0,109,0,4,1,1,3,0,1,70,15.674675,4.827894
70.9531,44,ROTORCRAFT_STATUS,0,0,0,109,0,4,1,1,3,0,1,70,15.674675,4.827894
70.9731,44,ROTORCRAFT_STATUS,0,0,0,109,0,4,1,1,3,0,1,70,15.674675,4.827894
70.9931,44,ROTORCRAFT_STATUS,0,0,0,109,0,4,1,1,3,0,1,70,15.69791,4.83827
71.0131,44,ROTORCRAFT_STATUS,0,0,0,109,0,4,1,1,3,0,1,71,15.69791,4.83827
71.0331,44,ROTORCRAFT_STATUS,0,0,0,109,0,4,1,1,3,0,1,71,15.69791,4.83827
71.0531,44,ROTORCRAFT_STATUS,0,0,0,109,0,4,1,1,3,0,1,71,15.69791,4.83827
71.0731,44,ROTORCRAFT_STATUS,0,0,0,109,0,4,1,1,3,0,1,71,15.69791,4.83827
71.0931,44,ROTORCRAFT_STATUS,0,0,0,109,0,4,1,1,3,0,1,71,15.627592,4.826371
71.1131,44,ROTORCRAFT_STATUS,0,0,0,109,0,4,1,1,3,0,1,71,15.627592,4.826371
71.1331,44,ROTORCRAFT_STATUS,0,0,0,109,0,4,1,1,3,0,1,71,15.627592,4.826371
71.1531,44,ROTORCRAFT_STATUS,0,0,0,109,0,4,1,1,3,0,1,71,15.627592,4.826371
71.1731,44,ROTORCRAFT_STATUS,0,0,0,109,0,4,1,1,3,0,1,71,15.627592,4.826371
71.1931,44,ROTORCRAFT_STATUS,0,0,0,109,0,4,1,1,3,0,1,71,15.76089,4.875298
71.2131,44,ROTORCRAFT_STATUS,0,0,0,109,0,4,1,1,3,0,1,71,15.76089,4.875298
71.2331,44,ROTORCRAFT_STATUS,0,0,0,109,0,4,1,1,3,0,1,71,15.76089,4.875298
71.2531,44,ROTORCRAFT_STATUS,0,0,0,109,0,4,1,1,3,0,1,71,15.76089,4.875298
71.2731,44,ROTORCRAFT_STATUS,0,0,0,109,0,4,1,1,3,0,1,71,15.76089,4.875298
71.2931,44,ROTORCRAFT_STATUS,0,0,0,109,0,4,1,1,3,0,1,71,15.748661,4.877963
71.3131,44,ROTORCRAFT_STATUS,0,0,0,109,0,4,1,1,3,0,1,71,15.748661,4.877963
71.3331,44,ROTORCRAFT_STATUS,0,0,0,109,0,4,1,1,3,0,1,71,15.748661,4.877963
71.3531,44,ROTORCRAFT_STATUS,0,0,0,109,0,4,1,1,3,0,1,71,15.748661,4.877963
71.3731,44,ROTORCRAFT_STATUS,0,0,0,109,0,4,1,1,3,0,1,71,15.748661,4.877963
71.3931,44,ROTORCRAFT_STATUS,0,0,0,109,0,4,1,1,3,0,1,71,15.585402,4.762881
71.4131,44,ROTORCRAFT_STATUS,0,0,0,109,0,4,1,1,3,0,1,71,15.585402,4.762881
71.4331,44,ROTORCRAFT_STATUS,0,0,0,109,0,4,1,1,3,0,1,71,15.585402,4.762881
71.4531,44,ROTORCRAFT_STATUS,0,0,0,109,0,4,1,1,3,0,1,71,15.585402,4.762881
71.4731,44,ROTORCRAFT_STATUS,0,0,0,102,0,4,1,1,3,0,1,71,15.585402,4.762881
71.4931,44,ROTORCRAFT_STATUS,0,0,0,102,0,4,1,1,3,0,1,71,15.694853,4.84103
71.5131,44,ROTORCRAFT_STATUS,0,0,0,102,0,4,1,1,3,0,1,71,15.694853,4.84103
71.5331,44,ROTORCRAFT_STATUS,0,0,0,102,0,4,1,1,3,0,1,71,15.694853,4.84103
71.5531,44,ROTORCRAFT_STATUS,0,0,0,102,0,4,1,1,3,0,1,71,15.694853,4.84103
71.5731,44,ROTORCRAFT_STATUS,0,0,0,102,0,4,1,1,3,0,1,71,15.694853,4.84103
71.5931,44,ROTORCRAFT_STATUS,0,0,0,102,0,4,1,1,3,0,1,71,15.669783,4.831416
71.6131,44,ROTORCRAFT_STATUS,0,0,0,102,0,4,1,1,3,0,1,71,15.669783,4.831416
71.6331,44,ROTORCRAFT_STATUS,0,0,0,102,0,4,1,1,3,0,1,71,15.669783,4.831416
71.6531,44,ROTORCRAFT_STATUS,0,0,0,102,0,4,1,1,3,0,1,71,15.669783,4.831416
71.6731,44,ROTORCRAFT_STATUS,0,0,0,102,0,4,1,1,3,0,1,71,15.669783,4.831416
71.6931,44,ROTORCRAFT_STATUS,0,0,0,102,0,4,1,1,3,0,1,71,15.74805,4.874441
71.7131,44,ROTORCRAFT_STATUS,0,0,0,102,0,4,1,1,3,0,1,71,15.74805,4.874441
71.7331,44,ROTORCRAFT_STATUS,0,0,0,102,0,4,1,1,3,0,1,71,15.74805,4.874441
71.7531,44,ROTORCRAFT_STATUS,0,0,0,102,0,4,1,1,3,0,1,71,15.74805,4.874441
71.7731,44,ROTORCRAFT_STATUS,0,0,0,102,0,4,1,1,3,0,1,71,15.74805,4.874441
71.7931,44,ROTORCRAFT_STATUS,0,0,0,102,0,4,1,1,3,0,1,71,15.763335,4.885578
71.8131,44,ROTORCRAFT_STATUS,0,0,0,102,0,4,1,1,3,0,1,71,15.763335,4.885578
71.8331,44,ROTORCRAFT_STATUS,0,0,0,102,0,4,1,1,3,0,1,71,15.763335,4.885578
71.8531,44,ROTORCRAFT_STATUS,0,0,0,102,0,4,1,1,3,0,1,71,15.763335,4.885578
71.8731,44,ROTORCRAFT_STATUS,0,0,0,102,0,4,1,1,3,0,1,71,15.763335,4.885578
71.8931,44,ROTORCRAFT_STATUS,0,0,0,102,0,4,1,1,3,0,1,71,15.671006,4.837413
71.9131,44,ROTORCRAFT_STATUS,0,0,0,102,0,4,1,1,3,0,1,71,15.671006,4.837413
71.9331,44,ROTORCRAFT_STATUS,0,0,0,102,0,4,1,1,3,0,1,71,15.671006,4.837413
71.9531,44,ROTORCRAFT_STATUS,0,0,0,102,0,4,1,1,3,0,1,71,15.671006,4.837413
71.9731,44,ROTORCRAFT_STATUS,0,0,0,102,0,4,1,1,3,0,1,71,15.671006,4.837413
71.9931,44,ROTORCRAFT_STATUS,0,0,0,102,0,4,1,1,3,0,1,71,15.443544,4.710148
72.0131,44,ROTORCRAFT_STATUS,0,0,0,102,0,4,1,1,3,0,1,72,15.443544,4.710148
72.0331,44,ROTORCRAFT_STATUS,0,0,0,102,0,4,1,1,3,0,1,72,15.443544,4.710148
72.0531,44,ROTORCRAFT_STATUS,0,0,0,102,0,4,1,1,3,0,1,72,15.443544,4.710148
72.0731,44,ROTORCRAFT_STATUS,0,0,0,102,0,4,1,1,3,0,1,72,15.443544,4.710148
72.0931,44,ROTORCRAFT_STATUS,0,0,0,102,0,4,1,1,3,0,1,72,15.671006,4.837604
72.1131,44,ROTORCRAFT_STATUS,0,0,0,102,0,4,1,1,3,0,1,72,15.671006,4.837604
72.1331,44,ROTORCRAFT_STATUS,0,0,0,102,0,4,1,1,3,0,1,72,15.671006,4.837604
72.1531,44,ROTORCRAFT_STATUS,0,0,0,102,0,4,1,1,3,0,1,72,15.671006,4.837604
72.1731,44,ROTORCRAFT_STATUS,0,0,0,102,0,4,1,1,3,0,1,72,15.671006,4.837604
72.1931,44,ROTORCRAFT_STATUS,0,0,0,102,0,4,1,1,3,0,1,72,15.762113,4.879771
72.2131,44,ROTORCRAFT_STATUS,0,0,0,102,0,4,1,1,3,0,1,72,15.762113,4.879771
72.2331,44,ROTORCRAFT_STATUS,0,0,0,102,0,4,1,1,3,0,1,72,15.762113,4.879771
72.2531,44,ROTORCRAFT_STATUS,0,0,0,102,0,4,1,1,3,0,1,72,15.762113,4.879771
72.2731,44,ROTORCRAFT_STATUS,0,0,0,102,0,4,1,1,3,0,1,72,15.762113,4.879771
72.2931,44,ROTORCRAFT_STATUS,0,0,0,102,0,4,1,1,3,0,1,72,15.766393,4.893288
72.3131,44,ROTORCRAFT_STATUS,0,0,0,102,0,4,1,1,3,0,1,72,15.766393,4.893288
72.3331,44,ROTORCRAFT_STATUS,0,0,0,102,0,4,1,1,3,0,1,72,15.766393,4.893288
72.3531,44,ROTORCRAFT_STATUS,0,0,0,102,0,4,1,1,3,0,1,72,15.766393,4.893288
72.3731,44,ROTORCRAFT_STATUS,0,0,0,102,0,4,1,1,3,0,1,72,15.766393,4.893288
72.3931,44,ROTORCRAFT_STATUS,0,0,0,102,0,4,1,1,3,0,1,72,15.670394,4.829893
72.4131,44,ROTORCRAFT_STATUS,0,0,0,102,0,4,1,1,3,0,1,72,15.670394,4.829893
72.4331,44,ROTORCRAFT_STATUS,0,0,0,102,0,4,1,1,3,0,1,72,15.670394,4.829893
72.4531,44,ROTORCRAFT_STATUS,0,0,0,102,0,4,1,1,3,0,1,72,15.670394,4.829893
72.4731,44,ROTORCRAFT_STATUS,0,0,0,102,0,4,1,1,3,0,1,72,15.670394,4.829893
72.4931,44,ROTORCRAFT_STATUS,0,0,0,106,0,4,1,1,3,0,1,72,15.66428,4.833701
72.5131,44,ROTORCRAFT_STATUS,0,0,0,106,0,4,1,1,3,0,1,72,15.66428,4.833701
72.5331,44,ROTORCRAFT_STATUS,0,0,0,106,0,4,1,1,3,0,1,72,15.66428,4.833701
72.5531,44,ROTORCRAFT_STATUS,0,0,0,106,0,4,1,1,3,0,1,72,15.66428,4.833701
72.5731,44,ROTORCRAFT_STATUS,0,0,0,106,0,4,1,1,3,0,1,72,15.66428,4.833701
72.5931,44,ROTORCRAFT_STATUS,0,0,0,106,0,4,1,1,3,0,1,72,15.688127,4.831987
72.6131,44,ROTORCRAFT_STATUS,0,0,0,106,0,4,1,1,3,0,1,72,15.688127,4.831987
72.6331,44,ROTORCRAFT_STATUS,0,0,0,106,0,4,1,1,3,0,1,72,15.688127,4.831987
72.6531,44,ROTORCRAFT_STATUS,0,0,0,106,0,4,1,1,3,0,1,72,15.688127,4.831987
72.6731,44,ROTORCRAFT_STATUS,0,0,0,106,0,4,1,1,3,0,1,72,15.688127,4.831987
72.6931,44,ROTORCRAFT_STATUS,0,0,0,106,0,4,1,1,3,0,1,72,15.760279,4.889671
72.7131,44,ROTORCRAFT_STATUS,0,0,0,106,0,4,1,1,3,0,1,72,15.760279,4.889671
72.7331,44,ROTORCRAFT_STATUS,0,0,0,106,0,4,1,1,3,0,1,72,15.760279,4.889671
72.7531,44,ROTORCRAFT_STATUS,0,0,0,106,0,4,1,1,3,0,1,72,15.760279,4.889671
72.7731,44,ROTORCRAFT_STATUS,0,0,0,106,0,4,1,1,3,0,1,72,15.760279,4.889671
72.7931,44,ROTORCRAFT_STATUS,0,0,0,106,0,4,1,1,3,0,1,72,15.715031,4.864922
72.8131,44,ROTORCRAFT_STATUS,0,0,0,106,0,4,1,1,3,0,1,72,15.715031,4.864922
72.8331,44,ROTORCRAFT_STATUS,0,0,0,106,0,4,1,1,3,0,1,72,15.715031,4.864922
72.8531,44,ROTORCRAFT_STATUS,0,0,0,106,0,4,1,1,3,0,1,72,15.715031,4.864922
72.8731,44,ROTORCRAFT_STATUS,0,0,0,106,0,4,1,1,3,0,1,72,15.715031,4.864922
72.8931,44,ROTORCRAFT_STATUS,0,0,0,106,0,4,1,1,3,0,1,72,15.650827,4.825991
72.9131,44,ROTORCRAFT_STATUS,0,0,0,106,0,4,1,1,3,0,1,72,15.650827,4.825991
72.9331,44,ROTORCRAFT_STATUS,0,0,0,106,0,4,1,1,3,0,1,72,15.650827,4.825991
72.9531,44,ROTORCRAFT_STATUS,0,0,0,106,0,4,1,1,3,0,1,72,15.650827,4.825991
72.9731,44,ROTORCRAFT_STATUS,0,0,0,106,0,4,1,1,3,0,1,72,15.650827,4.825991
72.9931,44,ROTORCRAFT_STATUS,0,0,0,106,0,4,1,1,3,0,1,72,15.662445,4.829322
73.0131,44,ROTORCRAFT_STATUS,0,0,0,106,0,4,1,1,3,0,1,73,15.662445,4.829322
73.0331,44,ROTORCRAFT_STATUS,0,0,0,106,0,4,1,1,3,0,1,73,15.662445,4.829322
73.0531,44,ROTORCRAFT_STATUS,0,0,0,106,0,4,1,1,3,0,1,73,15.662445,4.829322
73.0731,44,ROTORCRAFT_STATUS,0,0,0,106,0,4,1,1,3,0,1,73,15.662445,4.829322
73.0931,44,ROTORCRAFT_STATUS,0,0,0,106,0,4,1,1,3,0,1,73,15.688127,4.84084
73.1131,44,ROTORCRAFT_STATUS,0,0,0,106,0,4,1,1,3,0,1,73,15.688127,4.84084
73.1331,44,ROTORCRAFT_STATUS,0,0,0,106,0,4,1,1,3,0,1,73,15.688127,4.84084
73.1531,44,ROTORCRAFT_STATUS,0,0,0,106,0,4,1,1,3,0,1,73,15.688127,4.84084
73.1731,44,ROTORCRAFT_STATUS,0,0,0,106,0,4,1,1,3,0,1,73,15.688127,4.84084
73.1931,44,ROTORCRAFT_STATUS,0,0,0,106,0,4,1,1,3,0,1,73,15.76945,4.888719
73.2131,44,ROTORCRAFT_STATUS,0,0,0,106,0,4,1,1,3,0,1,73,15.76945,4.888719
73.2331,44,ROTORCRAFT_STATUS,0,0,0,106,0,4,1,1,3,0,1,73,15.76945,4.888719
73.2531,44,ROTORCRAFT_STATUS,0,0,0,106,0,4,1,1,3,0,1,73,15.76945,4.888719
73.2731,44,ROTORCRAFT_STATUS,0,0,0,106,0,4,1,1,3,0,1,73,15.76945,4.888719
73.2931,44,ROTORCRAFT_STATUS,0,0,0,106,0,4,1,1,3,0,1,73,15.737655,4.878344
73.3131,44,ROTORCRAFT_STATUS,0,0,0,106,0,4,1,1,3,0,1,73,15.737655,4.878344
73.3331,44,ROTORCRAFT_STATUS,0,0,0,106,0,4,1,1,3,0,1,73,15.737655,4.878344
73.3531,44,ROTORCRAFT_STATUS,0,0,0,106,0,4,1,1,3,0,1,73,15.737655,4.878344
73.3731,44,ROTORCRAFT_STATUS,0,0,0,106,0,4,1,1,3,0,1,73,15.737655,4.878344
73.3931,44,ROTORCRAFT_STATUS,0,0,0,106,0,4,1,1,3,0,1,73,15.66428,4.829798
73.4131,44,ROTORCRAFT_STATUS,0,0,0,106,0,4,1,1,3,0,1,73,15.66428,4.829798
73.4331,44,ROTORCRAFT_STATUS,0,0,0,106,0,4,1,1,3,0,1,73,15.66428,4.829798
73.4531,44,ROTORCRAFT_STATUS,0,0,0,106,0,4,1,1,3,0,1,73,15.66428,4.829798
73.4731,44,ROTORCRAFT_STATUS,0,0,0,106,0,4,1,1,3,0,1,73,15.66428,4.829798
73.4931,44,ROTORCRAFT_STATUS,0,0,0,106,0,4,1,1,3,0,1,73,15.678343,4.846837
73.5131,44,ROTORCRAFT_STATUS,0,0,0,107,0,4,1,1,3,0,1,73,15.678343,4.846837
73.5331,44,ROTORCRAFT_STATUS,0,0,0,107,0,4,1,1,3,0,1,73,15.678343,4.846837
73.5531,44,ROTORCRAFT_STATUS,0,0,0,107,0,4,1,1,3,0,1,73,15.678343,4.846837
73.5731,44,ROTORCRAFT_STATUS,0,0,0,107,0,4,1,1,3,0,1,73,15.678343,4.846837
73.5931,44,ROTORCRAFT_STATUS,0,0,0,107,0,4,1,1,3,0,1,73,15.592128,4.827323
73.6131,44,ROTORCRAFT_STATUS,0,0,0,107,0,4,1,1,3,0,1,73,15.592128,4.827323
73.6331,44,ROTORCRAFT_STATUS,0,0,0,107,0,4,1,1,3,0,1,73,15.592128,4.827323
73.6531,44,ROTORCRAFT_STATUS,0,0,0,107,0,4,1,1,3,0,1,73,15.592128,4.827323
73.6731,44,ROTORCRAFT_STATUS,0,0,0,107,0,4,1,1,3,0,1,73,15.592128,4.827323
73.6931,44,ROTORCRAFT_STATUS,0,0,0,107,0,4,1,1,3,0,1,73,15.782903,4.873965
73.7131,44,ROTORCRAFT_STATUS,0,0,0,107,0,4,1,1,3,0,1,73,15.782903,4.873965
73.7331,44,ROTORCRAFT_STATUS,0,0,0,107,0,4,1,1,3,0,1,73,15.782903,4.873965
73.7531,44,ROTORCRAFT_STATUS,0,0,0,107,0,4,1,1,3,0,1,73,15.782903,4.873965
73.7731,44,ROTORCRAFT_STATUS,0,0,0,107,0,4,1,1,3,0,1,73,15.782903,4.873965
73.7931,44,ROTORCRAFT_STATUS,0,0,0,107,0,4,1,1,3,0,1,73,15.518753,4.773638
73.8131,44,ROTORCRAFT_STATUS,0,0,0,107,0,4,1,1,3,0,1,73,15.518753,4.773638
73.8331,44,ROTORCRAFT_STATUS,0,0,0,107,0,4,1,1,3,0,1,73,15.518753,4.773638
73.8531,44,ROTORCRAFT_STATUS,0,0,0,107,0,4,1,1,3,0,1,73,15.518753,4.773638
73.8731,44,ROTORCRAFT_STATUS,0,0,0,107,0,4,1,1,3,0,1,73,15.518753,4.773638
73.8931,44,ROTORCRAFT_STATUS,0,0,0,107,0,4,1,1,3,0,1,73,15.64349,4.825419
73.9131,44,ROTORCRAFT_STATUS,0,0,0,107,0,4,1,1,3,0,1,73,15.64349,4.825419
73.9331,44,ROTORCRAFT_STATUS,0,0,0,107,0,4,1,1,3,0,1,73,15.64349,4.825419
73.9531,44,ROTORCRAFT_STATUS,0,0,0,107,0,4,1,1,3,0,1,73,15.64349,4.825419
73.9731,44,ROTORCRAFT_STATUS,0,0,0,107,0,4,1,1,3,0,1,73,15.64349,4.825419
73.9931,44,ROTORCRAFT_STATUS,0,0,0,107,0,4,1,1,3,0,1,73,15.680178,4.837508
74.0131,44,ROTORCRAFT_STATUS,0,0,0,107,0,4,1,1,3,0,1,74,15.680178,4.837508
74.0331,44,ROTORCRAFT_STATUS,0,0,0,107,0,4,1,1,3,0,1,74,15.680178,4.837508
74.0531,44,ROTORCRAFT_STATUS,0,0,0,107,0,4,1,1,3,0,1,74,15.680178,4.837508
74.0731,44,ROTORCRAFT_STATUS,0,0,0,107,0,4,1,1,3,0,1,74,15.680178,4.837508
74.0931,44,ROTORCRAFT_STATUS,0,0,0,107,0,4,1,1,3,0,1,74,15.657554,4.829037
74.1131,44,ROTORCRAFT_STATUS,0,0,0,107,0,4,1,1,3,0,1,74,15.657554,4.829037
74.1331,44,ROTORCRAFT_STATUS,0,0,0,107,0,4,1,1,3,0,1,74,15.657554,4.829037
74.1531,44,ROTORCRAFT_STATUS,0,0,0,107,0,4,1,1,3,0,1,74,15.657554,4.829037
74.1731,44,ROTORCRAFT_STATUS,0,0,0,107,0,4,1,1,3,0,1,74,15.657554,4.829037
74.1931,44,ROTORCRAFT_STATUS,0,0,0,107,0,4,1,1,3,0,1,74,15.738877,4.878248
74.2131,44,ROTORCRAFT_STATUS,0,0,0,107,0,4,1,1,3,0,1,74,15.738877,4.878248
74.2331,44,ROTORCRAFT_STATUS,0,0,0,107,0,4,1,1,3,0,1,74,15.738877,4.878248
74.2531,44,ROTORCRAFT_STATUS,0,0,0,107,0,4,1,1,3,0,1,74,15.738877,4.878248
74.2731,44,ROTORCRAFT_STATUS,0,0,0,107,0,4,1,1,3,0,1,74,15.738877,4.878248
74.2931,44,ROTORCRAFT_STATUS,0,0,0,107,0,4,1,1,3,0,1,74,15.523033,4.794674
74.3131,44,ROTORCRAFT_STATUS,0,0,0,107,0,4,1,1,3,0,1,74,15.523033,4.794674
74.3331,44,ROTORCRAFT_STATUS,0,0,0,107,0,4,1,1,3,0,1,74,15.523033,4.794674
74.3531,44,ROTORCRAFT_STATUS,0,0,0,107,0,4,1,1,3,0,1,74,15.523033,4.794674
74.3731,44,ROTORCRAFT_STATUS,0,0,0,107,0,4,1,1,3,0,1,74,15.523033,4.794674
74.3931,44,ROTORCRAFT_STATUS,0,0,0,107,0,4,1,1,3,0,1,74,15.672229,4.839507
74.4131,44,ROTORCRAFT_STATUS,0,0,0,107,0,4,1,1,3,0,1,74,15.672229,4.839507
74.4331,44,ROTORCRAFT_STATUS,0,0,0,107,0,4,1,1,3,0,1,74,15.672229,4.839507
74.4531,44,ROTORCRAFT_STATUS,0,0,0,107,0,4,1,1,3,0,1,74,15.672229,4.839507
74.4731,44,ROTORCRAFT_STATUS,0,0,0,107,0,4,1,1,3,0,1,74,15.672229,4.839507
74.4931,44,ROTORCRAFT_STATUS,0,0,0,107,0,4,1,1,3,0,1,74,15.683846,4.844076
74.5131,44,ROTORCRAFT_STATUS,0,0,0,107,0,4,1,1,3,0,1,74,15.683846,4.844076
74.5331,44,ROTORCRAFT_STATUS,0,0,0,106,0,4,1,1,3,0,1,74,15.683846,4.844076
74.5531,44,ROTORCRAFT_STATUS,0,0,0,106,0,4,1,1,3,0,1,74,15.683846,4.844076
74.5731,44,ROTORCRAFT_STATUS,0,0,0,106,0,4,1,1,3,0,1,74,15.683846,4.844076
74.5931,44,ROTORCRAFT_STATUS,0,0,0,106,0,4,1,1,3,0,1,74,15.661834,4.831607
74.6131,44,ROTORCRAFT_STATUS,0,0,0,106,0,4,1,1,3,0,1,74,15.661834,4.831607
74.6331,44,ROTORCRAFT_STATUS,0,0,0,106,0,4,1,1,3,0,1,74,15.661834,4.831607
74.6531,44,ROTORCRAFT_STATUS,0,0,0,106,0,4,1,1,3,0,1,74,15.661834,4.831607
74.6731,44,ROTORCRAFT_STATUS,0,0,0,106,0,4,1,1,3,0,1,74,15.661834,4.831607
74.6931,44,ROTORCRAFT_STATUS,0,0,0,106,0,4,1,1,3,0,1,74,15.732763,4.876725
74.7131,44,ROTORCRAFT_STATUS,0,0,0,106,0,4,1,1,3,0,1,74,15.732763,4.876725
74.7331,44,ROTORCRAFT_STATUS,0,0,0,106,0,4,1,1,3,0,1,74,15.732763,4.876725
74.7531,44,ROTORCRAFT_STATUS,0,0,0,106,0,4,1,1,3,0,1,74,15.732763,4.876725
74.7731,44,ROTORCRAFT_STATUS,0,0,0,106,0,4,1,1,3,0,1,74,15.732763,4.876725
74.7931,44,ROTORCRAFT_STATUS,0,0,0,106,0,4,1,1,3,0,1,74,15.7401,4.886244
74.8131,44,ROTORCRAFT_STATUS,0,0,0,106,0,4,1,1,3,0,1,74,15.7401,4.886244
74.8331,44,ROTORCRAFT_STATUS,0,0,0,106,0,4,1,1,3,0,1,74,15.7401,4.886244
74.8531,44,ROTORCRAFT_STATUS,0,0,0,106,0,4,1,1,3,0,1,74,15.7401,4.886244
74.8731,44,ROTORCRAFT_STATUS,0,0,0,106,0,4,1,1,3,0,1,74,15.7401,4.886244
74.8931,44,ROTORCRAFT_STATUS,0,0,0,106,0,4,1,1,3,0,1,74,15.66856,4.837318
74.9131,44,ROTORCRAFT_STATUS,0,0,0,106,0,4,1,1,3,0,1,74,15.66856,4.837318
74.9331,44,ROTORCRAFT_STATUS,0,0,0,106,0,4,1,1,3,0,1,74,15.66856,4.837318
74.9531,44,ROTORCRAFT_STATUS,0,0,0,106,0,4,1,1,3,0,1,74,15.66856,4.837318
74.9731,44,ROTORCRAFT_STATUS,0,0,0,106,0,4,1,1,3,0,1,74,15.66856,4.837318
74.9931,44,ROTORCRAFT_STATUS,0,0,0,106,0,4,1,1,3,0,1,74,15.466168,4.726996
75.0131,44,ROTORCRAFT_STATUS,0,0,0,106,0,4,1,1,3,0,1,75,15.466168,4.726996
75.0331,44,ROTORCRAFT_STATUS,0,0,0,106,0,4,1,1,3,0,1,75,15.466168,4.726996
75.0531,44,ROTORCRAFT_STATUS,0,0,0,106,0,4,1,1,3,0,1,75,15.466168,4.726996
75.0731,44,ROTORCRAFT_STATUS,0,0,0,106,0,4,1,1,3,0,1,75,15.466168,4.726996
75.0931,44,ROTORCRAFT_STATUS,0,0,0,106,0,4,1,1,3,0,1,75,15.579899,4.830845
75.1131,44,ROTORCRAFT_STATUS,0,0,0,106,0,4,1,1,3,0,1,75,15.579899,4.830845
75.1331,44,ROTORCRAFT_STATUS,0,0,0,106,0,4,1,1,3,0,1,75,15.579899,4.830845
75.1531,44,ROTORCRAFT_STATUS,0,0,0,106,0,4,1,1,3,0,1,75,15.579899,4.830845
75.1731,44,ROTORCRAFT_STATUS,0,0,0,106,0,4,1,1,3,0,1,75,15.579899,4.830845
75.1931,44,ROTORCRAFT_STATUS,0,0,0,106,0,4,1,1,3,0,1,75,15.674063,4.88929
75.2131,44,ROTORCRAFT_STATUS,0,0,0,106,0,4,1,1,3,0,1,75,15.674063,4.88929
75.2331,44,ROTORCRAFT_STATUS,0,0,0,106,0,4,1,1,3,0,1,75,15.674063,4.88929
75.2531,44,ROTORCRAFT_STATUS,0,0,0,106,0,4,1,1,3,0,1,75,15.674063,4.88929
75.2731,44,ROTORCRAFT_STATUS,0,0,0,106,0,4,1,1,3,0,1,75,15.674063,4.88929
75.2931,44,ROTORCRAFT_STATUS,0,0,0,106,0,4,1,1,3,0,1,75,15.665503,4.889671
75.3131,44,ROTORCRAFT_STATUS,0,0,0,106,0,4,1,1,3,0,1,75,15.665503,4.889671
75.3331,44,ROTORCRAFT_STATUS,0,0,0,106,0,4,1,1,3,0,1,75,15.665503,4.889671
75.3531,44,ROTORCRAFT_STATUS,0,0,0,106,0,4,1,1,3,0,1,75,15.665503,4.889671
75.3731,44,ROTORCRAFT_STATUS,0,0,0,106,0,4,1,1,3,0,1,75,15.665503,4.889671
75.3931,44,ROTORCRAFT_STATUS,0,0,0,106,0,4,1,1,3,0,1,75,15.562778,4.830179
75.4131,44,ROTORCRAFT_STATUS,0,0,0,106,0,4,1,1,3,0,1,75,15.562778,4.830179
75.4331,44,ROTORCRAFT_STATUS,0,0,0,106,0,4,1,1,3,0,1,75,15.562778,4.830179
75.4531,44,ROTORCRAFT_STATUS,0,0,0,106,0,4,1,1,3,0,1,75,15.562778,4.830179
75.4731,44,ROTORCRAFT_STATUS,0,0,0,106,0,4,1,1,3,0,1,75,15.562778,4.830179
75.4931,44,ROTORCRAFT_STATUS,0,0,0,106,0,4,1,1,3,0,1,75,15.568892,4.833701
75.5131,44,ROTORCRAFT_STATUS,0,0,0,106,0,4,1,1,3,0,1,75,15.568892,4.833701
75.5331,44,ROTORCRAFT_STATUS,0,0,0,106,0,4,1,1,3,0,1,75,15.568892,4.833701
75.5531,44,ROTORCRAFT_STATUS,0,0,0,107,0,4,1,1,3,0,1,75,15.568892,4.833701
75.5731,44,ROTORCRAFT_STATUS,0,0,0,107,0,4,1,1,3,0,1,75,15.568892,4.833701
75.5931,44,ROTORCRAFT_STATUS,0,0,0,107,0,4,1,1,3,0,1,75,15.420309,4.772019
75.6131,44,ROTORCRAFT_STATUS,0,0,0,107,0,4,1,1,3,0,1,75,15.420309,4.772019
75.6331,44,ROTORCRAFT_STATUS,0,0,0,107,0,4,1,1,3,0,1,75,15.420309,4.772019
75.6531,44,ROTORCRAFT_STATUS,0,0,0,107,0,4,1,1,3,0,1,75,15.420309,4.772019
75.6731,44,ROTORCRAFT_STATUS,0,0,0,107,0,4,1,1,3,0,1,75,15.420309,4.772019
75.6931,44,ROTORCRAFT_STATUS,0,0,0,107,0,4,1,1,3,0,1,75,15.666114,4.883579
75.7131,44,ROTORCRAFT_STATUS,0,0,0,107,0,4,1,1,3,0,1,75,15.666114,4.883579
75.7331,44,ROTORCRAFT_STATUS,0,0,0,107,0,4,1,1,3,0,1,75,15.666114,4.883579
75.7531,44,ROTORCRAFT_STATUS,0,0,0,107,0,4,1,1,3,0,1,75,15.666114,4.883579
75.7731,44,ROTORCRAFT_STATUS,0,0,0,107,0,4,1,1,3,0,1,75,15.666114,4.883579
75.7931,44,ROTORCRAFT_STATUS,0,0,0,107,0,4,1,1,3,0,1,75,15.60558,4.865017
75.8131,44,ROTORCRAFT_STATUS,0,0,0,107,0,4,1,1,3,0,1,75,15.60558,4.865017
75.8331,44,ROTORCRAFT_STATUS,0,0,0,107,0,4,1,1,3,0,1,75,15.60558,4.865017
75.8531,44,ROTORCRAFT_STATUS,0,0,0,107,0,4,1,1,3,0,1,75,15.60558,4.865017
75.8731,44,ROTORCRAFT_STATUS,0,0,0,107,0,4,1,1,3,0,1,75,15.60558,4.865017
75.8931,44,ROTORCRAFT_STATUS,0,0,0,107,0,4,1,1,3,0,1,75,15.552995,4.8258
75.9131,44,ROTORCRAFT_STATUS,0,0,0,107,0,4,1,1,3,0,1,75,15.552995,4.8258
75.9331,44,ROTORCRAFT_STATUS,0,0,0,107,0,4,1,1,3,0,1,75,15.552995,4.8258
75.9531,44,ROTORCRAFT_STATUS,0,0,0,107,0,4,1,1,3,0,1,75,15.552995,4.8258
75.9731,44,ROTORCRAFT_STATUS,0,0,0,107,0,4,1,1,3,0,1,75,15.552995,4.8258
75.9931,44,ROTORCRAFT_STATUS,0,0,0,107,0,4,1,1,3,0,1,75,15.557275,4.829417
76.0131,44,ROTORCRAFT_STATUS,0,0,0,107,0,4,1,1,3,0,1,76,15.557275,4.829417
76.0331,44,ROTORCRAFT_STATUS,0,0,0,107,0,4,1,1,3,0,1,76,15.557275,4.829417
76.0531,44,ROTORCRAFT_STATUS,0,0,0,107,0,4,1,1,3,0,1,76,15.557275,4.829417
76.0731,44,ROTORCRAFT_STATUS,0,0,0,107,0,4,1,1,3,0,1,76,15.557275,4.829417
76.0931,44,ROTORCRAFT_STATUS,0,0,0,107,0,4,1,1,3,0,1,76,15.579899,4.845599
76.1131,44,ROTORCRAFT_STATUS,0,0,0,107,0,4,1,1,3,0,1,76,15.579899,4.845599
76.1331,44,ROTORCRAFT_STATUS,0,0,0,107,0,4,1,1,3,0,1,76,15.579899,4.845599
76.1531,44,ROTORCRAFT_STATUS,0,0,0,107,0,4,1,1,3,0,1,76,15.579899,4.845599
76.1731,44,ROTORCRAFT_STATUS,0,0,0,107,0,4,1,1,3,0,1,76,15.579899,4.845599
76.1931,44,ROTORCRAFT_STATUS,0,0,0,107,0,4,1,1,3,0,1,76,15.669171,4.887386
76.2131,44,ROTORCRAFT_STATUS,0,0,0,107,0,4,1,1,3,0,1,76,15.669171,4.887386
76.2331,44,ROTORCRAFT_STATUS,0,0,0,107,0,4,1,1,3,0,1,76,15.669171,4.887386
76.2531,44,ROTORCRAFT_STATUS,0,0,0,107,0,4,1,1,3,0,1,76,15.669171,4.887386
76.2731,44,ROTORCRAFT_STATUS,0,0,0,107,0,4,1,1,3,0,1,76,15.669171,4.887386
76.2931,44,ROTORCRAFT_STATUS,0,0,0,107,0,4,1,1,3,0,1,76,15.636153,4.877487
76.3131,44,ROTORCRAFT_STATUS,0,0,0,107,0,4,1,1,3,0,1,76,15.636153,4.877487
76.3331,44,ROTORCRAFT_STATUS,0,0,0,107,0,4,1,1,3,0,1,76,15.636153,4.877487
76.3531,44,ROTORCRAFT_STATUS,0,0,0,107,0,4,1,1,3,0,1,76,15.636153,4.877487
76.3731,44,ROTORCRAFT_STATUS,0,0,0,107,0,4,1,1,3,0,1,76,15.636153,4.877487
76.3931,44,ROTORCRAFT_STATUS,0,0,0,107,0,4,1,1,3,0,1,76,15.548715,4.829608
76.4131,44,ROTORCRAFT_STATUS,0,0,0,107,0,4,1,1,3,0,1,76,15.548715,4.829608
76.4331,44,ROTORCRAFT_STATUS,0,0,0,107,0,4,1,1,3,0,1,76,15.548715,4.829608
76.4531,44,ROTORCRAFT_STATUS,0,0,0,107,0,4,1,1,3,0,1,76,15.548715,4.829608
76.4731,44,ROTORCRAFT_STATUS,0,0,0,107,0,4,1,1,3,0,1,76,15.548715,4.829608
76.4931,44,ROTORCRAFT_STATUS,0,0,0,107,0,4,1,1,3,0,1,76,15.584179,4.844933
76.5131,44,ROTORCRAFT_STATUS,0,0,0,107,0,4,1,1,3,0,1,76,15.584179,4.844933
76.5331,44,ROTORCRAFT_STATUS,0,0,0,107,0,4,1,1,3,0,1,76,15.584179,4.844933
76.5531,44,ROTORCRAFT_STATUS,0,0,0,107,0,4,1,1,3,0,1,76,15.584179,4.844933
76.5731,44,ROTORCRAFT_STATUS,0,0,0,106,0,4,1,1,3,0,1,76,15.584179,4.844933
76.5931,44,ROTORCRAFT_STATUS,0,0,0,106,0,4,1,1,3,0,1,76,15.590905,4.84836
76.6131,44,ROTORCRAFT_STATUS,0,0,0,106,0,4,1,1,3,0,1,76,15.590905,4.84836
76.6331,44,ROTORCRAFT_STATUS,0,0,0,106,0,4,1,1,3,0,1,76,15.590905,4.84836
76.6531,44,ROTORCRAFT_STATUS,0,0,0,106,0,4,1,1,3,0,1,76,15.590905,4.84836
76.6731,44,ROTORCRAFT_STATUS,0,0,0,106,0,4,1,1,3,0,1,76,15.590905,4.84836
76.6931,44,ROTORCRAFT_STATUS,0,0,0,106,0,4,1,1,3,0,1,76,15.637987,4.872918
76.7131,44,ROTORCRAFT_STATUS,0,0,0,106,0,4,1,1,3,0,1,76,15.637987,4.872918
76.7331,44,ROTORCRAFT_STATUS,0,0,0,106,0,4,1,1,3,0,1,76,15.637987,4.872918
76.7531,44,ROTORCRAFT_STATUS,0,0,0,106,0,4,1,1,3,0,1,76,15.637987,4.872918
76.7731,44,ROTORCRAFT_STATUS,0,0,0,106,0,4,1,1,3,0,1,76,15.637987,4.872918
76.7931,44,ROTORCRAFT_STATUS,0,0,0,106,0,4,1,1,3,0,1,76,15.647771,4.882151
76.8131,44,ROTORCRAFT_STATUS,0,0,0,106,0,4,1,1,3,0,1,76,15.647771,4.882151
76.8331,44,ROTORCRAFT_STATUS,0,0,0,106,0,4,1,1,3,0,1,76,15.647771,4.882151
76.8531,44,ROTORCRAFT_STATUS,0,0,0,106,0,4,1,1,3,0,1,76,15.647771,4.882151
76.8731,44,ROTORCRAFT_STATUS,0,0,0,106,0,4,1,1,3,0,1,76,15.647771,4.882151
76.8931,44,ROTORCRAFT_STATUS,0,0,0,106,0,4,1,1,3,0,1,76,15.549937,4.830369
76.9131,44,ROTORCRAFT_STATUS,0,0,0,106,0,4,1,1,3,0,1,76,15.549937,4.830369
76.9331,44,ROTORCRAFT_STATUS,0,0,0,106,0,4,1,1,3,0,1,76,15.549937,4.830369
76.9531,44,ROTORCRAFT_STATUS,0,0,0,106,0,4,1,1,3,0,1,76,15.549937,4.830369
76.9731,44,ROTORCRAFT_STATUS,0,0,0,106,0,4,1,1,3,0,1,76,15.549937,4.830369
76.9931,44,ROTORCRAFT_STATUS,0,0,0,106,0,4,1,1,3,0,1,76,15.596408,4.843696
77.0131,44,ROTORCRAFT_STATUS,0,0,0,106,0,4,1,1,3,0,1,77,15.596408,4.843696
77.0331,44,ROTORCRAFT_STATUS,0,0,0,106,0,4,1,1,3,0,1,77,15.596408,4.843696
77.0531,44,ROTORCRAFT_STATUS,0,0,0,106,0,4,1,1,3,0,1,77,15.596408,4.843696
77.0731,44,ROTORCRAFT_STATUS,0,0,0,106,0,4,1,1,3,0,1,77,15.596408,4.843696
77.0931,44,ROTORCRAFT_STATUS,0,0,0,106,0,4,1,1,3,0,1,77,15.560332,4.822849
77.1131,44,ROTORCRAFT_STATUS,0,0,0,106,0,4,1,1,3,0,1,77,15.560332,4.822849
77.1331,44,ROTORCRAFT_STATUS,0,0,0,106,0,4,1,1,3,0,1,77,15.560332,4.822849
77.1531,44,ROTORCRAFT_STATUS,0,0,0,106,0,4,1,1,3,0,1,77,15.560332,4.822849
77.1731,44,ROTORCRAFT_STATUS,0,0,0,106,0,4,1,1,3,0,1,77,15.560332,4.822849
77.1931,44,ROTORCRAFT_STATUS,0,0,0,106,0,4,1,1,3,0,1,77,15.658165,4.877202
77.2131,44,ROTORCRAFT_STATUS,0,0,0,106,0,4,1,1,3,0,1,77,15.658165,4.877202
77.2331,44,ROTORCRAFT_STATUS,0,0,0,106,0,4,1,1,3,0,1,77,15.658165,4.877202
77.2531,44,ROTORCRAFT_STATUS,0,0,0,106,0,4,1,1,3,0,1,77,15.658165,4.877202
77.2731,44,ROTORCRAFT_STATUS,0,0,0,106,0,4,1,1,3,0,1,77,15.658165,4.877202
77.2931,44,ROTORCRAFT_STATUS,0,0,0,106,0,4,1,1,3,0,1,77,15.444767,4.7645
77.3131,44,ROTORCRAFT_STATUS,0,0,0,106,0,4,1,1,3,0,1,77,15.444767,4.7645
77.3331,44,ROTORCRAFT_STATUS,0,0,0,106,0,4,1,1,3,0,1,77,15.444767,4.7645
77.3531,44,ROTORCRAFT_STATUS,0,0,0,106,0,4,1,1,3,0,1,77,15.444767,4.7645
77.3731,44,ROTORCRAFT_STATUS,0,0,0,106,0,4,1,1,3,0,1,77,15.444767,4.7645
77.3931,44,ROTORCRAFT_STATUS,0,0,0,106,0,4,1,1,3,0,1,77,15.587236,4.835414
77.4131,44,ROTORCRAFT_STATUS,0,0,0,106,0,4,1,1,3,0,1,77,15.587236,4.835414
77.4331,44,ROTORCRAFT_STATUS,0,0,0,106,0,4,1,1,3,0,1,77,15.587236,4.835414
77.4531,44,ROTORCRAFT_STATUS,0,0,0,106,0,4,1,1,3,0,1,77,15.587236,4.835414
77.4731,44,ROTORCRAFT_STATUS,0,0,0,106,0,4,1,1,3,0,1,77,15.587236,4.835414
77.4931,44,ROTORCRAFT_STATUS,0,0,0,106,0,4,1,1,3,0,1,77,15.63065,4.842173
77.5131,44,ROTORCRAFT_STATUS,0,0,0,106,0,4,1,1,3,0,1,77,15.63065,4.842173
77.5331,44,ROTORCRAFT_STATUS,0,0,0,106,0,4,1,1,3,0,1,77,15.63065,4.842173
77.5531,44,ROTORCRAFT_STATUS,0,0,0,106,0,4,1,1,3,0,1,77,15.63065,4.842173
77.5731,44,ROTORCRAFT_STATUS,0,0,0,106,0,4,1,1,3,0,1,77,15.63065,4.842173
77.5931,44,ROTORCRAFT_STATUS,0,0,0,110,0,4,1,1,3,0,1,77,15.625758,4.835319
77.6131,44,ROTORCRAFT_STATUS,0,0,0,110,0,4,1,1,3,0,1,77,15.625758,4.835319
77.6331,44,ROTORCRAFT_STATUS,0,0,0,110,0,4,1,1,3,0,1,77,15.625758,4.835319
77.6531,44,ROTORCRAFT_STATUS,0,0,0,110,0,4,1,1,3,0,1,77,15.625758,4.835319
77.6731,44,ROTORCRAFT_STATUS,0,0,0,110,0,4,1,1,3,0,1,77,15.625758,4.835319
77.6931,44,ROTORCRAFT_STATUS,0,0,0,110,0,4,1,1,3,0,1,77,15.490015,4.771068
77.7131,44,ROTORCRAFT_STATUS,0,0,0,110,0,4,1,1,3,0,1,77,15.490015,4.771068
77.7331,44,ROTORCRAFT_STATUS,0,0,0,110,0,4,1,1,3,0,1,77,15.490015,4.771068
77.7531,44,ROTORCRAFT_STATUS,0,0,0,110,0,4,1,1,3,0,1,77,15.490015,4.771068
77.7731,44,ROTORCRAFT_STATUS,0,0,0,110,0,4,1,1,3,0,1,77,15.490015,4.771068
77.7931,44,ROTORCRAFT_STATUS,0,0,0,110,0,4,1,1,3,0,1,77,15.714419,4.882532
77.8131,44,ROTORCRAFT_STATUS,0,0,0,110,0,4,1,1,3,0,1,77,15.714419,4.882532
77.8331,44,ROTORCRAFT_STATUS,0,0,0,110,0,4,1,1,3,0,1,77,15.714419,4.882532
77.8531,44,ROTORCRAFT_STATUS,0,0,0,110,0,4,1,1,3,0,1,77,15.714419,4.882532
77.8731,44,ROTORCRAFT_STATUS,0,0,0,110,0,4,1,1,3,0,1,77,15.714419,4.882532
77.8931,44,ROTORCRAFT_STATUS,0,0,0,110,0,4,1,1,3,0,1,77,15.637376,4.84122
77.9131,44,ROTORCRAFT_STATUS,0,0,0,110,0,4,1,1,3,0,1,77,15.637376,4.84122
77.9331,44,ROTORCRAFT_STATUS,0,0,0,110,0,4,1,1,3,0,1,77,15.637376,4.84122
77.9531,44,ROTORCRAFT_STATUS,0,0,0,110,0,4,1,1,3,0,1,77,15.637376,4.84122
77.9731,44,ROTORCRAFT_STATUS,0,0,0,110,0,4,1,1,3,0,1,77,15.637376,4.84122
77.9931,44,ROTORCRAFT_STATUS,0,0,0,110,0,4,1,1,3,0,1,77,15.612306,4.832178
78.0131,44,ROTORCRAFT_STATUS,0,0,0,110,0,4,1,1,3,0,1,78,15.612306,4.832178
78.0331,44,ROTORCRAFT_STATUS,0,0,0,110,0,4,1,1,3,0,1,78,15.612306,4.832178
78.0531,44,ROTORCRAFT_STATUS,0,0,0,110,0,4,1,1,3,0,1,78,15.612306,4.832178
78.0731,44,ROTORCRAFT_STATUS,0,0,0,110,0,4,1,1,3,0,1,78,15.612306,4.832178
78.0931,44,ROTORCRAFT_STATUS,0,0,0,110,0,4,1,1,3,0,1,78,15.630038,4.837508
78.1131,44,ROTORCRAFT_STATUS,0,0,0,110,0,4,1,1,3,0,1,78,15.630038,4.837508
78.1331,44,ROTORCRAFT_STATUS,0,0,0,110,0,4,1,1,3,0,1,78,15.630038,4.837508
78.1531,44,ROTORCRAFT_STATUS,0,0,0,110,0,4,1,1,3,0,1,78,15.630038,4.837508
78.1731,44,ROTORCRAFT_STATUS,0,0,0,110,0,4,1,1,3,0,1,78,15.630038,4.837508
78.1931,44,ROTORCRAFT_STATUS,0,0,0,110,0,4,1,1,3,0,1,78,15.73154,4.894811
78.2131,44,ROTORCRAFT_STATUS,0,0,0,110,0,4,1,1,3,0,1,78,15.73154,4.894811
78.2331,44,ROTORCRAFT_STATUS,0,0,0,110,0,4,1,1,3,0,1,78,15.73154,4.894811
78.2531,44,ROTORCRAFT_STATUS,0,0,0,110,0,4,1,1,3,0,1,78,15.73154,4.894811
78.2731,44,ROTORCRAFT_STATUS,0,0,0,110,0,4,1,1,3,0,1,78,15.73154,4.894811
78.2931,44,ROTORCRAFT_STATUS,0,0,0,110,0,4,1,1,3,0,1,78,15.723591,4.891289
78.3131,44,ROTORCRAFT_STATUS,0,0,0,110,0,4,1,1,3,0,1,78,15.723591,4.891289
78.3331,44,ROTORCRAFT_STATUS,0,0,0,110,0,4,1,1,3,0,1,78,15.723591,4.891289
78.3531,44,ROTORCRAFT_STATUS,0,0,0,110,0,4,1,1,3,0,1,78,15.723591,4.891289
78.3731,44,ROTORCRAFT_STATUS,0,0,0,110,0,4,1,1,3,0,1,78,15.723591,4.891289
78.3931,44,ROTORCRAFT_STATUS,0,0,0,110,0,4,1,1,3,0,1,78,15.621478,4.82561
78.4131,44,ROTORCRAFT_STATUS,0,0,0,110,0,4,1,1,3,0,1,78,15.621478,4.82561
78.4331,44,ROTORCRAFT_STATUS,0,0,0,110,0,4,1,1,3,0,1,78,15.621478,4.82561
78.4531,44,ROTORCRAFT_STATUS,0,0,0,110,0,4,1,1,3,0,1,78,15.621478,4.82561
78.4731,44,ROTORCRAFT_STATUS,0,0,0,110,0,4,1,1,3,0,1,78,15.621478,4.82561
78.4931,44,ROTORCRAFT_STATUS,0,0,0,110,0,4,1,1,3,0,1,78,15.632484,4.840269
78.5131,44,ROTORCRAFT_STATUS,0,0,0,110,0,4,1,1,3,0,1,78,15.632484,4.840269
78.5331,44,ROTORCRAFT_STATUS,0,0,0,110,0,4,1,1,3,0,1,78,15.632484,4.840269
78.5531,44,ROTORCRAFT_STATUS,0,0,0,110,0,4,1,1,3,0,1,78,15.632484,4.840269
78.5731,44,ROTORCRAFT_STATUS,0,0,0,110,0,4,1,1,3,0,1,78,15.632484,4.840269
78.5931,44,ROTORCRAFT_STATUS,0,0,0,110,0,4,1,1,3,0,1,78,15.626369,4.837223
78.6131,44,ROTORCRAFT_STATUS,0,0,0,107,0,4,1,1,3,0,1,78,15.626369,4.837223
78.6331,44,ROTORCRAFT_STATUS,0,0,0,107,0,4,1,1,3,0,1,78,15.626369,4.837223
78.6531,44,ROTORCRAFT_STATUS,0,0,0,107,0,4,1,1,3,0,1,78,15.626369,4.837223
78.6731,44,ROTORCRAFT_STATUS,0,0,0,107,0,4,1,1,3,0,1,78,15.626369,4.837223
78.6931,44,ROTORCRAFT_STATUS,0,0,0,107,0,4,1,1,3,0,1,78,15.751718,4.88691
78.7131,44,ROTORCRAFT_STATUS,0,0,0,107,0,4,1,1,3,0,1,78,15.751718,4.88691
78.7331,44,ROTORCRAFT_STATUS,0,0,0,107,0,4,1,1,3,0,1,78,15.751718,4.88691
78.7531,44,ROTORCRAFT_STATUS,0,0,0,107,0,4,1,1,3,0,1,78,15.751718,4.88691
78.7731,44,ROTORCRAFT_STATUS,0,0,0,107,0,4,1,1,3,0,1,78,15.751718,4.88691
78.7931,44,ROTORCRAFT_STATUS,0,0,0,107,0,4,1,1,3,0,1,78,15.746215,4.878724
78.8131,44,ROTORCRAFT_STATUS,0,0,0,107,0,4,1,1,3,0,1,78,15.746215,4.878724
78.8331,44,ROTORCRAFT_STATUS,0,0,0,107,0,4,1,1,3,0,1,78,15.746215,4.878724
78.8531,44,ROTORCRAFT_STATUS,0,0,0,107,0,4,1,1,3,0,1,78,15.746215,4.878724
78.8731,44,ROTORCRAFT_STATUS,0,0,0,107,0,4,1,1,3,0,1,78,15.746215,4.878724
78.8931,44,ROTORCRAFT_STATUS,0,0,0,107,0,4,1,1,3,0,1,78,15.64349,4.834082
78.9131,44,ROTORCRAFT_STATUS,0,0,0,107,0,4,1,1,3,0,1,78,15.64349,4.834082
78.9331,44,ROTORCRAFT_STATUS,0,0,0,107,0,4,1,1,3,0,1,78,15.64349,4.834082
78.9531,44,ROTORCRAFT_STATUS,0,0,0,107,0,4,1,1,3,0,1,78,15.64349,4.834082
78.9731,44,ROTORCRAFT_STATUS,0,0,0,107,0,4,1,1,3,0,1,78,15.64349,4.834082
78.9931,44,ROTORCRAFT_STATUS,0,0,0,107,0,4,1,1,3,0,1,78,15.649605,4.837794
79.0131,44,ROTORCRAFT_STATUS,0,0,0,107,0,4,1,1,3,0,1,79,15.649605,4.837794
79.0331,44,ROTORCRAFT_STATUS,0,0,0,107,0,4,1,1,3,0,1,79,15.649605,4.837794
79.0531,44,ROTORCRAFT_STATUS,0,0,0,107,0,4,1,1,3,0,1,79,15.649605,4.837794
79.0731,44,ROTORCRAFT_STATUS,0,0,0,107,0,4,1,1,3,0,1,79,15.649605,4.837794
79.0931,44,ROTORCRAFT_STATUS,0,0,0,107,0,4,1,1,3,0,1,79,15.471671,4.742797
79.1131,44,ROTORCRAFT_STATUS,0,0,0,107,0,4,1,1,3,0,1,79,15.471671,4.742797
79.1331,44,ROTORCRAFT_STATUS,0,0,0,107,0,4,1,1,3,0,1,79,15.471671,4.742797
79.1531,44,ROTORCRAFT_STATUS,0,0,0,107,0,4,1,1,3,0,1,79,15.471671,4.742797
79.1731,44,ROTORCRAFT_STATUS,0,0,0,107,0,4,1,1,3,0,1,79,15.471671,4.742797
79.1931,44,ROTORCRAFT_STATUS,0,0,0,107,0,4,1,1,3,0,1,79,15.752941,4.882817
79.2131,44,ROTORCRAFT_STATUS,0,0,0,107,0,4,1,1,3,0,1,79,15.752941,4.882817
79.2331,44,ROTORCRAFT_STATUS,0,0,0,107,0,4,1,1,3,0,1,79,15.752941,4.882817
79.2531,44,ROTORCRAFT_STATUS,0,0,0,107,0,4,1,1,3,0,1,79,15.752941,4.882817
79.2731,44,ROTORCRAFT_STATUS,0,0,0,107,0,4,1,1,3,0,1,79,15.752941,4.882817
79.2931,44,ROTORCRAFT_STATUS,0,0,0,107,0,4,1,1,3,0,1,79,15.717477,4.871395
79.3131,44,ROTORCRAFT_STATUS,0,0,0,107,0,4,1,1,3,0,1,79,15.717477,4.871395
79.3331,44,ROTORCRAFT_STATUS,0,0,0,107,0,4,1,1,3,0,1,79,15.717477,4.871395
79.3531,44,ROTORCRAFT_STATUS,0,0,0,107,0,4,1,1,3,0,1,79,15.717477,4.871395
79.3731,44,ROTORCRAFT_STATUS,0,0,0,107,0,4,1,1,3,0,1,79,15.717477,4.871395
79.3931,44,ROTORCRAFT_STATUS,0,0,0,107,0,4,1,1,3,0,1,79,15.636765,4.824182
79.4131,44,ROTORCRAFT_STATUS,0,0,0,107,0,4,1,1,3,0,1,79,15.636765,4.824182
79.4331,44,ROTORCRAFT_STATUS,0,0,0,107,0,4,1,1,3,0,1,79,15.636765,4.824182
79.4531,44,ROTORCRAFT_STATUS,0,0,0,107,0,4,1,1,3,0,1,79,15.636765,4.824182
79.4731,44,ROTORCRAFT_STATUS,0,0,0,107,0,4,1,1,3,0,1,79,15.636765,4.824182
79.4931,44,ROTORCRAFT_STATUS,0,0,0,107,0,4,1,1,3,0,1,79,15.642879,4.830845
79.5131,44,ROTORCRAFT_STATUS,0,0,0,107,0,4,1,1,3,0,1,79,15.642879,4.830845
79.5331,44,ROTORCRAFT_STATUS,0,0,0,107,0,4,1,1,3,0,1,79,15.642879,4.830845
79.5531,44,ROTORCRAFT_STATUS,0,0,0,107,0,4,1,1,3,0,1,79,15.642879,4.830845
79.5731,44,ROTORCRAFT_STATUS,0,0,0,107,0,4,1,1,3,0,1,79,15.642879,4.830845
79.5931,44,ROTORCRAFT_STATUS,0,0,0,107,0,4,1,1,3,0,1,79,15.667337,4.839317
79.6131,44,ROTORCRAFT_STATUS,0,0,0,107,0,4,1,1,3,0,1,79,15.667337,4.839317
79.6331,44,ROTORCRAFT_STATUS,0,0,0,105,0,4,1,1,3,0,1,79,15.667337,4.839317
79.6531,44,ROTORCRAFT_STATUS,0,0,0,105,0,4,1,1,3,0,1,79,15.667337,4.839317
79.6731,44,ROTORCRAFT_STATUS,0,0,0,105,0,4,1,1,3,0,1,79,15.667337,4.839317
79.6931,44,ROTORCRAFT_STATUS,0,0,0,105,0,4,1,1,3,0,1,79,15.708304,4.876345
79.7131,44,ROTORCRAFT_STATUS,0,0,0,105,0,4,1,1,3,0,1,79,15.708304,4.876345
79.7331,44,ROTORCRAFT_STATUS,0,0,0,105,0,4,1,1,3,0,1,79,15.708304,4.876345
79.7531,44,ROTORCRAFT_STATUS,0,0,0,105,0,4,1,1,3,0,1,79,15.708304,4.876345
79.7731,44,ROTORCRAFT_STATUS,0,0,0,105,0,4,1,1,3,0,1,79,15.708304,4.876345
79.7931,44,ROTORCRAFT_STATUS,0,0,0,105,0,4,1,1,3,0,1,79,15.704636,4.879676
79.8131,44,ROTORCRAFT_STATUS,0,0,0,105,0,4,1,1,3,0,1,79,15.704636,4.879676
79.8331,44,ROTORCRAFT_STATUS,0,0,0,105,0,4,1,1,3,0,1,79,15.704636,4.879676
79.8531,44,ROTORCRAFT_STATUS,0,0,0,105,0,4,1,1,3,0,1,79,15.704636,4.879676
79.8731,44,ROTORCRAFT_STATUS,0,0,0,105,0,4,1,1,3,0,1,79,15.704636,4.879676
79.8931,44,ROTORCRAFT_STATUS,0,0,0,105,0,4,1,1,3,0,1,79,15.629427,4.842553
79.9131,44,ROTORCRAFT_STATUS,0,0,0,105,0,4,1,1,3,0,1,79,15.629427,4.842553
79.9331,44,ROTORCRAFT_STATUS,0,0,0,105,0,4,1,1,3,0,1,79,15.629427,4.842553
79.9531,44,ROTORCRAFT_STATUS,0,0,0,105,0,4,1,1,3,0,1,79,15.629427,4.842553
79.9731,44,ROTORCRAFT_STATUS,0,0,0,105,0,4,1,1,3,0,1,79,15.629427,4.842553
79.9931,44,ROTORCRAFT_STATUS,0,0,0,105,0,4,1,1,3,0,1,79,15.629427,4.840935
80.0131,44,ROTORCRAFT_STATUS,0,0,0,105,0,4,1,1,3,0,1,80,15.629427,4.840935
80.0331,44,ROTORCRAFT_STATUS,0,0,0,105,0,4,1,1,3,0,1,80,15.629427,4.840935
80.0531,44,ROTORCRAFT_STATUS,0,0,0,105,0,4,1,1,3,0,1,80,15.629427,4.840935
80.0731,44,ROTORCRAFT_STATUS,0,0,0,105,0,4,1,1,3,0,1,80,15.629427,4.840935
80.0931,44,ROTORCRAFT_STATUS,0,0,0,105,0,4,1,1,3,0,1,80,15.585402,4.8258
80.1131,44,ROTORCRAFT_STATUS,0,0,0,105,0,4,1,1,3,0,1,80,15.585402,4.8258
80.1331,44,ROTORCRAFT_STATUS,0,0,0,105,0,4,1,1,3,0,1,80,15.585402,4.8258
80.1531,44,ROTORCRAFT_STATUS,0,0,0,105,0,4,1,1,3,0,1,80,15.585402,4.8258
80.1731,44,ROTORCRAFT_STATUS,0,0,0,105,0,4,1,1,3,0,1,80,15.585402,4.8258
80.1931,44,ROTORCRAFT_STATUS,0,0,0,105,0,4,1,1,3,0,1,80,15.683846,4.877487
80.2131,44,ROTORCRAFT_STATUS,0,0,0,105,0,4,1,1,3,0,1,80,15.683846,4.877487
80.2331,44,ROTORCRAFT_STATUS,0,0,0,105,0,4,1,1,3,0,1,80,15.683846,4.877487
80.2531,44,ROTORCRAFT_STATUS,0,0,0,105,0,4,1,1,3,0,1,80,15.683846,4.877487
80.2731,44,ROTORCRAFT_STATUS,0,0,0,105,0,4,1,1,3,0,1,80,15.683846,4.877487
80.2931,44,ROTORCRAFT_STATUS,0,0,0,105,0,4,1,1,3,0,1,80,15.676509,4.88434
80.3131,44,ROTORCRAFT_STATUS,0,0,0,105,0,4,1,1,3,0,1,80,15.676509,4.88434
80.3331,44,ROTORCRAFT_STATUS,0,0,0,105,0,4,1,1,3,0,1,80,15.676509,4.88434
80.3531,44,ROTORCRAFT_STATUS,0,0,0,105,0,4,1,1,3,0,1,80,15.676509,4.88434
80.3731,44,ROTORCRAFT_STATUS,0,0,0,105,0,4,1,1,3,0,1,80,15.676509,4.88434
80.3931,44,ROTORCRAFT_STATUS,0,0,0,105,0,4,1,1,3,0,1,80,15.614141,4.834843
80.4131,44,ROTORCRAFT_STATUS,0,0,0,105,0,4,1,1,3,0,1,80,15.614141,4.834843
80.4331,44,ROTORCRAFT_STATUS,0,0,0,105,0,4,1,1,3,0,1,80,15.614141,4.834843
80.4531,44,ROTORCRAFT_STATUS,0,0,0,105,0,4,1,1,3,0,1,80,15.614141,4.834843
80.4731,44,ROTORCRAFT_STATUS,0,0,0,105,0,4,1,1,3,0,1,80,15.614141,4.834843
80.4931,44,ROTORCRAFT_STATUS,0,0,0,105,0,4,1,1,3,0,1,80,15.443544,4.724521
80.5131,44,ROTORCRAFT_STATUS,0,0,0,105,0,4,1,1,3,0,1,80,15.443544,4.724521
80.5331,44,ROTORCRAFT_STATUS,0,0,0,105,0,4,1,1,3,0,1,80,15.443544,4.724521
80.5531,44,ROTORCRAFT_STATUS,0,0,0,105,0,4,1,1,3,0,1,80,15.443544,4.724521
80.5731,44,ROTORCRAFT_STATUS,0,0,0,105,0,4,1,1,3,0,1,80,15.443544,4.724521
80.5931,44,ROTORCRAFT_STATUS,0,0,0,105,0,4,1,1,3,0,1,80,15.58051,4.831226
80.6131,44,ROTORCRAFT_STATUS,0,0,0,105,0,4,1,1,3,0,1,80,15.58051,4.831226
80.6331,44,ROTORCRAFT_STATUS,0,0,0,105,0,4,1,1,3,0,1,80,15.58051,4.831226
80.6531,44,ROTORCRAFT_STATUS,0,0,0,112,0,4,1,1,3,0,1,80,15.58051,4.831226
80.6731,44,ROTORCRAFT_STATUS,0,0,0,112,0,4,1,1,3,0,1,80,15.58051,4.831226
80.6931,44,ROTORCRAFT_STATUS,0,0,0,112,0,4,1,1,3,0,1,80,15.684458,4.875964
80.7131,44,ROTORCRAFT_STATUS,0,0,0,112,0,4,1,1,3,0,1,80,15.684458,4.875964
80.7331,44,ROTORCRAFT_STATUS,0,0,0,112,0,4,1,1,3,0,1,80,15.684458,4.875964
80.7531,44,ROTORCRAFT_STATUS,0,0,0,112,0,4,1,1,3,0,1,80,15.684458,4.875964
80.7731,44,ROTORCRAFT_STATUS,0,0,0,112,0,4,1,1,3,0,1,80,15.684458,4.875964
80.7931,44,ROTORCRAFT_STATUS,0,0,0,112,0,4,1,1,3,0,1,80,15.694242,4.889956
80.8131,44,ROTORCRAFT_STATUS,0,0,0,112,0,4,1,1,3,0,1,80,15.694242,4.889956
80.8331,44,ROTORCRAFT_STATUS,0,0,0,112,0,4,1,1,3,0,1,80,15.694242,4.889956
80.8531,44,ROTORCRAFT_STATUS,0,0,0,112,0,4,1,1,3,0,1,80,15.694242,4.889956
80.8731,44,ROTORCRAFT_STATUS,0,0,0,112,0,4,1,1,3,0,1,80,15.694242,4.889956
80.8931,44,ROTORCRAFT_STATUS,0,0,0,112,0,4,1,1,3,0,1,80,15.606803,4.841697
80.9131,44,ROTORCRAFT_STATUS,0,0,0,112,0,4,1,1,3,0,1,80,15.606803,4.841697
80.9331,44,ROTORCRAFT_STATUS,0,0,0,112,0,4,1,1,3,0,1,80,15.606803,4.841697
80.9531,44,ROTORCRAFT_STATUS,0,0,0,112,0,4,1,1,3,0,1,80,15.606803,4.841697
80.9731,44,ROTORCRAFT_STATUS,0,0,0,112,0,4,1,1,3,0,1,80,15.606803,4.841697
80.9931,44,ROTORCRAFT_STATUS,0,0,0,112,0,4,1,1,3,0,1,80,15.433149,4.767165
81.0131,44,ROTORCRAFT_STATUS,0,0,0,112,0,4,1,1,3,0,1,81,15.433149,4.767165
81.0331,44,ROTORCRAFT_STATUS,0,0,0,112,0,4,1,1,3,0,1,81,15.433149,4.767165
81.0531,44,ROTORCRAFT_STATUS,0,0,0,112,0,4,1,1,3,0,1,81,15.433149,4.767165
81.0731,44,ROTORCRAFT_STATUS,0,0,0,112,0,4,1,1,3,0,1,81,15.433149,4.767165
81.0931,44,ROTORCRAFT_STATUS,0,0,0,112,0,4,1,1,3,0,1,81,15.598243,4.827514
81.1131,44,ROTORCRAFT_STATUS,0,0,0,112,0,4,1,1,3,0,1,81,15.598243,4.827514
81.1331,44,ROTORCRAFT_STATUS,0,0,0,112,0,4,1,1,3,0,1,81,15.598243,4.827514
81.1531,44,ROTORCRAFT_STATUS,0,0,0,112,0,4,1,1,3,0,1,81,15.598243,4.827514
81.1731,44,ROTORCRAFT_STATUS,0,0,0,112,0,4,1,1,3,0,1,81,15.598243,4.827514
81.1931,44,ROTORCRAFT_STATUS,0,0,0,112,0,4,1,1,3,0,1,81,15.700356,4.887577
81.2131,44,ROTORCRAFT_STATUS,0,0,0,112,0,4,1,1,3,0,1,81,15.700356,4.887577
81.2331,44,ROTORCRAFT_STATUS,0,0,0,112,0,4,1,1,3,0,1,81,15.700356,4.887577
81.2531,44,ROTORCRAFT_STATUS,0,0,0,112,0,4,1,1,3,0,1,81,15.700356,4.887577
81.2731,44,ROTORCRAFT_STATUS,0,0,0,112,0,4,1,1,3,0,1,81,15.700356,4.887577
81.2931,44,ROTORCRAFT_STATUS,0,0,0,112,0,4,1,1,3,0,1,81,15.599465,4.878724
81.3131,44,ROTORCRAFT_STATUS,0,0,0,112,0,4,1,1,3,0,1,81,15.599465,4.878724
81.3331,44,ROTORCRAFT_STATUS,0,0,0,112,0,4,1,1,3,0,1,81,15.599465,4.878724
81.3531,44,ROTORCRAFT_STATUS,0,0,0,112,0,4,1,1,3,0,1,81,15.599465,4.878724
81.3731,44,ROTORCRAFT_STATUS,0,0,0,112,0,4,1,1,3,0,1,81,15.599465,4.878724
81.3931,44,ROTORCRAFT_STATUS,0,0,0,112,0,4,1,1,3,0,1,81,15.568281,4.822659
81.4131,44,ROTORCRAFT_STATUS,0,0,0,112,0,4,1,1,3,0,1,81,15.568281,4.822659
81.4331,44,ROTORCRAFT_STATUS,0,0,0,112,0,4,1,1,3,0,1,81,15.568281,4.822659
81.4531,44,ROTORCRAFT_STATUS,0,0,0,112,0,4,1,1,3,0,1,81,15.568281,4.822659
81.4731,44,ROTORCRAFT_STATUS,0,0,0,112,0,4,1,1,3,0,1,81,15.568281,4.822659
81.4931,44,ROTORCRAFT_STATUS,0,0,0,112,0,4,1,1,3,0,1,81,15.400131,4.722617
81.5131,44,ROTORCRAFT_STATUS,0,0,0,112,0,4,1,1,3,0,1,81,15.400131,4.722617
81.5331,44,ROTORCRAFT_STATUS,0,0,0,112,0,4,1,1,3,0,1,81,15.400131,4.722617
81.5531,44,ROTORCRAFT_STATUS,0,0,0,112,0,4,1,1,3,0,1,81,15.400131,4.722617
81.5731,44,ROTORCRAFT_STATUS,0,0,0,112,0,4,1,1,3,0,1,81,15.400131,4.722617
81.5931,44,ROTORCRAFT_STATUS,0,0,0,112,0,4,1,1,3,0,1,81,15.58907,4.828751
81.6131,44,ROTORCRAFT_STATUS,0,0,0,112,0,4,1,1,3,0,1,81,15.58907,4.828751
81.6331,44,ROTORCRAFT_STATUS,0,0,0,112,0,4,1,1,3,0,1,81,15.58907,4.828751
81.6531,44,ROTORCRAFT_STATUS,0,0,0,112,0,4,1,1,3,0,1,81,15.58907,4.828751
81.6731,44,ROTORCRAFT_STATUS,0,0,0,105,0,4,1,1,3,0,1,81,15.58907,4.828751
81.6931,44,ROTORCRAFT_STATUS,0,0,0,105,0,4,1,1,3,0,1,81,15.689349,4.892907
81.7131,44,ROTORCRAFT_STATUS,0,0,0,105,0,4,1,1,3,0,1,81,15.689349,4.892907
81.7331,44,ROTORCRAFT_STATUS,0,0,0,105,0,4,1,1,3,0,1,81,15.689349,4.892907
81.7531,44,ROTORCRAFT_STATUS,0,0,0,105,0,4,1,1,3,0,1,81,15.689349,4.892907
81.7731,44,ROTORCRAFT_STATUS,0,0,0,105,0,4,1,1,3,0,1,81,15.689349,4.892907
81.7931,44,ROTORCRAFT_STATUS,0,0,0,105,0,4,1,1,3,0,1,81,15.597019,4.868349
81.8131,44,ROTORCRAFT_STATUS,0,0,0,105,0,4,1,1,3,0,1,81,15.597019,4.868349
81.8331,44,ROTORCRAFT_STATUS,0,0,0,105,0,4,1,1,3,0,1,81,15.597019,4.868349
81.8531,44,ROTORCRAFT_STATUS,0,0,0,105,0,4,1,1,3,0,1,81,15.597019,4.868349
81.8731,44,ROTORCRAFT_STATUS,0,0,0,105,0,4,1,1,3,0,1,81,15.597019,4.868349
81.8931,44,ROTORCRAFT_STATUS,0,0,0,105,0,4,1,1,3,0,1,81,15.582956,4.829608
81.9131,44,ROTORCRAFT_STATUS,0,0,0,105,0,4,1,1,3,0,1,81,15.582956,4.829608
81.9331,44,ROTORCRAFT_STATUS,0,0,0,105,0,4,1,1,3,0,1,81,15.582956,4.829608
81.9531,44,ROTORCRAFT_STATUS,0,0,0,105,0,4,1,1,3,0,1,81,15.582956,4.829608
81.9731,44,ROTORCRAFT_STATUS,0,0,0,105,0,4,1,1,3,0,1,81,15.582956,4.829608
81.9931,44,ROTORCRAFT_STATUS,0,0,0,105,0,4,1,1,3,0,1,81,15.578065,4.829893
82.0131,44,ROTORCRAFT_STATUS,0,0,0,105,0,4,1,1,3,0,1,82,15.578065,4.829893
82.0331,44,ROTORCRAFT_STATUS,0,0,0,105,0,4,1,1,3,0,1,82,15.578065,4.829893
82.0531,44,ROTORCRAFT_STATUS,0,0,0,105,0,4,1,1,3,0,1,82,15.578065,4.829893
82.0731,44,ROTORCRAFT_STATUS,0,0,0,105,0,4,1,1,3,0,1,82,15.578065,4.829893
82.0931,44,ROTORCRAFT_STATUS,0,0,0,105,0,4,1,1,3,0,1,82,15.617198,4.841411
82.1131,44,ROTORCRAFT_STATUS,0,0,0,105,0,4,1,1,3,0,1,82,15.617198,4.841411
82.1331,44,ROTORCRAFT_STATUS,0,0,0,105,0,4,1,1,3,0,1,82,15.617198,4.841411
82.1531,44,ROTORCRAFT_STATUS,0,0,0,105,0,4,1,1,3,0,1,82,15.617198,4.841411
82.1731,44,ROTORCRAFT_STATUS,0,0,0,105,0,4,1,1,3,0,1,82,15.617198,4.841411
82.1931,44,ROTORCRAFT_STATUS,0,0,0,105,0,4,1,1,3,0,1,82,15.458831,4.775732
82.2131,44,ROTORCRAFT_STATUS,0,0,0,105,0,4,1,1,3,0,1,82,15.458831,4.775732
82.2331,44,ROTORCRAFT_STATUS,0,0,0,105,0,4,1,1,3,0,1,82,15.458831,4.775732
82.2531,44,ROTORCRAFT_STATUS,0,0,0,105,0,4,1,1,3,0,1,82,15.458831,4.775732
82.2731,44,ROTORCRAFT_STATUS,0,0,0,105,0,4,1,1,3,0,1,82,15.458831,4.775732
82.2931,44,ROTORCRAFT_STATUS,0,0,0,105,0,4,1,1,3,0,1,82,15.640433,4.874441
82.3131,44,ROTORCRAFT_STATUS,0,0,0,105,0,4,1,1,3,0,1,82,15.640433,4.874441
82.3331,44,ROTORCRAFT_STATUS,0,0,0,105,0,4,1,1,3,0,1,82,15.640433,4.874441
82.3531,44,ROTORCRAFT_STATUS,0,0,0,105,0,4,1,1,3,0,1,82,15.640433,4.874441
82.3731,44,ROTORCRAFT_STATUS,0,0,0,105,0,4,1,1,3,0,1,82,15.640433,4.874441
82.3931,44,ROTORCRAFT_STATUS,0,0,0,105,0,4,1,1,3,0,1,82,15.574396,4.829227
82.4131,44,ROTORCRAFT_STATUS,0,0,0,105,0,4,1,1,3,0,1,82,15.574396,4.829227
82.4331,44,ROTORCRAFT_STATUS,0,0,0,105,0,4,1,1,3,0,1,82,15.574396,4.829227
82.4531,44,ROTORCRAFT_STATUS,0,0,0,105,0,4,1,1,3,0,1,82,15.574396,4.829227
82.4731,44,ROTORCRAFT_STATUS,0,0,0,105,0,4,1,1,3,0,1,82,15.574396,4.829227
82.4931,44,ROTORCRAFT_STATUS,0,0,0,105,0,4,1,1,3,0,1,82,15.586625,4.83056
82.5131,44,ROTORCRAFT_STATUS,0,0,0,105,0,4,1,1,3,0,1,82,15.586625,4.83056
82.5331,44,ROTORCRAFT_STATUS,0,0,0,105,0,4,1,1,3,0,1,82,15.586625,4.83056
82.5531,44,ROTORCRAFT_STATUS,0,0,0,105,0,4,1,1,3,0,1,82,15.586625,4.83056
82.5731,44,ROTORCRAFT_STATUS,0,0,0,105,0,4,1,1,3,0,1,82,15.586625,4.83056
82.5931,44,ROTORCRAFT_STATUS,0,0,0,105,0,4,1,1,3,0,1,82,15.604969,4.841316
82.6131,44,ROTORCRAFT_STATUS,0,0,0,105,0,4,1,1,3,0,1,82,15.604969,4.841316
82.6331,44,ROTORCRAFT_STATUS,0,0,0,105,0,4,1,1,3,0,1,82,15.604969,4.841316
82.6531,44,ROTORCRAFT_STATUS,0,0,0,105,0,4,1,1,3,0,1,82,15.604969,4.841316
82.6731,44,ROTORCRAFT_STATUS,0,0,0,105,0,4,1,1,3,0,1,82,15.604969,4.841316
82.6931,44,ROTORCRAFT_STATUS,0,0,0,106,0,4,1,1,3,0,1,82,15.674675,4.874346
82.7131,44,ROTORCRAFT_STATUS,0,0,0,106,0,4,1,1,3,0,1,82,15.674675,4.874346
82.7331,44,ROTORCRAFT_STATUS,0,0,0,106,0,4,1,1,3,0,1,82,15.674675,4.874346
82.7531,44,ROTORCRAFT_STATUS,0,0,0,106,0,4,1,1,3,0,1,82,15.674675,4.874346
82.7731,44,ROTORCRAFT_STATUS,0,0,0,106,0,4,1,1,3,0,1,82,15.674675,4.874346
82.7931,44,ROTORCRAFT_STATUS,0,0,0,106,0,4,1,1,3,0,1,82,15.659389,4.877582
82.8131,44,ROTORCRAFT_STATUS,0,0,0,106,0,4,1,1,3,0,1,82,15.659389,4.877582
82.8331,44,ROTORCRAFT_STATUS,0,0,0,106,0,4,1,1,3,0,1,82,15.659389,4.877582
82.8531,44,ROTORCRAFT_STATUS,0,0,0,106,0,4,1,1,3,0,1,82,15.659389,4.877582
82.8731,44,ROTORCRAFT_STATUS,0,0,0,106,0,4,1,1,3,0,1,82,15.659389,4.877582
82.8931,44,ROTORCRAFT_STATUS,0,0,0,106,0,4,1,1,3,0,1,82,15.530371,4.828751
82.9131,44,ROTORCRAFT_STATUS,0,0,0,106,0,4,1,1,3,0,1,82,15.530371,4.828751
82.9331,44,ROTORCRAFT_STATUS,0,0,0,106,0,4,1,1,3,0,1,82,15.530371,4.828751
82.9531,44,ROTORCRAFT_STATUS,0,0,0,106,0,4,1,1,3,0,1,82,15.530371,4.828751
82.9731,44,ROTORCRAFT_STATUS,0,0,0,106,0,4,1,1,3,0,1,82,15.530371,4.828751
82.9931,44,ROTORCRAFT_STATUS,0,0,0,106,0,4,1,1,3,0,1,82,15.608026,4.842458
83.0131,44,ROTORCRAFT_STATUS,0,0,0,106,0,4,1,1,3,0,1,83,15.608026,4.842458
83.0331,44,ROTORCRAFT_STATUS,0,0,0,106,0,4,1,1,3,0,1,83,15.608026,4.842458
83.0531,44,ROTORCRAFT_STATUS,0,0,0,106,0,4,1,1,3,0,1,83,15.608026,4.842458
83.0731,44,ROTORCRAFT_STATUS,0,0,0,106,0,4,1,1,3,0,1,83,15.608026,4.842458
83.0931,44,ROTORCRAFT_STATUS,0,0,0,106,0,4,1,1,3,0,1,83,15.589683,4.833606
83.1131,44,ROTORCRAFT_STATUS,0,0,0,106,0,4,1,1,3,0,1,83,15.589683,4.833606
83.1331,44,ROTORCRAFT_STATUS,0,0,0,106,0,4,1,1,3,0,1,83,15.589683,4.833606
83.1531,44,ROTORCRAFT_STATUS,0,0,0,106,0,4,1,1,3,0,1,83,15.589683,4.833606
83.1731,44,ROTORCRAFT_STATUS,0,0,0,106,0,4,1,1,3,0,1,83,15.589683,4.833606
83.1931,44,ROTORCRAFT_STATUS,0,0,0,106,0,4,1,1,3,0,1,83,15.667337,4.884436
83.2131,44,ROTORCRAFT_STATUS,0,0,0,106,0,4,1,1,3,0,1,83,15.667337,4.884436
83.2331,44,ROTORCRAFT_STATUS,0,0,0,106,0,4,1,1,3,0,1,83,15.667337,4.884436
83.2531,44,ROTORCRAFT_STATUS,0,0,0,106,0,4,1,1,3,0,1,83,15.667337,4.884436
83.2731,44,ROTORCRAFT_STATUS,0,0,0,106,0,4,1,1,3,0,1,83,15.667337,4.884436
83.2931,44,ROTORCRAFT_STATUS,0,0,0,106,0,4,1,1,3,0,1,83,15.657554,4.874346
83.3131,44,ROTORCRAFT_STATUS,0,0,0,106,0,4,1,1,3,0,1,83,15.657554,4.874346
83.3331,44,ROTORCRAFT_STATUS,0,0,0,106,0,4,1,1,3,0,1,83,15.657554,4.874346
83.3531,44,ROTORCRAFT_STATUS,0,0,0,106,0,4,1,1,3,0,1,83,15.657554,4.874346
83.3731,44,ROTORCRAFT_STATUS,0,0,0,106,0,4,1,1,3,0,1,83,15.657554,4.874346
83.3931,44,ROTORCRAFT_STATUS,0,0,0,106,0,4,1,1,3,0,1,83,15.381787,4.732136
83.4131,44,ROTORCRAFT_STATUS,0,0,0,106,0,4,1,1,3,0,1,83,15.381787,4.732136
83.4331,44,ROTORCRAFT_STATUS,0,0,0,106,0,4,1,1,3,0,1,83,15.381787,4.732136
83.4531,44,ROTORCRAFT_STATUS,0,0,0,106,0,4,1,1,3,0,1,83,15.381787,4.732136
83.4731,44,ROTORCRAFT_STATUS,0,0,0,106,0,4,1,1,3,0,1,83,15.381787,4.732136
83.4931,44,ROTORCRAFT_STATUS,0,0,0,106,0,4,1,1,3,0,1,83,15.570116,4.839507
83.5131,44,ROTORCRAFT_STATUS,0,0,0,106,0,4,1,1,3,0,1,83,15.570116,4.839507
83.5331,44,ROTORCRAFT_STATUS,0,0,0,106,0,4,1,1,3,0,1,83,15.570116,4.839507
83.5531,44,ROTORCRAFT_STATUS,0,0,0,106,0,4,1,1,3,0,1,83,15.570116,4.839507
83.5731,44,ROTORCRAFT_STATUS,0,0,0,106,0,4,1,1,3,0,1,83,15.570116,4.839507
83.5931,44,ROTORCRAFT_STATUS,0,0,0,106,0,4,1,1,3,0,1,83,15.544435,4.828561
83.6131,44,ROTORCRAFT_STATUS,0,0,0,106,0,4,1,1,3,0,1,83,15.544435,4.828561
83.6331,44,ROTORCRAFT_STATUS,0,0,0,106,0,4,1,1,3,0,1,83,15.544435,4.828561
83.6531,44,ROTORCRAFT_STATUS,0,0,0,106,0,4,1,1,3,0,1,83,15.544435,4.828561
83.6731,44,ROTORCRAFT_STATUS,0,0,0,106,0,4,1,1,3,0,1,83,15.544435,4.828561
83.6931,44,ROTORCRAFT_STATUS,0,0,0,106,0,4,1,1,3,0,1,83,15.613529,4.875393
83.7131,44,ROTORCRAFT_STATUS,0,0,0,109,0,4,1,1,3,0,1,83,15.613529,4.875393
83.7331,44,ROTORCRAFT_STATUS,0,0,0,109,0,4,1,1,3,0,1,83,15.613529,4.875393
83.7531,44,ROTORCRAFT_STATUS,0,0,0,109,0,4,1,1,3,0,1,83,15.613529,4.875393
83.7731,44,ROTORCRAFT_STATUS,0,0,0,109,0,4,1,1,3,0,1,83,15.613529,4.875393
83.7931,44,ROTORCRAFT_STATUS,0,0,0,109,0,4,1,1,3,0,1,83,15.578065,4.885578
83.8131,44,ROTORCRAFT_STATUS,0,0,0,109,0,4,1,1,3,0,1,83,15.578065,4.885578
83.8331,44,ROTORCRAFT_STATUS,0,0,0,109,0,4,1,1,3,0,1,83,15.578065,4.885578
83.8531,44,ROTORCRAFT_STATUS,0,0,0,109,0,4,1,1,3,0,1,83,15.578065,4.885578
83.8731,44,ROTORCRAFT_STATUS,0,0,0,109,0,4,1,1,3,0,1,83,15.578065,4.885578
83.8931,44,ROTORCRAFT_STATUS,0,0,0,109,0,4,1,1,3,0,1,83,15.436818,4.835129
83.9131,44,ROTORCRAFT_STATUS,0,0,0,109,0,4,1,1,3,0,1,83,15.436818,4.835129
83.9331,44,ROTORCRAFT_STATUS,0,0,0,109,0,4,1,1,3,0,1,83,15.436818,4.835129
83.9531,44,ROTORCRAFT_STATUS,0,0,0,109,0,4,1,1,3,0,1,83,15.436818,4.835129
83.9731,44,ROTORCRAFT_STATUS,0,0,0,109,0,4,1,1,3,0,1,83,15.436818,4.835129
83.9931,44,ROTORCRAFT_STATUS,0,0,0,109,0,4,1,1,3,0,1,83,15.192847,4.711576
84.0131,44,ROTORCRAFT_STATUS,0,0,0,109,0,4,1,1,3,0,1,84,15.192847,4.711576
84.0331,44,ROTORCRAFT_STATUS,0,0,0,109,0,4,1,1,3,0,1,84,15.192847,4.711576
84.0531,44,ROTORCRAFT_STATUS,0,0,0,109,0,4,1,1,3,0,1,84,15.192847,4.711576
84.0731,44,ROTORCRAFT_STATUS,0,0,0,109,0,4,1,1,3,0,1,84,15.192847,4.711576
84.0931,44,ROTORCRAFT_STATUS,0,0,0,109,0,4,1,1,3,0,1,84,15.441098,4.832463
84.1131,44,ROTORCRAFT_STATUS,0,0,0,109,0,4,1,1,3,0,1,84,15.441098,4.832463
84.1331,44,ROTORCRAFT_STATUS,0,0,0,109,0,4,1,1,3,0,1,84,15.441098,4.832463
84.1531,44,ROTORCRAFT_STATUS,0,0,0,109,0,4,1,1,3,0,1,84,15.441098,4.832463
84.1731,44,ROTORCRAFT_STATUS,0,0,0,109,0,4,1,1,3,0,1,84,15.441098,4.832463
84.1931,44,ROTORCRAFT_STATUS,0,0,0,109,0,4,1,1,3,0,1,84,15.664891,4.891194
84.2131,44,ROTORCRAFT_STATUS,0,0,0,109,0,4,1,1,3,0,1,84,15.664891,4.891194
84.2331,44,ROTORCRAFT_STATUS,0,0,0,109,0,4,1,1,3,0,1,84,15.664891,4.891194
84.2531,44,ROTORCRAFT_STATUS,0,0,0,109,0,4,1,1,3,0,1,84,15.664891,4.891194
84.2731,44,ROTORCRAFT_STATUS,0,0,0,109,0,4,1,1,3,0,1,84,15.664891,4.891194
84.2931,44,ROTORCRAFT_STATUS,0,0,0,109,0,4,1,1,3,0,1,84,15.689349,4.883389
84.3131,44,ROTORCRAFT_STATUS,0,0,0,109,0,4,1,1,3,0,1,84,15.689349,4.883389
84.3331,44,ROTORCRAFT_STATUS,0,0,0,109,0,4,1,1,3,0,1,84,15.689349,4.883389
84.3531,44,ROTORCRAFT_STATUS,0,0,0,109,0,4,1,1,3,0,1,84,15.689349,4.883389
84.3731,44,ROTORCRAFT_STATUS,0,0,0,109,0,4,1,1,3,0,1,84,15.689349,4.883389
84.3931,44,ROTORCRAFT_STATUS,0,0,0,109,0,4,1,1,3,0,1,84,15.570116,4.82818
84.4131,44,ROTORCRAFT_STATUS,0,0,0,109,0,4,1,1,3,0,1,84,15.570116,4.82818
84.4331,44,ROTORCRAFT_STATUS,0,0,0,109,0,4,1,1,3,0,1,84,15.570116,4.82818
84.4531,44,ROTORCRAFT_STATUS,0,0,0,109,0,4,1,1,3,0,1,84,15.570116,4.82818
84.4731,44,ROTORCRAFT_STATUS,0,0,0,109,0,4,1,1,3,0,1,84,15.570116,4.82818
84.4931,44,ROTORCRAFT_STATUS,0,0,0,109,0,4,1,1,3,0,1,84,15.55483,4.831321
84.5131,44,ROTORCRAFT_STATUS,0,0,0,109,0,4,1,1,3,0,1,84,15.55483,4.831321
84.5331,44,ROTORCRAFT_STATUS,0,0,0,109,0,4,1,1,3,0,1,84,15.55483,4.831321
84.5531,44,ROTORCRAFT_STATUS,0,0,0,109,0,4,1,1,3,0,1,84,15.55483,4.831321
84.5731,44,ROTORCRAFT_STATUS,0,0,0,109,0,4,1,1,3,0,1,84,15.55483,4.831321
84.5931,44,ROTORCRAFT_STATUS,0,0,0,109,0,4,1,1,3,0,1,84,15.51753,4.832844
84.6131,44,ROTORCRAFT_STATUS,0,0,0,109,0,4,1,1,3,0,1,84,15.51753,4.832844
84.6331,44,ROTORCRAFT_STATUS,0,0,0,109,0,4,1,1,3,0,1,84,15.51753,4.832844
84.6531,44,ROTORCRAFT_STATUS,0,0,0,109,0,4,1,1,3,0,1,84,15.51753,4.832844
84.6731,44,ROTORCRAFT_STATUS,0,0,0,109,0,4,1,1,3,0,1,84,15.51753,4.832844
84.6931,44,ROTORCRAFT_STATUS,0,0,0,109,0,4,1,1,3,0,1,84,15.614752,4.886435
84.7131,44,ROTORCRAFT_STATUS,0,0,0,109,0,4,1,1,3,0,1,84,15.614752,4.886435
84.7331,44,ROTORCRAFT_STATUS,0,0,0,105,0,4,1,1,3,0,1,84,15.614752,4.886435
84.7531,44,ROTORCRAFT_STATUS,0,0,0,105,0,4,1,1,3,0,1,84,15.614752,4.886435
84.7731,44,ROTORCRAFT_STATUS,0,0,0,105,0,4,1,1,3,0,1,84,15.614752,4.886435
84.7931,44,ROTORCRAFT_STATUS,0,0,0,105,0,4,1,1,3,0,1,84,15.606192,4.874441
84.8131,44,ROTORCRAFT_STATUS,0,0,0,105,0,4,1,1,3,0,1,84,15.606192,4.874441
84.8331,44,ROTORCRAFT_STATUS,0,0,0,105,0,4,1,1,3,0,1,84,15.606192,4.874441
84.8531,44,ROTORCRAFT_STATUS,0,0,0,105,0,4,1,1,3,0,1,84,15.606192,4.874441
84.8731,44,ROTORCRAFT_STATUS,0,0,0,105,0,4,1,1,3,0,1,84,15.606192,4.874441
84.8931,44,ROTORCRAFT_STATUS,0,0,0,105,0,4,1,1,3,0,1,84,15.301686,4.709862
84.9131,44,ROTORCRAFT_STATUS,0,0,0,105,0,4,1,1,3,0,1,84,15.301686,4.709862
84.9331,44,ROTORCRAFT_STATUS,0,0,0,105,0,4,1,1,3,0,1,84,15.301686,4.709862
84.9531,44,ROTORCRAFT_STATUS,0,0,0,105,0,4,1,1,3,0,1,84,15.301686,4.709862
84.9731,44,ROTORCRAFT_STATUS,0,0,0,105,0,4,1,1,3,0,1,84,15.301686,4.709862
84.9931,44,ROTORCRAFT_STATUS,0,0,0,105,0,4,1,1,3,0,1,84,15.546881,4.834558
85.0131,44,ROTORCRAFT_STATUS,0,0,0,105,0,4,1,1,3,0,1,85,15.546881,4.834558
85.0331,44,ROTORCRAFT_STATUS,0,0,0,105,0,4,1,1,3,0,1,85,15.546881,4.834558
85.0531,44,ROTORCRAFT_STATUS,0,0,0,105,0,4,1,1,3,0,1,85,15.546881,4.834558
85.0731,44,ROTORCRAFT_STATUS,0,0,0,105,0,4,1,1,3,0,1,85,15.546881,4.834558
85.0931,44,ROTORCRAFT_STATUS,0,0,0,105,0,4,1,1,3,0,1,85,15.570727,4.843315
85.1131,44,ROTORCRAFT_STATUS,0,0,0,105,0,4,1,1,3,0,1,85,15.570727,4.843315
85.1331,44,ROTORCRAFT_STATUS,0,0,0,105,0,4,1,1,3,0,1,85,15.570727,4.843315
85.1531,44,ROTORCRAFT_STATUS,0,0,0,105,0,4,1,1,3,0,1,85,15.570727,4.843315
85.1731,44,ROTORCRAFT_STATUS,0,0,0,105,0,4,1,1,3,0,1,85,15.570727,4.843315
85.1931,44,ROTORCRAFT_STATUS,0,0,0,105,0,4,1,1,3,0,1,85,15.660611,4.887862
85.2131,44,ROTORCRAFT_STATUS,0,0,0,105,0,4,1,1,3,0,1,85,15.660611,4.887862
85.2331,44,ROTORCRAFT_STATUS,0,0,0,105,0,4,1,1,3,0,1,85,15.660611,4.887862
85.2531,44,ROTORCRAFT_STATUS,0,0,0,105,0,4,1,1,3,0,1,85,15.660611,4.887862
85.2731,44,ROTORCRAFT_STATUS,0,0,0,105,0,4,1,1,3,0,1,85,15.660611,4.887862
85.2931,44,ROTORCRAFT_STATUS,0,0,0,105,0,4,1,1,3,0,1,85,15.614141,4.874726
85.3131,44,ROTORCRAFT_STATUS,0,0,0,105,0,4,1,1,3,0,1,85,15.614141,4.874726
85.3331,44,ROTORCRAFT_STATUS,0,0,0,105,0,4,1,1,3,0,1,85,15.614141,4.874726
85.3531,44,ROTORCRAFT_STATUS,0,0,0,105,0,4,1,1,3,0,1,85,15.614141,4.874726
85.3731,44,ROTORCRAFT_STATUS,0,0,0,105,0,4,1,1,3,0,1,85,15.614141,4.874726
85.3931,44,ROTORCRAFT_STATUS,0,0,0,105,0,4,1,1,3,0,1,85,15.527313,4.824753
85.4131,44,ROTORCRAFT_STATUS,0,0,0,105,0,4,1,1,3,0,1,85,15.527313,4.824753
85.4331,44,ROTORCRAFT_STATUS,0,0,0,105,0,4,1,1,3,0,1,85,15.527313,4.824753
85.4531,44,ROTORCRAFT_STATUS,0,0,0,105,0,4,1,1,3,0,1,85,15.527313,4.824753
85.4731,44,ROTORCRAFT_STATUS,0,0,0,105,0,4,1,1,3,0,1,85,15.527313,4.824753
85.4931,44,ROTORCRAFT_STATUS,0,0,0,105,0,4,1,1,3,0,1,85,15.573173,4.83846
85.5131,44,ROTORCRAFT_STATUS,0,0,0,105,0,4,1,1,3,0,1,85,15.573173,4.83846
85.5331,44,ROTORCRAFT_STATUS,0,0,0,105,0,4,1,1,3,0,1,85,15.573173,4.83846
85.5531,44,ROTORCRAFT_STATUS,0,0,0,105,0,4,1,1,3,0,1,85,15.573173,4.83846
85.5731,44,ROTORCRAFT_STATUS,0,0,0,105,0,4,1,1,3,0,1,85,15.573173,4.83846
85.5931,44,ROTORCRAFT_STATUS,0,0,0,105,0,4,1,1,3,0,1,85,15.39585,4.721761
85.6131,44,ROTORCRAFT_STATUS,0,0,0,105,0,4,1,1,3,0,1,85,15.39585,4.721761
85.6331,44,ROTORCRAFT_STATUS,0,0,0,105,0,4,1,1,3,0,1,85,15.39585,4.721761
85.6531,44,ROTORCRAFT_STATUS,0,0,0,105,0,4,1,1,3,0,1,85,15.39585,4.721761
85.6731,44,ROTORCRAFT_STATUS,0,0,0,105,0,4,1,1,3,0,1,85,15.39585,4.721761
85.6931,44,ROTORCRAFT_STATUS,0,0,0,105,0,4,1,1,3,0,1,85,15.637376,4.873775
85.7131,44,ROTORCRAFT_STATUS,0,0,0,105,0,4,1,1,3,0,1,85,15.637376,4.873775
85.7331,44,ROTORCRAFT_STATUS,0,0,0,105,0,4,1,1,3,0,1,85,15.637376,4.873775
85.7531,44,ROTORCRAFT_STATUS,0,0,0,105,0,4,1,1,3,0,1,85,15.637376,4.873775
85.7731,44,ROTORCRAFT_STATUS,0,0,0,105,0,4,1,1,3,0,1,85,15.637376,4.873775
85.7931,44,ROTORCRAFT_STATUS,0,0,0,105,0,4,1,1,3,0,1,85,15.647771,4.873679
85.8131,44,ROTORCRAFT_STATUS,0,0,0,105,0,4,1,1,3,0,1,85,15.647771,4.873679
85.8331,44,ROTORCRAFT_STATUS,0,0,0,105,0,4,1,1,3,0,1,85,15.647771,4.873679
85.8531,44,ROTORCRAFT_STATUS,0,0,0,105,0,4,1,1,3,0,1,85,15.647771,4.873679
85.8731,44,ROTORCRAFT_STATUS,0,0,0,105,0,4,1,1,3,0,1,85,15.647771,4.873679
85.8931,44,ROTORCRAFT_STATUS,0,0,0,105,0,4,1,1,3,0,1,85,15.569504,4.825325
85.9131,44,ROTORCRAFT_STATUS,0,0,0,105,0,4,1,1,3,0,1,85,15.569504,4.825325
85.9331,44,ROTORCRAFT_STATUS,0,0,0,105,0,4,1,1,3,0,1,85,15.569504,4.825325
85.9531,44,ROTORCRAFT_STATUS,0,0,0,105,0,4,1,1,3,0,1,85,15.569504,4.825325
85.9731,44,ROTORCRAFT_STATUS,0,0,0,105,0,4,1,1,3,0,1,85,15.569504,4.825325
85.9931,44,ROTORCRAFT_STATUS,0,0,0,105,0,4,1,1,3,0,1,85,15.600688,4.844552
86.0131,44,ROTORCRAFT_STATUS,0,0,0,105,0,4,1,1,3,0,1,86,15.600688,4.844552
86.0331,44,ROTORCRAFT_STATUS,0,0,0,105,0,4,1,1,3,0,1,86,15.600688,4.844552
86.0531,44,ROTORCRAFT_STATUS,0,0,0,105,0,4,1,1,3,0,1,86,15.600688,4.844552
86.0731,44,ROTORCRAFT_STATUS,0,0,0,105,0,4,1,1,3,0,1,86,15.600688,4.844552
86.0931,44,ROTORCRAFT_STATUS,0,0,0,105,0,4,1,1,3,0,1,86,15.565835,4.826752
86.1131,44,ROTORCRAFT_STATUS,0,0,0,105,0,4,1,1,3,0,1,86,15.565835,4.826752
86.1331,44,ROTORCRAFT_STATUS,0,0,0,105,0,4,1,1,3,0,1,86,15.565835,4.826752
86.1531,44,ROTORCRAFT_STATUS,0,0,0,105,0,4,1,1,3,0,1,86,15.565835,4.826752
86.1731,44,ROTORCRAFT_STATUS,0,0,0,105,0,4,1,1,3,0,1,86,15.565835,4.826752
86.1931,44,ROTORCRAFT_STATUS,0,0,0,105,0,4,1,1,3,0,1,86,15.588459,4.875869
86.2131,44,ROTORCRAFT_STATUS,0,0,0,105,0,4,1,1,3,0,1,86,15.588459,4.875869
86.2331,44,ROTORCRAFT_STATUS,0,0,0,105,0,4,1,1,3,0,1,86,15.588459,4.875869
86.2531,44,ROTORCRAFT_STATUS,0,0,0,105,0,4,1,1,3,0,1,86,15.588459,4.875869
86.2731,44,ROTORCRAFT_STATUS,0,0,0,105,0,4,1,1,3,0,1,86,15.588459,4.875869
86.2931,44,ROTORCRAFT_STATUS,0,0,0,105,0,4,1,1,3,0,1,86,15.658776,4.879962
86.3131,44,ROTORCRAFT_STATUS,0,0,0,105,0,4,1,1,3,0,1,86,15.658776,4.879962
86.3331,44,ROTORCRAFT_STATUS,0,0,0,105,0,4,1,1,3,0,1,86,15.658776,4.879962
86.3531,44,ROTORCRAFT_STATUS,0,0,0,105,0,4,1,1,3,0,1,86,15.658776,4.879962
86.3731,44,ROTORCRAFT_STATUS,0,0,0,105,0,4,1,1,3,0,1,86,15.658776,4.879962
86.3931,44,ROTORCRAFT_STATUS,0,0,0,105,0,4,1,1,3,0,1,86,15.386067,4.722903
86.4131,44,ROTORCRAFT_STATUS,0,0,0,105,0,4,1,1,3,0,1,86,15.386067,4.722903
86.4331,44,ROTORCRAFT_STATUS,0,0,0,105,0,4,1,1,3,0,1,86,15.386067,4.722903
86.4531,44,ROTORCRAFT_STATUS,0,0,0,105,0,4,1,1,3,0,1,86,15.386067,4.722903
86.4731,44,ROTORCRAFT_STATUS,0,0,0,105,0,4,1,1,3,0,1,86,15.386067,4.722903
86.4931,44,ROTORCRAFT_STATUS,0,0,0,105,0,4,1,1,3,0,1,86,15.601912,4.842458
86.5131,44,ROTORCRAFT_STATUS,0,0,0,105,0,4,1,1,3,0,1,86,15.601912,4.842458
86.5331,44,ROTORCRAFT_STATUS,0,0,0,105,0,4,1,1,3,0,1,86,15.601912,4.842458
86.5531,44,ROTORCRAFT_STATUS,0,0,0,105,0,4,1,1,3,0,1,86,15.601912,4.842458
86.5731,44,ROTORCRAFT_STATUS,0,0,0,105,0,4,1,1,3,0,1,86,15.601912,4.842458
86.5931,44,ROTORCRAFT_STATUS,0,0,0,105,0,4,1,1,3,0,1,86,15.592739,4.834177
86.6131,44,ROTORCRAFT_STATUS,0,0,0,105,0,4,1,1,3,0,1,86,15.592739,4.834177
86.6331,44,ROTORCRAFT_STATUS,0,0,0,105,0,4,1,1,3,0,1,86,15.592739,4.834177
86.6531,44,ROTORCRAFT_STATUS,0,0,0,105,0,4,1,1,3,0,1,86,15.592739,4.834177
86.6731,44,ROTORCRAFT_STATUS,0,0,0,105,0,4,1,1,3,0,1,86,15.592739,4.834177
86.6931,44,ROTORCRAFT_STATUS,0,0,0,105,0,4,1,1,3,0,1,86,15.548715,4.873394
86.7131,44,ROTORCRAFT_STATUS,0,0,0,105,0,4,1,1,3,0,1,86,15.548715,4.873394
86.7331,44,ROTORCRAFT_STATUS,0,0,0,105,0,4,1,1,3,0,1,86,15.548715,4.873394
86.7531,44,ROTORCRAFT_STATUS,0,0,0,105,0,4,1,1,3,0,1,86,15.548715,4.873394
86.7731,44,ROTORCRAFT_STATUS,0,0,0,102,0,4,1,1,3,0,1,86,15.548715,4.873394
86.7931,44,ROTORCRAFT_STATUS,0,0,0,102,0,4,1,1,3,0,1,86,15.67284,4.887101
86.8131,44,ROTORCRAFT_STATUS,0,0,0,102,0,4,1,1,3,0,1,86,15.67284,4.887101
86.8331,44,ROTORCRAFT_STATUS,0,0,0,102,0,4,1,1,3,0,1,86,15.67284,4.887101
86.8531,44,ROTORCRAFT_STATUS,0,0,0,102,0,4,1,1,3,0,1,86,15.67284,4.887101
86.8731,44,ROTORCRAFT_STATUS,0,0,0,102,0,4,1,1,3,0,1,86,15.67284,4.887101
86.8931,44,ROTORCRAFT_STATUS,0,0,0,102,0,4,1,1,3,0,1,86,15.609249,4.84084
86.9131,44,ROTORCRAFT_STATUS,0,0,0,102,0,4,1,1,3,0,1,86,15.609249,4.84084
86.9331,44,ROTORCRAFT_STATUS,0,0,0,102,0,4,1,1,3,0,1,86,15.609249,4.84084
86.9531,44,ROTORCRAFT_STATUS,0,0,0,102,0,4,1,1,3,0,1,86,15.609249,4.84084
86.9731,44,ROTORCRAFT_STATUS,0,0,0,102,0,4,1,1,3,0,1,86,15.609249,4.84084
86.9931,44,ROTORCRAFT_STATUS,0,0,0,102,0,4,1,1,3,0,1,86,15.549937,4.831036
87.0131,44,ROTORCRAFT_STATUS,0,0,0,102,0,4,1,1,3,0,1,87,15.549937,4.831036
87.0331,44,ROTORCRAFT_STATUS,0,0,0,102,0,4,1,1,3,0,1,87,15.549937,4.831036
87.0531,44,ROTORCRAFT_STATUS,0,0,0,102,0,4,1,1,3,0,1,87,15.549937,4.831036
87.0731,44,ROTORCRAFT_STATUS,0,0,0,102,0,4,1,1,3,0,1,87,15.549937,4.831036
87.0931,44,ROTORCRAFT_STATUS,0,0,0,102,0,4,1,1,3,0,1,87,15.523033,4.831702
87.1131,44,ROTORCRAFT_STATUS,0,0,0,102,0,4,1,1,3,0,1,87,15.523033,4.831702
87.1331,44,ROTORCRAFT_STATUS,0,0,0,102,0,4,1,1,3,0,1,87,15.523033,4.831702
87.1531,44,ROTORCRAFT_STATUS,0,0,0,102,0,4,1,1,3,0,1,87,15.523033,4.831702
87.1731,44,ROTORCRAFT_STATUS,0,0,0,102,0,4,1,1,3,0,1,87,15.523033,4.831702
87.1931,44,ROTORCRAFT_STATUS,0,0,0,102,0,4,1,1,3,0,1,87,15.614141,4.879391
87.2131,44,ROTORCRAFT_STATUS,0,0,0,102,0,4,1,1,3,0,1,87,15.614141,4.879391
87.2331,44,ROTORCRAFT_STATUS,0,0,0,102,0,4,1,1,3,0,1,87,15.614141,4.879391
87.2531,44,ROTORCRAFT_STATUS,0,0,0,102,0,4,1,1,3,0,1,87,15.614141,4.879391
87.2731,44,ROTORCRAFT_STATUS,0,0,0,102,0,4,1,1,3,0,1,87,15.614141,4.879391
87.2931,44,ROTORCRAFT_STATUS,0,0,0,102,0,4,1,1,3,0,1,87,15.619643,4.886339
87.3131,44,ROTORCRAFT_STATUS,0,0,0,102,0,4,1,1,3,0,1,87,15.619643,4.886339
87.3331,44,ROTORCRAFT_STATUS,0,0,0,102,0,4,1,1,3,0,1,87,15.619643,4.886339
87.3531,44,ROTORCRAFT_STATUS,0,0,0,102,0,4,1,1,3,0,1,87,15.619643,4.886339
87.3731,44,ROTORCRAFT_STATUS,0,0,0,102,0,4,1,1,3,0,1,87,15.619643,4.886339
87.3931,44,ROTORCRAFT_STATUS,0,0,0,102,0,4,1,1,3,0,1,87,15.497353,4.818376
87.4131,44,ROTORCRAFT_STATUS,0,0,0,102,0,4,1,1,3,0,1,87,15.497353,4.818376
87.4331,44,ROTORCRAFT_STATUS,0,0,0,102,0,4,1,1,3,0,1,87,15.497353,4.818376
87.4531,44,ROTORCRAFT_STATUS,0,0,0,102,0,4,1,1,3,0,1,87,15.497353,4.818376
87.4731,44,ROTORCRAFT_STATUS,0,0,0,102,0,4,1,1,3,0,1,87,15.497353,4.818376
87.4931,44,ROTORCRAFT_STATUS,0,0,0,102,0,4,1,1,3,0,1,87,15.519977,4.831321
87.5131,44,ROTORCRAFT_STATUS,0,0,0,102,0,4,1,1,3,0,1,87,15.519977,4.831321
87.5331,44,ROTORCRAFT_STATUS,0,0,0,102,0,4,1,1,3,0,1,87,15.519977,4.831321
87.5531,44,ROTORCRAFT_STATUS,0,0,0,102,0,4,1,1,3,0,1,87,15.519977,4.831321
87.5731,44,ROTORCRAFT_STATUS,0,0,0,102,0,4,1,1,3,0,1,87,15.519977,4.831321
87.5931,44,ROTORCRAFT_STATUS,0,0,0,102,0,4,1,1,3,0,1,87,15.512639,4.829798
87.6131,44,ROTORCRAFT_STATUS,0,0,0,102,0,4,1,1,3,0,1,87,15.512639,4.829798
87.6331,44,ROTORCRAFT_STATUS,0,0,0,102,0,4,1,1,3,0,1,87,15.512639,4.829798
87.6531,44,ROTORCRAFT_STATUS,0,0,0,102,0,4,1,1,3,0,1,87,15.512639,4.829798
87.6731,44,ROTORCRAFT_STATUS,0,0,0,102,0,4,1,1,3,0,1,87,15.512639,4.829798
87.6931,44,ROTORCRAFT_STATUS,0,0,0,102,0,4,1,1,3,0,1,87,15.609249,4.884531
87.7131,44,ROTORCRAFT_STATUS,0,0,0,102,0,4,1,1,3,0,1,87,15.609249,4.884531
87.7331,44,ROTORCRAFT_STATUS,0,0,0,102,0,4,1,1,3,0,1,87,15.609249,4.884531
87.7531,44,ROTORCRAFT_STATUS,0,0,0,102,0,4,1,1,3,0,1,87,15.609249,4.884531
87.7731,44,ROTORCRAFT_STATUS,0,0,0,102,0,4,1,1,3,0,1,87,15.609249,4.884531
87.7931,44,ROTORCRAFT_STATUS,0,0,0,104,0,4,1,1,3,0,1,87,15.48818,4.867588
87.8131,44,ROTORCRAFT_STATUS,0,0,0,104,0,4,1,1,3,0,1,87,15.48818,4.867588
87.8331,44,ROTORCRAFT_STATUS,0,0,0,104,0,4,1,1,3,0,1,87,15.48818,4.867588
87.8531,44,ROTORCRAFT_STATUS,0,0,0,104,0,4,1,1,3,0,1,87,15.48818,4.867588
87.8731,44,ROTORCRAFT_STATUS,0,0,0,104,0,4,1,1,3,0,1,87,15.48818,4.867588
87.8931,44,ROTORCRAFT_STATUS,0,0,0,104,0,4,1,1,3,0,1,87,15.313304,4.725187
87.9131,44,ROTORCRAFT_STATUS,0,0,0,104,0,4,1,1,3,0,1,87,15.313304,4.725187
87.9331,44,ROTORCRAFT_STATUS,0,0,0,104,0,4,1,1,3,0,1,87,15.313304,4.725187
87.9531,44,ROTORCRAFT_STATUS,0,0,0,104,0,4,1,1,3,0,1,87,15.313304,4.725187
87.9731,44,ROTORCRAFT_STATUS,0,0,0,104,0,4,1,1,3,0,1,87,15.313304,4.725187
87.9931,44,ROTORCRAFT_STATUS,0,0,0,104,0,4,1,1,3,0,1,87,15.51753,4.835605
88.0131,44,ROTORCRAFT_STATUS,0,0,0,104,0,4,1,1,3,0,1,88,15.51753,4.835605
88.0331,44,ROTORCRAFT_STATUS,0,0,0,104,0,4,1,1,3,0,1,88,15.51753,4.835605
88.0531,44,ROTORCRAFT_STATUS,0,0,0,104,0,4,1,1,3,0,1,88,15.51753,4.835605
88.0731,44,ROTORCRAFT_STATUS,0,0,0,104,0,4,1,1,3,0,1,88,15.51753,4.835605
88.0931,44,ROTORCRAFT_STATUS,0,0,0,104,0,4,1,1,3,0,1,88,15.53832,4.851406
88.1131,44,ROTORCRAFT_STATUS,0,0,0,104,0,4,1,1,3,0,1,88,15.53832,4.851406
88.1331,44,ROTORCRAFT_STATUS,0,0,0,104,0,4,1,1,3,0,1,88,15.53832,4.851406
88.1531,44,ROTORCRAFT_STATUS,0,0,0,104,0,4,1,1,3,0,1,88,15.53832,4.851406
88.1731,44,ROTORCRAFT_STATUS,0,0,0,104,0,4,1,1,3,0,1,88,15.53832,4.851406
88.1931,44,ROTORCRAFT_STATUS,0,0,0,104,0,4,1,1,3,0,1,88,15.620255,4.888338
88.2131,44,ROTORCRAFT_STATUS,0,0,0,104,0,4,1,1,3,0,1,88,15.620255,4.888338
88.2331,44,ROTORCRAFT_STATUS,0,0,0,104,0,4,1,1,3,0,1,88,15.620255,4.888338
88.2531,44,ROTORCRAFT_STATUS,0,0,0,104,0,4,1,1,3,0,1,88,15.620255,4.888338
88.2731,44,ROTORCRAFT_STATUS,0,0,0,104,0,4,1,1,3,0,1,88,15.620255,4.888338
88.2931,44,ROTORCRAFT_STATUS,0,0,0,104,0,4,1,1,3,0,1,88,15.63065,4.880628
88.3131,44,ROTORCRAFT_STATUS,0,0,0,104,0,4,1,1,3,0,1,88,15.63065,4.880628
88.3331,44,ROTORCRAFT_STATUS,0,0,0,104,0,4,1,1,3,0,1,88,15.63065,4.880628
88.3531,44,ROTORCRAFT_STATUS,0,0,0,104,0,4,1,1,3,0,1,88,15.63065,4.880628
88.3731,44,ROTORCRAFT_STATUS,0,0,0,104,0,4,1,1,3,0,1,88,15.63065,4.880628
88.3931,44,ROTORCRAFT_STATUS,0,0,0,104,0,4,1,1,3,0,1,88,15.398908,4.732041
88.4131,44,ROTORCRAFT_STATUS,0,0,0,104,0,4,1,1,3,0,1,88,15.398908,4.732041
88.4331,44,ROTORCRAFT_STATUS,0,0,0,104,0,4,1,1,3,0,1,88,15.398908,4.732041
88.4531,44,ROTORCRAFT_STATUS,0,0,0,104,0,4,1,1,3,0,1,88,15.398908,4.732041
88.4731,44,ROTORCRAFT_STATUS,0,0,0,104,0,4,1,1,3,0,1,88,15.398908,4.732041
88.4931,44,ROTORCRAFT_STATUS,0,0,0,104,0,4,1,1,3,0,1,88,15.593351,4.844838
88.5131,44,ROTORCRAFT_STATUS,0,0,0,104,0,4,1,1,3,0,1,88,15.593351,4.844838
88.5331,44,ROTORCRAFT_STATUS,0,0,0,104,0,4,1,1,3,0,1,88,15.593351,4.844838
88.5531,44,ROTORCRAFT_STATUS,0,0,0,104,0,4,1,1,3,0,1,88,15.593351,4.844838
88.5731,44,ROTORCRAFT_STATUS,0,0,0,104,0,4,1,1,3,0,1,88,15.593351,4.844838
88.5931,44,ROTORCRAFT_STATUS,0,0,0,104,0,4,1,1,3,0,1,88,15.383621,4.731755
88.6131,44,ROTORCRAFT_STATUS,0,0,0,104,0,4,1,1,3,0,1,88,15.383621,4.731755
88.6331,44,ROTORCRAFT_STATUS,0,0,0,104,0,4,1,1,3,0,1,88,15.383621,4.731755
88.6531,44,ROTORCRAFT_STATUS,0,0,0,104,0,4,1,1,3,0,1,88,15.383621,4.731755
88.6731,44,ROTORCRAFT_STATUS,0,0,0,104,0,4,1,1,3,0,1,88,15.383621,4.731755
88.6931,44,ROTORCRAFT_STATUS,0,0,0,104,0,4,1,1,3,0,1,88,15.626369,4.875393
88.7131,44,ROTORCRAFT_STATUS,0,0,0,104,0,4,1,1,3,0,1,88,15.626369,4.875393
88.7331,44,ROTORCRAFT_STATUS,0,0,0,104,0,4,1,1,3,0,1,88,15.626369,4.875393
88.7531,44,ROTORCRAFT_STATUS,0,0,0,104,0,4,1,1,3,0,1,88,15.626369,4.875393
88.7731,44,ROTORCRAFT_STATUS,0,0,0,104,0,4,1,1,3,0,1,88,15.626369,4.875393
88.7931,44,ROTORCRAFT_STATUS,0,0,0,104,0,4,1,1,3,0,1,88,15.612306,4.870348
88.8131,44,ROTORCRAFT_STATUS,0,0,0,108,0,4,1,1,3,0,1,88,15.612306,4.870348
88.8331,44,ROTORCRAFT_STATUS,0,0,0,108,0,4,1,1,3,0,1,88,15.612306,4.870348
88.8531,44,ROTORCRAFT_STATUS,0,0,0,108,0,4,1,1,3,0,1,88,15.612306,4.870348
88.8731,44,ROTORCRAFT_STATUS,0,0,0,108,0,4,1,1,3,0,1,88,15.612306,4.870348
88.8931,44,ROTORCRAFT_STATUS,0,0,0,108,0,4,1,1,3,0,1,88,15.581734,4.864636
88.9131,44,ROTORCRAFT_STATUS,0,0,0,108,0,4,1,1,3,0,1,88,15.581734,4.864636
88.9331,44,ROTORCRAFT_STATUS,0,0,0,108,0,4,1,1,3,0,1,88,15.581734,4.864636
88.9531,44,ROTORCRAFT_STATUS,0,0,0,108,0,4,1,1,3,0,1,88,15.581734,4.864636
88.9731,44,ROTORCRAFT_STATUS,0,0,0,108,0,4,1,1,3,0,1,88,15.581734,4.864636
88.9931,44,ROTORCRAFT_STATUS,0,0,0,108,0,4,1,1,3,0,1,88,15.523033,4.849407
89.0131,44,ROTORCRAFT_STATUS,0,0,0,108,0,4,1,1,3,0,1,89,15.523033,4.849407
89.0331,44,ROTORCRAFT_STATUS,0,0,0,108,0,4,1,1,3,0,1,89,15.523033,4.849407
89.0531,44,ROTORCRAFT_STATUS,0,0,0,108,0,4,1,1,3,0,1,89,15.523033,4.849407
89.0731,44,ROTORCRAFT_STATUS,0,0,0,108,0,4,1,1,3,0,1,89,15.523033,4.849407
89.0931,44,ROTORCRAFT_STATUS,0,0,0,108,0,4,1,1,3,0,1,89,15.497964,4.831702
89.1131,44,ROTORCRAFT_STATUS,0,0,0,108,0,4,1,1,3,0,1,89,15.497964,4.831702
89.1331,44,ROTORCRAFT_STATUS,0,0,0,108,0,4,1,1,3,0,1,89,15.497964,4.831702
89.1531,44,ROTORCRAFT_STATUS,0,0,0,108,0,4,1,1,3,0,1,89,15.497964,4.831702
89.1731,44,ROTORCRAFT_STATUS,0,0,0,108,0,4,1,1,3,0,1,89,15.497964,4.831702
89.1931,44,ROTORCRAFT_STATUS,0,0,0,108,0,4,1,1,3,0,1,89,15.589683,4.878153
89.2131,44,ROTORCRAFT_STATUS,0,0,0,108,0,4,1,1,3,0,1,89,15.589683,4.878153
89.2331,44,ROTORCRAFT_STATUS,0,0,0,108,0,4,1,1,3,0,1,89,15.589683,4.878153
89.2531,44,ROTORCRAFT_STATUS,0,0,0,108,0,4,1,1,3,0,1,89,15.589683,4.878153
89.2731,44,ROTORCRAFT_STATUS,0,0,0,108,0,4,1,1,3,0,1,89,15.589683,4.878153
89.2931,44,ROTORCRAFT_STATUS,0,0,0,108,0,4,1,1,3,0,1,89,15.58051,4.875869
89.3131,44,ROTORCRAFT_STATUS,0,0,0,108,0,4,1,1,3,0,1,89,15.58051,4.875869
89.3331,44,ROTORCRAFT_STATUS,0,0,0,108,0,4,1,1,3,0,1,89,15.58051,4.875869
89.3531,44,ROTORCRAFT_STATUS,0,0,0,108,0,4,1,1,3,0,1,89,15.58051,4.875869
89.3731,44,ROTORCRAFT_STATUS,0,0,0,108,0,4,1,1,3,0,1,89,15.58051,4.875869
89.3931,44,ROTORCRAFT_STATUS,0,0,0,108,0,4,1,1,3,0,1,89,15.370781,4.767641
89.4131,44,ROTORCRAFT_STATUS,0,0,0,108,0,4,1,1,3,0,1,89,15.370781,4.767641
89.4331,44,ROTORCRAFT_STATUS,0,0,0,108,0,4,1,1,3,0,1,89,15.370781,4.767641
89.4531,44,ROTORCRAFT_STATUS,0,0,0,108,0,4,1,1,3,0,1,89,15.370781,4.767641
89.4731,44,ROTORCRAFT_STATUS,0,0,0,108,0,4,1,1,3,0,1,89,15.370781,4.767641
89.4931,44,ROTORCRAFT_STATUS,0,0,0,108,0,4,1,1,3,0,1,89,15.537097,4.846075
89.5131,44,ROTORCRAFT_STATUS,0,0,0,108,0,4,1,1,3,0,1,89,15.537097,4.846075
89.5331,44,ROTORCRAFT_STATUS,0,0,0,108,0,4,1,1,3,0,1,89,15.537097,4.846075
89.5531,44,ROTORCRAFT_STATUS,0,0,0,108,0,4,1,1,3,0,1,89,15.537097,4.846075
89.5731,44,ROTORCRAFT_STATUS,0,0,0,108,0,4,1,1,3,0,1,89,15.537097,4.846075
89.5931,44,ROTORCRAFT_STATUS,0,0,0,108,0,4,1,1,3,0,1,89,15.537708,4.83351
89.6131,44,ROTORCRAFT_STATUS,0,0,0,108,0,4,1,1,3,0,1,89,15.537708,4.83351
89.6331,44,ROTORCRAFT_STATUS,0,0,0,108,0,4,1,1,3,0,1,89,15.537708,4.83351
89.6531,44,ROTORCRAFT_STATUS,0,0,0,108,0,4,1,1,3,0,1,89,15.537708,4.83351
89.6731,44,ROTORCRAFT_STATUS,0,0,0,108,0,4,1,1,3,0,1,89,15.537708,4.83351
89.6931,44,ROTORCRAFT_STATUS,0,0,0,108,0,4,1,1,3,0,1,89,15.365278,4.76193
89.7131,44,ROTORCRAFT_STATUS,0,0,0,108,0,4,1,1,3,0,1,89,15.365278,4.76193
89.7331,44,ROTORCRAFT_STATUS,0,0,0,108,0,4,1,1,3,0,1,89,15.365278,4.76193
89.7531,44,ROTORCRAFT_STATUS,0,0,0,108,0,4,1,1,3,0,1,89,15.365278,4.76193
89.7731,44,ROTORCRAFT_STATUS,0,0,0,108,0,4,1,1,3,0,1,89,15.365278,4.76193
89.7931,44,ROTORCRAFT_STATUS,0,0,0,108,0,4,1,1,3,0,1,89,15.615974,4.887767
89.8131,44,ROTORCRAFT_STATUS,0,0,0,108,0,4,1,1,3,0,1,89,15.615974,4.887767
89.8331,44,ROTORCRAFT_STATUS,0,0,0,110,0,4,1,1,3,0,1,89,15.615974,4.887767
89.8531,44,ROTORCRAFT_STATUS,0,0,0,110,0,4,1,1,3,0,1,89,15.615974,4.887767
89.8731,44,ROTORCRAFT_STATUS,0,0,0,110,0,4,1,1,3,0,1,89,15.615974,4.887767
89.8931,44,ROTORCRAFT_STATUS,0,0,0,110,0,4,1,1,3,0,1,89,15.491849,4.857974
89.9131,44,ROTORCRAFT_STATUS,0,0,0,110,0,4,1,1,3,0,1,89,15.491849,4.857974
89.9331,44,ROTORCRAFT_STATUS,0,0,0,110,0,4,1,1,3,0,1,89,15.491849,4.857974
89.9531,44,ROTORCRAFT_STATUS,0,0,0,110,0,4,1,1,3,0,1,89,15.491849,4.857974
89.9731,44,ROTORCRAFT_STATUS,0,0,0,110,0,4,1,1,3,0,1,89,15.491849,4.857974
89.9931,44,ROTORCRAFT_STATUS,0,0,0,110,0,4,1,1,3,0,1,89,15.515084,4.832463
90.0131,44,ROTORCRAFT_STATUS,0,0,0,110,0,4,1,1,3,0,1,90,15.515084,4.832463
90.0331,44,ROTORCRAFT_STATUS,0,0,0,110,0,4,1,1,3,0,1,90,15.515084,4.832463
90.0531,44,ROTORCRAFT_STATUS,0,0,0,110,0,4,1,1,3,0,1,90,15.515084,4.832463
90.0731,44,ROTORCRAFT_STATUS,0,0,0,110,0,4,1,1,3,0,1,90,15.515084,4.832463
90.0931,44,ROTORCRAFT_STATUS,0,0,0,110,0,4,1,1,3,0,1,90,15.331037,4.711671
90.1131,44,ROTORCRAFT_STATUS,0,0,0,110,0,4,1,1,3,0,1,90,15.331037,4.711671
90.1331,44,ROTORCRAFT_STATUS,0,0,0,110,0,4,1,1,3,0,1,90,15.331037,4.711671
90.1531,44,ROTORCRAFT_STATUS,0,0,0,110,0,4,1,1,3,0,1,90,15.331037,4.711671
90.1731,44,ROTORCRAFT_STATUS,0,0,0,110,0,4,1,1,3,0,1,90,15.331037,4.711671
90.1931,44,ROTORCRAFT_STATUS,0,0,0,110,0,4,1,1,3,0,1,90,15.615974,4.885768
90.2131,44,ROTORCRAFT_STATUS,0,0,0,110,0,4,1,1,3,0,1,90,15.615974,4.885768
90.2331,44,ROTORCRAFT_STATUS,0,0,0,110,0,4,1,1,3,0,1,90,15.615974,4.885768
90.2531,44,ROTORCRAFT_STATUS,0,0,0,110,0,4,1,1,3,0,1,90,15.615974,4.885768
90.2731,44,ROTORCRAFT_STATUS,0,0,0,110,0,4,1,1,3,0,1,90,15.615974,4.885768
90.2931,44,ROTORCRAFT_STATUS,0,0,0,110,0,4,1,1,3,0,1,90,15.409914,4.777921
90.3131,44,ROTORCRAFT_STATUS,0,0,0,110,0,4,1,1,3,0,1,90,15.409914,4.777921
90.3331,44,ROTORCRAFT_STATUS,0,0,0,110,0,4,1,1,3,0,1,90,15.409914,4.777921
90.3531,44,ROTORCRAFT_STATUS,0,0,0,110,0,4,1,1,3,0,1,90,15.409914,4.777921
90.3731,44,ROTORCRAFT_STATUS,0,0,0,110,0,4,1,1,3,0,1,90,15.409914,4.777921
90.3931,44,ROTORCRAFT_STATUS,0,0,0,110,0,4,1,1,3,0,1,90,15.582345,4.873299
90.4131,44,ROTORCRAFT_STATUS,0,0,0,110,0,4,1,1,3,0,1,90,15.582345,4.873299
90.4331,44,ROTORCRAFT_STATUS,0,0,0,110,0,4,1,1,3,0,1,90,15.582345,4.873299
90.4531,44,ROTORCRAFT_STATUS,0,0,0,110,0,4,1,1,3,0,1,90,15.582345,4.873299
90.4731,44,ROTORCRAFT_STATUS,0,0,0,110,0,4,1,1,3,0,1,90,15.582345,4.873299
90.4931,44,ROTORCRAFT_STATUS,0,0,0,110,0,4,1,1,3,0,1,90,15.513862,4.831511
90.5131,44,ROTORCRAFT_STATUS,0,0,0,110,0,4,1,1,3,0,1,90,15.513862,4.831511
90.5331,44,ROTORCRAFT_STATUS,0,0,0,110,0,4,1,1,3,0,1,90,15.513862,4.831511
90.5531,44,ROTORCRAFT_STATUS,0,0,0,110,0,4,1,1,3,0,1,90,15.513862,4.831511
90.5731,44,ROTORCRAFT_STATUS,0,0,0,110,0,4,1,1,3,0,1,90,15.513862,4.831511
90.5931,44,ROTORCRAFT_STATUS,0,0,0,110,0,4,1,1,3,0,1,90,15.329813,4.714526
90.6131,44,ROTORCRAFT_STATUS,0,0,0,110,0,4,1,1,3,0,1,90,15.329813,4.714526
90.6331,44,ROTORCRAFT_STATUS,0,0,0,110,0,4,1,1,3,0,1,90,15.329813,4.714526
90.6531,44,ROTORCRAFT_STATUS,0,0,0,110,0,4,1,1,3,0,1,90,15.329813,4.714526
90.6731,44,ROTORCRAFT_STATUS,0,0,0,110,0,4,1,1,3,0,1,90,15.329813,4.714526
90.6931,44,ROTORCRAFT_STATUS,0,0,0,110,0,4,1,1,3,0,1,90,15.621478,4.889766
90.7131,44,ROTORCRAFT_STATUS,0,0,0,110,0,4,1,1,3,0,1,90,15.621478,4.889766
90.7331,44,ROTORCRAFT_STATUS,0,0,0,110,0,4,1,1,3,0,1,90,15.621478,4.889766
90.7531,44,ROTORCRAFT_STATUS,0,0,0,110,0,4,1,1,3,0,1,90,15.621478,4.889766
90.7731,44,ROTORCRAFT_STATUS,0,0,0,110,0,4,1,1,3,0,1,90,15.621478,4.889766
90.7931,44,ROTORCRAFT_STATUS,0,0,0,110,0,4,1,1,3,0,1,90,15.431315,4.818661
90.8131,44,ROTORCRAFT_STATUS,0,0,0,110,0,4,1,1,3,0,1,90,15.431315,4.818661
90.8331,44,ROTORCRAFT_STATUS,0,0,0,110,0,4,1,1,3,0,1,90,15.431315,4.818661
90.8531,44,ROTORCRAFT_STATUS,0,0,0,110,0,4,1,1,3,0,1,90,15.431315,4.818661
90.8731,44,ROTORCRAFT_STATUS,0,0,0,110,0,4,1,1,3,0,1,90,15.431315,4.818661
90.8931,44,ROTORCRAFT_STATUS,0,0,0,110,0,4,1,1,3,0,1,90,15.560332,4.852357
90.9131,44,ROTORCRAFT_STATUS,0,0,0,110,0,4,1,1,3,0,1,90,15.560332,4.852357
90.9331,44,ROTORCRAFT_STATUS,0,0,0,110,0,4,1,1,3,0,1,90,15.560332,4.852357
90.9531,44,ROTORCRAFT_STATUS,0,0,0,110,0,4,1,1,3,0,1,90,15.560332,4.852357
90.9731,44,ROTORCRAFT_STATUS,0,0,0,110,0,4,1,1,3,0,1,90,15.560332,4.852357
90.9931,44,ROTORCRAFT_STATUS,0,0,0,110,0,4,1,1,3,0,1,90,15.503467,4.832273
91.0131,44,ROTORCRAFT_STATUS,0,0,0,110,0,4,1,1,3,0,1,91,15.503467,4.832273
91.0331,44,ROTORCRAFT_STATUS,0,0,0,110,0,4,1,1,3,0,1,91,15.503467,4.832273
91.0531,44,ROTORCRAFT_STATUS,0,0,0,110,0,4,1,1,3,0,1,91,15.503467,4.832273
91.0731,44,ROTORCRAFT_STATUS,0,0,0,110,0,4,1,1,3,0,1,91,15.503467,4.832273
91.0931,44,ROTORCRAFT_STATUS,0,0,0,110,0,4,1,1,3,0,1,91,15.549937,4.842743
91.1131,44,ROTORCRAFT_STATUS,0,0,0,110,0,4,1,1,3,0,1,91,15.549937,4.842743
91.1331,44,ROTORCRAFT_STATUS,0,0,0,110,0,4,1,1,3,0,1,91,15.549937,4.842743
91.1531,44,ROTORCRAFT_STATUS,0,0,0,110,0,4,1,1,3,0,1,91,15.549937,4.842743
91.1731,44,ROTORCRAFT_STATUS,0,0,0,110,0,4,1,1,3,0,1,91,15.549937,4.842743
91.1931,44,ROTORCRAFT_STATUS,0,0,0,110,0,4,1,1,3,0,1,91,15.449658,4.886244
91.2131,44,ROTORCRAFT_STATUS,0,0,0,110,0,4,1,1,3,0,1,91,15.449658,4.886244
91.2331,44,ROTORCRAFT_STATUS,0,0,0,110,0,4,1,1,3,0,1,91,15.449658,4.886244
91.2531,44,ROTORCRAFT_STATUS,0,0,0,110,0,4,1,1,3,0,1,91,15.449658,4.886244
91.2731,44,ROTORCRAFT_STATUS,0,0,0,110,0,4,1,1,3,0,1,91,15.449658,4.886244
91.2931,44,ROTORCRAFT_STATUS,0,0,0,110,0,4,1,1,3,0,1,91,15.37873,4.879867
91.3131,44,ROTORCRAFT_STATUS,0,0,0,110,0,4,1,1,3,0,1,91,15.37873,4.879867
91.3331,44,ROTORCRAFT_STATUS,0,0,0,110,0,4,1,1,3,0,1,91,15.37873,4.879867
91.3531,44,ROTORCRAFT_STATUS,0,0,0,110,0,4,1,1,3,0,1,91,15.37873,4.879867
91.3731,44,ROTORCRAFT_STATUS,0,0,0,110,0,4,1,1,3,0,1,91,15.37873,4.879867
91.3931,44,ROTORCRAFT_STATUS,0,0,0,110,0,4,1,1,3,0,1,91,15.362221,4.871585
91.4131,44,ROTORCRAFT_STATUS,0,0,0,110,0,4,1,1,3,0,1,91,15.362221,4.871585
91.4331,44,ROTORCRAFT_STATUS,0,0,0,110,0,4,1,1,3,0,1,91,15.362221,4.871585
91.4531,44,ROTORCRAFT_STATUS,0,0,0,110,0,4,1,1,3,0,1,91,15.362221,4.871585
91.4731,44,ROTORCRAFT_STATUS,0,0,0,110,0,4,1,1,3,0,1,91,15.362221,4.871585
91.4931,44,ROTORCRAFT_STATUS,0,0,0,110,0,4,1,1,3,0,1,91,15.309024,4.843315
91.5131,44,ROTORCRAFT_STATUS,0,0,0,110,0,4,1,1,3,0,1,91,15.309024,4.843315
91.5331,44,ROTORCRAFT_STATUS,0,0,0,110,0,4,1,1,3,0,1,91,15.309024,4.843315
91.5531,44,ROTORCRAFT_STATUS,0,0,0,110,0,4,1,1,3,0,1,91,15.309024,4.843315
91.5731,44,ROTORCRAFT_STATUS,0,0,0,110,0,4,1,1,3,0,1,91,15.309024,4.843315
91.5931,44,ROTORCRAFT_STATUS,0,0,0,110,0,4,1,1,3,0,1,91,15.113358,4.727472
91.6131,44,ROTORCRAFT_STATUS,0,0,0,110,0,4,1,1,3,0,1,91,15.113358,4.727472
91.6331,44,ROTORCRAFT_STATUS,0,0,0,110,0,4,1,1,3,0,1,91,15.113358,4.727472
91.6531,44,ROTORCRAFT_STATUS,0,0,0,110,0,4,1,1,3,0,1,91,15.113358,4.727472
91.6731,44,ROTORCRAFT_STATUS,0,0,0,110,0,4,1,1,3,0,1,91,15.113358,4.727472
91.6931,44,ROTORCRAFT_STATUS,0,0,0,110,0,4,1,1,3,0,1,91,15.494906,4.865589
91.7131,44,ROTORCRAFT_STATUS,0,0,0,110,0,4,1,1,3,0,1,91,15.494906,4.865589
91.7331,44,ROTORCRAFT_STATUS,0,0,0,110,0,4,1,1,3,0,1,91,15.494906,4.865589
91.7531,44,ROTORCRAFT_STATUS,0,0,0,110,0,4,1,1,3,0,1,91,15.494906,4.865589
91.7731,44,ROTORCRAFT_STATUS,0,0,0,110,0,4,1,1,3,0,1,91,15.494906,4.865589
91.7931,44,ROTORCRAFT_STATUS,0,0,0,110,0,4,1,1,3,0,1,91,15.58907,4.874726
91.8131,44,ROTORCRAFT_STATUS,0,0,0,110,0,4,1,1,3,0,1,91,15.58907,4.874726
91.8331,44,ROTORCRAFT_STATUS,0,0,0,110,0,4,1,1,3,0,1,91,15.58907,4.874726
91.8531,44,ROTORCRAFT_STATUS,0,0,0,110,0,4,1,1,3,0,1,91,15.58907,4.874726
91.8731,44,ROTORCRAFT_STATUS,0,0,0,101,0,4,1,1,3,0,1,91,15.58907,4.874726
91.8931,44,ROTORCRAFT_STATUS,0,0,0,101,0,4,1,1,3,0,1,91,15.564612,4.874726
91.9131,44,ROTORCRAFT_STATUS,0,0,0,101,0,4,1,1,3,0,1,91,15.564612,4.874726
91.9331,44,ROTORCRAFT_STATUS,0,0,0,101,0,4,1,1,3,0,1,91,15.564612,4.874726
91.9531,44,ROTORCRAFT_STATUS,0,0,0,101,0,4,1,1,3,0,1,91,15.564612,4.874726
91.9731,44,ROTORCRAFT_STATUS,0,0,0,101,0,4,1,1,3,0,1,91,15.564612,4.874726
91.9931,44,ROTORCRAFT_STATUS,0,0,0,101,0,4,1,1,3,0,1,91,15.516919,4.837794
92.0131,44,ROTORCRAFT_STATUS,0,0,0,101,0,4,1,1,3,0,1,92,15.516919,4.837794
92.0331,44,ROTORCRAFT_STATUS,0,0,0,101,0,4,1,1,3,0,1,92,15.516919,4.837794
92.0531,44,ROTORCRAFT_STATUS,0,0,0,101,0,4,1,1,3,0,1,92,15.516919,4.837794
92.0731,44,ROTORCRAFT_STATUS,0,0,0,101,0,4,1,1,3,0,1,92,15.516919,4.837794
92.0931,44,ROTORCRAFT_STATUS,0,0,0,101,0,4,1,1,3,0,1,92,15.497964,4.834843
92.1131,44,ROTORCRAFT_STATUS,0,0,0,101,0,4,1,1,3,0,1,92,15.497964,4.834843
92.1331,44,ROTORCRAFT_STATUS,0,0,0,101,0,4,1,1,3,0,1,92,15.497964,4.834843
92.1531,44,ROTORCRAFT_STATUS,0,0,0,101,0,4,1,1,3,0,1,92,15.497964,4.834843
92.1731,44,ROTORCRAFT_STATUS,0,0,0,101,0,4,1,1,3,0,1,92,15.497964,4.834843
92.1931,44,ROTORCRAFT_STATUS,0,0,0,101,0,4,1,1,3,0,1,92,15.581734,4.878248
92.2131,44,ROTORCRAFT_STATUS,0,0,0,101,0,4,1,1,3,0,1,92,15.581734,4.878248
92.2331,44,ROTORCRAFT_STATUS,0,0,0,101,0,4,1,1,3,0,1,92,15.581734,4.878248
92.2531,44,ROTORCRAFT_STATUS,0,0,0,101,0,4,1,1,3,0,1,92,15.581734,4.878248
92.2731,44,ROTORCRAFT_STATUS,0,0,0,101,0,4,1,1,3,0,1,92,15.581734,4.878248
92.2931,44,ROTORCRAFT_STATUS,0,0,0,101,0,4,1,1,3,0,1,92,15.358552,4.770306
92.3131,44,ROTORCRAFT_STATUS,0,0,0,101,0,4,1,1,3,0,1,92,15.358552,4.770306
92.3331,44,ROTORCRAFT_STATUS,0,0,0,101,0,4,1,1,3,0,1,92,15.358552,4.770306
92.3531,44,ROTORCRAFT_STATUS,0,0,0,101,0,4,1,1,3,0,1,92,15.358552,4.770306
92.3731,44,ROTORCRAFT_STATUS,0,0,0,101,0,4,1,1,3,0,1,92,15.358552,4.770306
92.3931,44,ROTORCRAFT_STATUS,0,0,0,101,0,4,1,1,3,0,1,92,15.373838,4.767831
92.4131,44,ROTORCRAFT_STATUS,0,0,0,101,0,4,1,1,3,0,1,92,15.373838,4.767831
92.4331,44,ROTORCRAFT_STATUS,0,0,0,101,0,4,1,1,3,0,1,92,15.373838,4.767831
92.4531,44,ROTORCRAFT_STATUS,0,0,0,101,0,4,1,1,3,0,1,92,15.373838,4.767831
92.4731,44,ROTORCRAFT_STATUS,0,0,0,101,0,4,1,1,3,0,1,92,15.373838,4.767831
92.4931,44,ROTORCRAFT_STATUS,0,0,0,101,0,4,1,1,3,0,1,92,15.521199,4.847218
92.5131,44,ROTORCRAFT_STATUS,0,0,0,101,0,4,1,1,3,0,1,92,15.521199,4.847218
92.5331,44,ROTORCRAFT_STATUS,0,0,0,101,0,4,1,1,3,0,1,92,15.521199,4.847218
92.5531,44,ROTORCRAFT_STATUS,0,0,0,101,0,4,1,1,3,0,1,92,15.521199,4.847218
92.5731,44,ROTORCRAFT_STATUS,0,0,0,101,0,4,1,1,3,0,1,92,15.521199,4.847218
92.5931,44,ROTORCRAFT_STATUS,0,0,0,101,0,4,1,1,3,0,1,92,15.504078,4.814188
92.6131,44,ROTORCRAFT_STATUS,0,0,0,101,0,4,1,1,3,0,1,92,15.504078,4.814188
92.6331,44,ROTORCRAFT_STATUS,0,0,0,101,0,4,1,1,3,0,1,92,15.504078,4.814188
92.6531,44,ROTORCRAFT_STATUS,0,0,0,101,0,4,1,1,3,0,1,92,15.504078,4.814188
92.6731,44,ROTORCRAFT_STATUS,0,0,0,101,0,4,1,1,3,0,1,92,15.504078,4.814188
92.6931,44,ROTORCRAFT_STATUS,0,0,0,101,0,4,1,1,3,0,1,92,15.582345,4.880628
92.7131,44,ROTORCRAFT_STATUS,0,0,0,101,0,4,1,1,3,0,1,92,15.582345,4.880628
92.7331,44,ROTORCRAFT_STATUS,0,0,0,101,0,4,1,1,3,0,1,92,15.582345,4.880628
92.7531,44,ROTORCRAFT_STATUS,0,0,0,101,0,4,1,1,3,0,1,92,15.582345,4.880628
92.7731,44,ROTORCRAFT_STATUS,0,0,0,101,0,4,1,1,3,0,1,92,15.582345,4.880628
92.7931,44,ROTORCRAFT_STATUS,0,0,0,101,0,4,1,1,3,0,1,92,15.599465,4.887291
92.8131,44,ROTORCRAFT_STATUS,0,0,0,101,0,4,1,1,3,0,1,92,15.599465,4.887291
92.8331,44,ROTORCRAFT_STATUS,0,0,0,101,0,4,1,1,3,0,1,92,15.599465,4.887291
92.8531,44,ROTORCRAFT_STATUS,0,0,0,101,0,4,1,1,3,0,1,92,15.599465,4.887291
92.8731,44,ROTORCRAFT_STATUS,0,0,0,101,0,4,1,1,3,0,1,92,15.599465,4.887291
92.8931,44,ROTORCRAFT_STATUS,0,0,0,109,0,4,1,1,3,0,1,92,15.608637,4.888338
92.9131,44,ROTORCRAFT_STATUS,0,0,0,109,0,4,1,1,3,0,1,92,15.608637,4.888338
92.9331,44,ROTORCRAFT_STATUS,0,0,0,109,0,4,1,1,3,0,1,92,15.608637,4.888338
92.9531,44,ROTORCRAFT_STATUS,0,0,0,109,0,4,1,1,3,0,1,92,15.608637,4.888338
92.9731,44,ROTORCRAFT_STATUS,0,0,0,109,0,4,1,1,3,0,1,92,15.608637,4.888338
92.9931,44,ROTORCRAFT_STATUS,0,0,0,109,0,4,1,1,3,0,1,92,15.464334,4.828656
93.0131,44,ROTORCRAFT_STATUS,0,0,0,109,0,4,1,1,3,0,1,93,15.464334,4.828656
93.0331,44,ROTORCRAFT_STATUS,0,0,0,109,0,4,1,1,3,0,1,93,15.464334,4.828656
93.0531,44,ROTORCRAFT_STATUS,0,0,0,109,0,4,1,1,3,0,1,93,15.464334,4.828656
93.0731,44,ROTORCRAFT_STATUS,0,0,0,109,0,4,1,1,3,0,1,93,15.464334,4.828656
93.0931,44,ROTORCRAFT_STATUS,0,0,0,109,0,4,1,1,3,0,1,93,15.505913,4.830464
93.1131,44,ROTORCRAFT_STATUS,0,0,0,109,0,4,1,1,3,0,1,93,15.505913,4.830464
93.1331,44,ROTORCRAFT_STATUS,0,0,0,109,0,4,1,1,3,0,1,93,15.505913,4.830464
93.1531,44,ROTORCRAFT_STATUS,0,0,0,109,0,4,1,1,3,0,1,93,15.505913,4.830464
93.1731,44,ROTORCRAFT_STATUS,0,0,0,109,0,4,1,1,3,0,1,93,15.505913,4.830464
93.1931,44,ROTORCRAFT_STATUS,0,0,0,109,0,4,1,1,3,0,1,93,15.597631,4.886054
93.2131,44,ROTORCRAFT_STATUS,0,0,0,109,0,4,1,1,3,0,1,93,15.597631,4.886054
93.2331,44,ROTORCRAFT_STATUS,0,0,0,109,0,4,1,1,3,0,1,93,15.597631,4.886054
93.2531,44,ROTORCRAFT_STATUS,0,0,0,109,0,4,1,1,3,0,1,93,15.597631,4.886054
93.2731,44,ROTORCRAFT_STATUS,0,0,0,109,0,4,1,1,3,0,1,93,15.597631,4.886054
93.2931,44,ROTORCRAFT_STATUS,0,0,0,109,0,4,1,1,3,0,1,93,15.611083,4.884245
93.3131,44,ROTORCRAFT_STATUS,0,0,0,109,0,4,1,1,3,0,1,93,15.611083,4.884245
93.3331,44,ROTORCRAFT_STATUS,0,0,0,109,0,4,1,1,3,0,1,93,15.611083,4.884245
93.3531,44,ROTORCRAFT_STATUS,0,0,0,109,0,4,1,1,3,0,1,93,15.611083,4.884245
93.3731,44,ROTORCRAFT_STATUS,0,0,0,109,0,4,1,1,3,0,1,93,15.611083,4.884245
93.3931,44,ROTORCRAFT_STATUS,0,0,0,109,0,4,1,1,3,0,1,93,15.623923,4.871395
93.4131,44,ROTORCRAFT_STATUS,0,0,0,109,0,4,1,1,3,0,1,93,15.623923,4.871395
93.4331,44,ROTORCRAFT_STATUS,0,0,0,109,0,4,1,1,3,0,1,93,15.623923,4.871395
93.4531,44,ROTORCRAFT_STATUS,0,0,0,109,0,4,1,1,3,0,1,93,15.623923,4.871395
93.4731,44,ROTORCRAFT_STATUS,0,0,0,109,0,4,1,1,3,0,1,93,15.623923,4.871395
93.4931,44,ROTORCRAFT_STATUS,0,0,0,109,0,4,1,1,3,0,1,93,15.568281,4.827228
93.5131,44,ROTORCRAFT_STATUS,0,0,0,109,0,4,1,1,3,0,1,93,15.568281,4.827228
93.5331,44,ROTORCRAFT_STATUS,0,0,0,109,0,4,1,1,3,0,1,93,15.568281,4.827228
93.5531,44,ROTORCRAFT_STATUS,0,0,0,109,0,4,1,1,3,0,1,93,15.568281,4.827228
93.5731,44,ROTORCRAFT_STATUS,0,0,0,109,0,4,1,1,3,0,1,93,15.568281,4.827228
93.5931,44,ROTORCRAFT_STATUS,0,0,0,109,0,4,1,1,3,0,1,93,15.592128,4.829703
93.6131,44,ROTORCRAFT_STATUS,0,0,0,109,0,4,1,1,3,0,1,93,15.592128,4.829703
93.6331,44,ROTORCRAFT_STATUS,0,0,0,109,0,4,1,1,3,0,1,93,15.592128,4.829703
93.6531,44,ROTORCRAFT_STATUS,0,0,0,109,0,4,1,1,3,0,1,93,15.592128,4.829703
93.6731,44,ROTORCRAFT_STATUS,0,0,0,109,0,4,1,1,3,0,1,93,15.592128,4.829703
93.6931,44,ROTORCRAFT_STATUS,0,0,0,109,0,4,1,1,3,0,1,93,15.657554,4.885102
93.7131,44,ROTORCRAFT_STATUS,0,0,0,109,0,4,1,1,3,0,1,93,15.657554,4.885102
93.7331,44,ROTORCRAFT_STATUS,0,0,0,109,0,4,1,1,3,0,1,93,15.657554,4.885102
93.7531,44,ROTORCRAFT_STATUS,0,0,0,109,0,4,1,1,3,0,1,93,15.657554,4.885102
93.7731,44,ROTORCRAFT_STATUS,0,0,0,109,0,4,1,1,3,0,1,93,15.657554,4.885102
93.7931,44,ROTORCRAFT_STATUS,0,0,0,109,0,4,1,1,3,0,1,93,15.606192,4.855689
93.8131,44,ROTORCRAFT_STATUS,0,0,0,109,0,4,1,1,3,0,1,93,15.606192,4.855689
93.8331,44,ROTORCRAFT_STATUS,0,0,0,109,0,4,1,1,3,0,1,93,15.606192,4.855689
93.8531,44,ROTORCRAFT_STATUS,0,0,0,109,0,4,1,1,3,0,1,93,15.606192,4.855689
93.8731,44,ROTORCRAFT_STATUS,0,0,0,109,0,4,1,1,3,0,1,93,15.606192,4.855689
93.8931,44,ROTORCRAFT_STATUS,0,0,0,109,0,4,1,1,3,0,1,93,15.641045,4.874346
93.9131,44,ROTORCRAFT_STATUS,0,0,0,109,0,4,1,1,3,0,1,93,15.641045,4.874346
93.9331,44,ROTORCRAFT_STATUS,0,0,0,109,0,4,1,1,3,0,1,93,15.641045,4.874346
93.9531,44,ROTORCRAFT_STATUS,0,0,0,109,0,4,1,1,3,0,1,93,15.641045,4.874346
93.9731,44,ROTORCRAFT_STATUS,0,0,0,109,0,4,1,1,3,0,1,93,15.641045,4.874346
93.9931,44,ROTORCRAFT_STATUS,0,0,0,109,0,4,1,1,3,0,1,93,15.339597,4.708625
94.0131,44,ROTORCRAFT_STATUS,0,0,0,109,0,4,1,1,3,0,1,94,15.339597,4.708625
94.0331,44,ROTORCRAFT_STATUS,0,0,0,109,0,4,1,1,3,0,1,94,15.339597,4.708625
94.0531,44,ROTORCRAFT_STATUS,0,0,0,109,0,4,1,1,3,0,1,94,15.339597,4.708625
94.0731,44,ROTORCRAFT_STATUS,0,0,0,109,0,4,1,1,3,0,1,94,15.339597,4.708625
94.0931,44,ROTORCRAFT_STATUS,0,0,0,109,0,4,1,1,3,0,1,94,15.596408,4.8436
94.1131,44,ROTORCRAFT_STATUS,0,0,0,109,0,4,1,1,3,0,1,94,15.596408,4.8436
94.1331,44,ROTORCRAFT_STATUS,0,0,0,109,0,4,1,1,3,0,1,94,15.596408,4.8436
94.1531,44,ROTORCRAFT_STATUS,0,0,0,109,0,4,1,1,3,0,1,94,15.596408,4.8436
94.1731,44,ROTORCRAFT_STATUS,0,0,0,109,0,4,1,1,3,0,1,94,15.596408,4.8436
94.1931,44,ROTORCRAFT_STATUS,0,0,0,109,0,4,1,1,3,0,1,94,15.677732,4.890908
94.2131,44,ROTORCRAFT_STATUS,0,0,0,109,0,4,1,1,3,0,1,94,15.677732,4.890908
94.2331,44,ROTORCRAFT_STATUS,0,0,0,109,0,4,1,1,3,0,1,94,15.677732,4.890908
94.2531,44,ROTORCRAFT_STATUS,0,0,0,109,0,4,1,1,3,0,1,94,15.677732,4.890908
94.2731,44,ROTORCRAFT_STATUS,0,0,0,109,0,4,1,1,3,0,1,94,15.677732,4.890908
94.2931,44,ROTORCRAFT_STATUS,0,0,0,109,0,4,1,1,3,0,1,94,15.652051,4.880342
94.3131,44,ROTORCRAFT_STATUS,0,0,0,109,0,4,1,1,3,0,1,94,15.652051,4.880342
94.3331,44,ROTORCRAFT_STATUS,0,0,0,109,0,4,1,1,3,0,1,94,15.652051,4.880342
94.3531,44,ROTORCRAFT_STATUS,0,0,0,109,0,4,1,1,3,0,1,94,15.652051,4.880342
94.3731,44,ROTORCRAFT_STATUS,0,0,0,109,0,4,1,1,3,0,1,94,15.652051,4.880342
94.3931,44,ROTORCRAFT_STATUS,0,0,0,109,0,4,1,1,3,0,1,94,15.654496,4.877296
94.4131,44,ROTORCRAFT_STATUS,0,0,0,109,0,4,1,1,3,0,1,94,15.654496,4.877296
94.4331,44,ROTORCRAFT_STATUS,0,0,0,109,0,4,1,1,3,0,1,94,15.654496,4.877296
94.4531,44,ROTORCRAFT_STATUS,0,0,0,109,0,4,1,1,3,0,1,94,15.654496,4.877296
94.4731,44,ROTORCRAFT_STATUS,0,0,0,109,0,4,1,1,3,0,1,94,15.654496,4.877296
94.4931,44,ROTORCRAFT_STATUS,0,0,0,109,0,4,1,1,3,0,1,94,15.572561,4.847408
94.5131,44,ROTORCRAFT_STATUS,0,0,0,109,0,4,1,1,3,0,1,94,15.572561,4.847408
94.5331,44,ROTORCRAFT_STATUS,0,0,0,109,0,4,1,1,3,0,1,94,15.572561,4.847408
94.5531,44,ROTORCRAFT_STATUS,0,0,0,109,0,4,1,1,3,0,1,94,15.572561,4.847408
94.5731,44,ROTORCRAFT_STATUS,0,0,0,109,0,4,1,1,3,0,1,94,15.572561,4.847408
94.5931,44,ROTORCRAFT_STATUS,0,0,0,109,0,4,1,1,3,0,1,94,15.438041,4.728043
94.6131,44,ROTORCRAFT_STATUS,0,0,0,109,0,4,1,1,3,0,1,94,15.438041,4.728043
94.6331,44,ROTORCRAFT_STATUS,0,0,0,109,0,4,1,1,3,0,1,94,15.438041,4.728043
94.6531,44,ROTORCRAFT_STATUS,0,0,0,109,0,4,1,1,3,0,1,94,15.438041,4.728043
94.6731,44,ROTORCRAFT_STATUS,0,0,0,109,0,4,1,1,3,0,1,94,15.438041,4.728043
94.6931,44,ROTORCRAFT_STATUS,0,0,0,109,0,4,1,1,3,0,1,94,15.641656,4.878724
94.7131,44,ROTORCRAFT_STATUS,0,0,0,109,0,4,1,1,3,0,1,94,15.641656,4.878724
94.7331,44,ROTORCRAFT_STATUS,0,0,0,109,0,4,1,1,3,0,1,94,15.641656,4.878724
94.7531,44,ROTORCRAFT_STATUS,0,0,0,109,0,4,1,1,3,0,1,94,15.641656,4.878724
94.7731,44,ROTORCRAFT_STATUS,0,0,0,109,0,4,1,1,3,0,1,94,15.641656,4.878724
94.7931,44,ROTORCRAFT_STATUS,0,0,0,109,0,4,1,1,3,0,1,94,15.613529,4.877011
94.8131,44,ROTORCRAFT_STATUS,0,0,0,109,0,4,1,1,3,0,1,94,15.613529,4.877011
94.8331,44,ROTORCRAFT_STATUS,0,0,0,109,0,4,1,1,3,0,1,94,15.613529,4.877011
94.8531,44,ROTORCRAFT_STATUS,0,0,0,109,0,4,1,1,3,0,1,94,15.613529,4.877011
94.8731,44,ROTORCRAFT_STATUS,0,0,0,109,0,4,1,1,3,0,1,94,15.613529,4.877011
94.8931,44,ROTORCRAFT_STATUS,0,0,0,109,0,4,1,1,3,0,1,94,15.625147,4.880152
94.9131,44,ROTORCRAFT_STATUS,0,0,0,109,0,4,1,1,3,0,1,94,15.625147,4.880152
94.9331,44,ROTORCRAFT_STATUS,0,0,0,100,0,4,1,1,3,0,1,94,15.625147,4.880152
94.9531,44,ROTORCRAFT_STATUS,0,0,0,100,0,4,1,1,3,0,1,94,15.625147,4.880152
94.9731,44,ROTORCRAFT_STATUS,0,0,0,100,0,4,1,1,3,0,1,94,15.625147,4.880152
94.9931,44,ROTORCRAFT_STATUS,0,0,0,100,0,4,1,1,3,0,1,94,15.564612,4.841887
95.0131,44,ROTORCRAFT_STATUS,0,0,0,100,0,4,1,1,3,0,1,95,15.564612,4.841887
95.0331,44,ROTORCRAFT_STATUS,0,0,0,100,0,4,1,1,3,0,1,95,15.564612,4.841887
95.0531,44,ROTORCRAFT_STATUS,0,0,0,100,0,4,1,1,3,0,1,95,15.564612,4.841887
95.0731,44,ROTORCRAFT_STATUS,0,0,0,100,0,4,1,1,3,0,1,95,15.564612,4.841887
95.0931,44,ROTORCRAFT_STATUS,0,0,0,100,0,4,1,1,3,0,1,95,15.512028,4.819899
95.1131,44,ROTORCRAFT_STATUS,0,0,0,100,0,4,1,1,3,0,1,95,15.512028,4.819899
95.1331,44,ROTORCRAFT_STATUS,0,0,0,100,0,4,1,1,3,0,1,95,15.512028,4.819899
95.1531,44,ROTORCRAFT_STATUS,0,0,0,100,0,4,1,1,3,0,1,95,15.512028,4.819899
95.1731,44,ROTORCRAFT_STATUS,0,0,0,100,0,4,1,1,3,0,1,95,15.512028,4.819899
95.1931,44,ROTORCRAFT_STATUS,0,0,0,100,0,4,1,1,3,0,1,95,15.610472,4.872633
95.2131,44,ROTORCRAFT_STATUS,0,0,0,100,0,4,1,1,3,0,1,95,15.610472,4.872633
95.2331,44,ROTORCRAFT_STATUS,0,0,0,100,0,4,1,1,3,0,1,95,15.610472,4.872633
95.2531,44,ROTORCRAFT_STATUS,0,0,0,100,0,4,1,1,3,0,1,95,15.610472,4.872633
95.2731,44,ROTORCRAFT_STATUS,0,0,0,100,0,4,1,1,3,0,1,95,15.610472,4.872633
95.2931,44,ROTORCRAFT_STATUS,0,0,0,100,0,4,1,1,3,0,1,95,15.416029,4.76688
95.3131,44,ROTORCRAFT_STATUS,0,0,0,100,0,4,1,1,3,0,1,95,15.416029,4.76688
95.3331,44,ROTORCRAFT_STATUS,0,0,0,100,0,4,1,1,3,0,1,95,15.416029,4.76688
95.3531,44,ROTORCRAFT_STATUS,0,0,0,100,0,4,1,1,3,0,1,95,15.416029,4.76688
95.3731,44,ROTORCRAFT_STATUS,0,0,0,100,0,4,1,1,3,0,1,95,15.416029,4.76688
95.3931,44,ROTORCRAFT_STATUS,0,0,0,100,0,4,1,1,3,0,1,95,15.63065,4.883864
95.4131,44,ROTORCRAFT_STATUS,0,0,0,100,0,4,1,1,3,0,1,95,15.63065,4.883864
95.4331,44,ROTORCRAFT_STATUS,0,0,0,100,0,4,1,1,3,0,1,95,15.63065,4.883864
95.4531,44,ROTORCRAFT_STATUS,0,0,0,100,0,4,1,1,3,0,1,95,15.63065,4.883864
95.4731,44,ROTORCRAFT_STATUS,0,0,0,100,0,4,1,1,3,0,1,95,15.63065,4.883864
95.4931,44,ROTORCRAFT_STATUS,0,0,0,100,0,4,1,1,3,0,1,95,15.540766,4.83056
95.5131,44,ROTORCRAFT_STATUS,0,0,0,100,0,4,1,1,3,0,1,95,15.540766,4.83056
95.5331,44,ROTORCRAFT_STATUS,0,0,0,100,0,4,1,1,3,0,1,95,15.540766,4.83056
95.5531,44,ROTORCRAFT_STATUS,0,0,0,100,0,4,1,1,3,0,1,95,15.540766,4.83056
95.5731,44,ROTORCRAFT_STATUS,0,0,0,100,0,4,1,1,3,0,1,95,15.540766,4.83056
95.5931,44,ROTORCRAFT_STATUS,0,0,0,100,0,4,1,1,3,0,1,95,15.530371,4.832083
95.6131,44,ROTORCRAFT_STATUS,0,0,0,100,0,4,1,1,3,0,1,95,15.530371,4.832083
95.6331,44,ROTORCRAFT_STATUS,0,0,0,100,0,4,1,1,3,0,1,95,15.530371,4.832083
95.6531,44,ROTORCRAFT_STATUS,0,0,0,100,0,4,1,1,3,0,1,95,15.530371,4.832083
95.6731,44,ROTORCRAFT_STATUS,0,0,0,100,0,4,1,1,3,0,1,95,15.530371,4.832083
95.6931,44,ROTORCRAFT_STATUS,0,0,0,100,0,4,1,1,3,0,1,95,15.595185,4.876821
95.7131,44,ROTORCRAFT_STATUS,0,0,0,100,0,4,1,1,3,0,1,95,15.595185,4.876821
95.7331,44,ROTORCRAFT_STATUS,0,0,0,100,0,4,1,1,3,0,1,95,15.595185,4.876821
95.7531,44,ROTORCRAFT_STATUS,0,0,0,100,0,4,1,1,3,0,1,95,15.595185,4.876821
95.7731,44,ROTORCRAFT_STATUS,0,0,0,100,0,4,1,1,3,0,1,95,15.595185,4.876821
95.7931,44,ROTORCRAFT_STATUS,0,0,0,100,0,4,1,1,3,0,1,95,15.614141,4.889005
95.8131,44,ROTORCRAFT_STATUS,0,0,0,100,0,4,1,1,3,0,1,95,15.614141,4.889005
95.8331,44,ROTORCRAFT_STATUS,0,0,0,100,0,4,1,1,3,0,1,95,15.614141,4.889005
95.8531,44,ROTORCRAFT_STATUS,0,0,0,100,0,4,1,1,3,0,1,95,15.614141,4.889005
95.8731,44,ROTORCRAFT_STATUS,0,0,0,100,0,4,1,1,3,0,1,95,15.614141,4.889005
95.8931,44,ROTORCRAFT_STATUS,0,0,0,100,0,4,1,1,3,0,1,95,15.599465,4.890528
95.9131,44,ROTORCRAFT_STATUS,0,0,0,100,0,4,1,1,3,0,1,95,15.599465,4.890528
95.9331,44,ROTORCRAFT_STATUS,0,0,0,100,0,4,1,1,3,0,1,95,15.599465,4.890528
95.9531,44,ROTORCRAFT_STATUS,0,0,0,108,0,4,1,1,3,0,1,95,15.599465,4.890528
95.9731,44,ROTORCRAFT_STATUS,0,0,0,108,0,4,1,1,3,0,1,95,15.599465,4.890528
95.9931,44,ROTORCRAFT_STATUS,0,0,0,108,0,4,1,1,3,0,1,95,15.469225,4.824753
96.0131,44,ROTORCRAFT_STATUS,0,0,0,108,0,4,1,1,3,0,1,96,15.469225,4.824753
96.0331,44,ROTORCRAFT_STATUS,0,0,0,108,0,4,1,1,3,0,1,96,15.469225,4.824753
96.0531,44,ROTORCRAFT_STATUS,0,0,0,108,0,4,1,1,3,0,1,96,15.469225,4.824753
96.0731,44,ROTORCRAFT_STATUS,0,0,0,108,0,4,1,1,3,0,1,96,15.469225,4.824753
96.0931,44,ROTORCRAFT_STATUS,0,0,0,108,0,4,1,1,3,0,1,96,15.50469,4.836081
96.1131,44,ROTORCRAFT_STATUS,0,0,0,108,0,4,1,1,3,0,1,96,15.50469,4.836081
96.1331,44,ROTORCRAFT_STATUS,0,0,0,108,0,4,1,1,3,0,1,96,15.50469,4.836081
96.1531,44,ROTORCRAFT_STATUS,0,0,0,108,0,4,1,1,3,0,1,96,15.50469,4.836081
96.1731,44,ROTORCRAFT_STATUS,0,0,0,108,0,4,1,1,3,0,1,96,15.50469,4.836081
96.1931,44,ROTORCRAFT_STATUS,0,0,0,108,0,4,1,1,3,0,1,96,15.593963,4.888719
96.2131,44,ROTORCRAFT_STATUS,0,0,0,108,0,4,1,1,3,0,1,96,15.593963,4.888719
96.2331,44,ROTORCRAFT_STATUS,0,0,0,108,0,4,1,1,3,0,1,96,15.593963,4.888719
96.2531,44,ROTORCRAFT_STATUS,0,0,0,108,0,4,1,1,3,0,1,96,15.593963,4.888719
96.2731,44,ROTORCRAFT_STATUS,0,0,0,108,0,4,1,1,3,0,1,96,15.593963,4.888719
96.2931,44,ROTORCRAFT_STATUS,0,0,0,108,0,4,1,1,3,0,1,96,15.570116,4.887767
96.3131,44,ROTORCRAFT_STATUS,0,0,0,108,0,4,1,1,3,0,1,96,15.570116,4.887767
96.3331,44,ROTORCRAFT_STATUS,0,0,0,108,0,4,1,1,3,0,1,96,15.570116,4.887767
96.3531,44,ROTORCRAFT_STATUS,0,0,0,108,0,4,1,1,3,0,1,96,15.570116,4.887767
96.3731,44,ROTORCRAFT_STATUS,0,0,0,108,0,4,1,1,3,0,1,96,15.570116,4.887767
96.3931,44,ROTORCRAFT_STATUS,0,0,0,108,0,4,1,1,3,0,1,96,15.547492,4.869777
96.4131,44,ROTORCRAFT_STATUS,0,0,0,108,0,4,1,1,3,0,1,96,15.547492,4.869777
96.4331,44,ROTORCRAFT_STATUS,0,0,0,108,0,4,1,1,3,0,1,96,15.547492,4.869777
96.4531,44,ROTORCRAFT_STATUS,0,0,0,108,0,4,1,1,3,0,1,96,15.547492,4.869777
96.4731,44,ROTORCRAFT_STATUS,0,0,0,108,0,4,1,1,3,0,1,96,15.547492,4.869777
96.4931,44,ROTORCRAFT_STATUS,0,0,0,108,0,4,1,1,3,0,1,96,15.480231,4.832749
96.5131,44,ROTORCRAFT_STATUS,0,0,0,108,0,4,1,1,3,0,1,96,15.480231,4.832749
96.5331,44,ROTORCRAFT_STATUS,0,0,0,108,0,4,1,1,3,0,1,96,15.480231,4.832749
96.5531,44,ROTORCRAFT_STATUS,0,0,0,108,0,4,1,1,3,0,1,96,15.480231,4.832749
96.5731,44,ROTORCRAFT_STATUS,0,0,0,108,0,4,1,1,3,0,1,96,15.480231,4.832749
96.5931,44,ROTORCRAFT_STATUS,0,0,0,108,0,4,1,1,3,0,1,96,15.4839,4.834558
96.6131,44,ROTORCRAFT_STATUS,0,0,0,108,0,4,1,1,3,0,1,96,15.4839,4.834558
96.6331,44,ROTORCRAFT_STATUS,0,0,0,108,0,4,1,1,3,0,1,96,15.4839,4.834558
96.6531,44,ROTORCRAFT_STATUS,0,0,0,108,0,4,1,1,3,0,1,96,15.4839,4.834558
96.6735,44,ROTORCRAFT_STATUS,0,0,0,108,0,4,1,1,3,0,1,96,15.4839,4.834558
96.6931,44,ROTORCRAFT_STATUS,0,0,0,108,0,4,1,1,3,0,1,96,15.484511,4.874346
96.7131,44,ROTORCRAFT_STATUS,0,0,0,108,0,4,1,1,3,0,1,96,15.484511,4.874346
96.7331,44,ROTORCRAFT_STATUS,0,0,0,108,0,4,1,1,3,0,1,96,15.484511,4.874346
96.7531,44,ROTORCRAFT_STATUS,0,0,0,108,0,4,1,1,3,0,1,96,15.484511,4.874346
96.7731,44,ROTORCRAFT_STATUS,0,0,0,108,0,4,1,1,3,0,1,96,15.484511,4.874346
96.7931,44,ROTORCRAFT_STATUS,0,0,0,108,0,4,1,1,3,0,1,96,15.564612,4.878534
96.8131,44,ROTORCRAFT_STATUS,0,0,0,108,0,4,1,1,3,0,1,96,15.564612,4.878534
96.8331,44,ROTORCRAFT_STATUS,0,0,0,108,0,4,1,1,3,0,1,96,15.564612,4.878534
96.8531,44,ROTORCRAFT_STATUS,0,0,0,108,0,4,1,1,3,0,1,96,15.564612,4.878534
96.8731,44,ROTORCRAFT_STATUS,0,0,0,108,0,4,1,1,3,0,1,96,15.564612,4.878534
96.8931,44,ROTORCRAFT_STATUS,0,0,0,108,0,4,1,1,3,0,1,96,15.546881,4.880914
96.9131,44,ROTORCRAFT_STATUS,0,0,0,108,0,4,1,1,3,0,1,96,15.546881,4.880914
96.9331,44,ROTORCRAFT_STATUS,0,0,0,108,0,4,1,1,3,0,1,96,15.546881,4.880914
96.9531,44,ROTORCRAFT_STATUS,0,0,0,108,0,4,1,1,3,0,1,96,15.546881,4.880914
96.9731,44,ROTORCRAFT_STATUS,0,0,0,106,0,4,1,1,3,0,1,96,15.546881,4.880914
96.9931,44,ROTORCRAFT_STATUS,0,0,0,106,0,4,1,1,3,0,1,96,15.471671,4.836271
97.0131,44,ROTORCRAFT_STATUS,0,0,0,106,0,4,1,1,3,0,1,97,15.471671,4.836271
97.0331,44,ROTORCRAFT_STATUS,0,0,0,106,0,4,1,1,3,0,1,97,15.471671,4.836271
97.0531,44,ROTORCRAFT_STATUS,0,0,0,106,0,4,1,1,3,0,1,97,15.471671,4.836271
97.0731,44,ROTORCRAFT_STATUS,0,0,0,106,0,4,1,1,3,0,1,97,15.471671,4.836271
97.0931,44,ROTORCRAFT_STATUS,0,0,0,106,0,4,1,1,3,0,1,97,15.499798,4.843219
97.1131,44,ROTORCRAFT_STATUS,0,0,0,106,0,4,1,1,3,0,1,97,15.499798,4.843219
97.1331,44,ROTORCRAFT_STATUS,0,0,0,106,0,4,1,1,3,0,1,97,15.499798,4.843219
97.1531,44,ROTORCRAFT_STATUS,0,0,0,106,0,4,1,1,3,0,1,97,15.499798,4.843219
97.1731,44,ROTORCRAFT_STATUS,0,0,0,106,0,4,1,1,3,0,1,97,15.499798,4.843219
97.1931,44,ROTORCRAFT_STATUS,0,0,0,106,0,4,1,1,3,0,1,97,15.561555,4.886435
97.2131,44,ROTORCRAFT_STATUS,0,0,0,106,0,4,1,1,3,0,1,97,15.561555,4.886435
97.2331,44,ROTORCRAFT_STATUS,0,0,0,106,0,4,1,1,3,0,1,97,15.561555,4.886435
97.2531,44,ROTORCRAFT_STATUS,0,0,0,106,0,4,1,1,3,0,1,97,15.561555,4.886435
97.2731,44,ROTORCRAFT_STATUS,0,0,0,106,0,4,1,1,3,0,1,97,15.561555,4.886435
97.2931,44,ROTORCRAFT_STATUS,0,0,0,106,0,4,1,1,3,0,1,97,15.547492,4.875583
97.3131,44,ROTORCRAFT_STATUS,0,0,0,106,0,4,1,1,3,0,1,97,15.547492,4.875583
97.3331,44,ROTORCRAFT_STATUS,0,0,0,106,0,4,1,1,3,0,1,97,15.547492,4.875583
97.3531,44,ROTORCRAFT_STATUS,0,0,0,106,0,4,1,1,3,0,1,97,15.547492,4.875583
97.3731,44,ROTORCRAFT_STATUS,0,0,0,106,0,4,1,1,3,0,1,97,15.547492,4.875583
97.3931,44,ROTORCRAFT_STATUS,0,0,0,106,0,4,1,1,3,0,1,97,15.5426,4.875964
97.4131,44,ROTORCRAFT_STATUS,0,0,0,106,0,4,1,1,3,0,1,97,15.5426,4.875964
97.4331,44,ROTORCRAFT_STATUS,0,0,0,106,0,4,1,1,3,0,1,97,15.5426,4.875964
97.4531,44,ROTORCRAFT_STATUS,0,0,0,106,0,4,1,1,3,0,1,97,15.5426,4.875964
97.4731,44,ROTORCRAFT_STATUS,0,0,0,106,0,4,1,1,3,0,1,97,15.5426,4.875964
97.4931,44,ROTORCRAFT_STATUS,0,0,0,106,0,4,1,1,3,0,1,97,15.481455,4.842649
97.5131,44,ROTORCRAFT_STATUS,0,0,0,106,0,4,1,1,3,0,1,97,15.481455,4.842649
97.5331,44,ROTORCRAFT_STATUS,0,0,0,106,0,4,1,1,3,0,1,97,15.481455,4.842649
97.5531,44,ROTORCRAFT_STATUS,0,0,0,106,0,4,1,1,3,0,1,97,15.481455,4.842649
97.5731,44,ROTORCRAFT_STATUS,0,0,0,106,0,4,1,1,3,0,1,97,15.481455,4.842649
97.5931,44,ROTORCRAFT_STATUS,0,0,0,106,0,4,1,1,3,0,1,97,15.490015,4.84598
97.6131,44,ROTORCRAFT_STATUS,0,0,0,106,0,4,1,1,3,0,1,97,15.490015,4.84598
97.6331,44,ROTORCRAFT_STATUS,0,0,0,106,0,4,1,1,3,0,1,97,15.490015,4.84598
97.6531,44,ROTORCRAFT_STATUS,0,0,0,106,0,4,1,1,3,0,1,97,15.490015,4.84598
97.6731,44,ROTORCRAFT_STATUS,0,0,0,106,0,4,1,1,3,0,1,97,15.490015,4.84598
97.6931,44,ROTORCRAFT_STATUS,0,0,0,106,0,4,1,1,3,0,1,97,15.457607,4.876059
97.7131,44,ROTORCRAFT_STATUS,0,0,0,106,0,4,1,1,3,0,1,97,15.457607,4.876059
97.7331,44,ROTORCRAFT_STATUS,0,0,0,106,0,4,1,1,3,0,1,97,15.457607,4.876059
97.7531,44,ROTORCRAFT_STATUS,0,0,0,106,0,4,1,1,3,0,1,97,15.457607,4.876059
97.7731,44,ROTORCRAFT_STATUS,0,0,0,106,0,4,1,1,3,0,1,97,15.457607,4.876059
97.7931,44,ROTORCRAFT_STATUS,0,0,0,106,0,4,1,1,3,0,1,97,15.427035,4.85131
97.8131,44,ROTORCRAFT_STATUS,0,0,0,106,0,4,1,1,3,0,1,97,15.427035,4.85131
97.8331,44,ROTORCRAFT_STATUS,0,0,0,106,0,4,1,1,3,0,1,97,15.427035,4.85131
97.8531,44,ROTORCRAFT_STATUS,0,0,0,106,0,4,1,1,3,0,1,97,15.427035,4.85131
97.8731,44,ROTORCRAFT_STATUS,0,0,0,106,0,4,1,1,3,0,1,97,15.427035,4.85131
97.8931,44,ROTORCRAFT_STATUS,0,0,0,106,0,4,1,1,3,0,1,97,15.534039,4.890051
97.9131,44,ROTORCRAFT_STATUS,0,0,0,106,0,4,1,1,3,0,1,97,15.534039,4.890051
97.9331,44,ROTORCRAFT_STATUS,0,0,0,106,0,4,1,1,3,0,1,97,15.534039,4.890051
97.9531,44,ROTORCRAFT_STATUS,0,0,0,106,0,4,1,1,3,0,1,97,15.534039,4.890051
97.9731,44,ROTORCRAFT_STATUS,0,0,0,106,0,4,1,1,3,0,1,97,15.534039,4.890051
97.9931,44,ROTORCRAFT_STATUS,0,0,0,108,0,4,1,1,3,0,1,97,15.476562,4.846265
98.0131,44,ROTORCRAFT_STATUS,0,0,0,108,0,4,1,1,3,0,1,98,15.476562,4.846265
98.0331,44,ROTORCRAFT_STATUS,0,0,0,108,0,4,1,1,3,0,1,98,15.476562,4.846265
98.0531,44,ROTORCRAFT_STATUS,0,0,0,108,0,4,1,1,3,0,1,98,15.476562,4.846265
98.0731,44,ROTORCRAFT_STATUS,0,0,0,108,0,4,1,1,3,0,1,98,15.476562,4.846265
98.0931,44,ROTORCRAFT_STATUS,0,0,0,108,0,4,1,1,3,0,1,98,15.433761,4.82837
98.1131,44,ROTORCRAFT_STATUS,0,0,0,108,0,4,1,1,3,0,1,98,15.433761,4.82837
98.1331,44,ROTORCRAFT_STATUS,0,0,0,108,0,4,1,1,3,0,1,98,15.433761,4.82837
98.1531,44,ROTORCRAFT_STATUS,0,0,0,108,0,4,1,1,3,0,1,98,15.433761,4.82837
98.1731,44,ROTORCRAFT_STATUS,0,0,0,108,0,4,1,1,3,0,1,98,15.433761,4.82837
98.1931,44,ROTORCRAFT_STATUS,0,0,0,108,0,4,1,1,3,0,1,98,15.532817,4.88177
98.2131,44,ROTORCRAFT_STATUS,0,0,0,108,0,4,1,1,3,0,1,98,15.532817,4.88177
98.2331,44,ROTORCRAFT_STATUS,0,0,0,108,0,4,1,1,3,0,1,98,15.532817,4.88177
98.2531,44,ROTORCRAFT_STATUS,0,0,0,108,0,4,1,1,3,0,1,98,15.532817,4.88177
98.2731,44,ROTORCRAFT_STATUS,0,0,0,108,0,4,1,1,3,0,1,98,15.532817,4.88177
98.2931,44,ROTORCRAFT_STATUS,0,0,0,108,0,4,1,1,3,0,1,98,15.521811,4.876249
98.3131,44,ROTORCRAFT_STATUS,0,0,0,108,0,4,1,1,3,0,1,98,15.521811,4.876249
98.3331,44,ROTORCRAFT_STATUS,0,0,0,108,0,4,1,1,3,0,1,98,15.521811,4.876249
98.3531,44,ROTORCRAFT_STATUS,0,0,0,108,0,4,1,1,3,0,1,98,15.521811,4.876249
98.3731,44,ROTORCRAFT_STATUS,0,0,0,108,0,4,1,1,3,0,1,98,15.521811,4.876249
98.3931,44,ROTORCRAFT_STATUS,0,0,0,108,0,4,1,1,3,0,1,98,15.474117,4.841601
98.4131,44,ROTORCRAFT_STATUS,0,0,0,108,0,4,1,1,3,0,1,98,15.474117,4.841601
98.4331,44,ROTORCRAFT_STATUS,0,0,0,108,0,4,1,1,3,0,1,98,15.474117,4.841601
98.4531,44,ROTORCRAFT_STATUS,0,0,0,108,0,4,1,1,3,0,1,98,15.474117,4.841601
98.4731,44,ROTORCRAFT_STATUS,0,0,0,108,0,4,1,1,3,0,1,98,15.474117,4.841601
98.4931,44,ROTORCRAFT_STATUS,0,0,0,108,0,4,1,1,3,0,1,98,15.465556,4.83094
98.5131,44,ROTORCRAFT_STATUS,0,0,0,108,0,4,1,1,3,0,1,98,15.465556,4.83094
98.5331,44,ROTORCRAFT_STATUS,0,0,0,108,0,4,1,1,3,0,1,98,15.465556,4.83094
98.5531,44,ROTORCRAFT_STATUS,0,0,0,108,0,4,1,1,3,0,1,98,15.465556,4.83094
98.5731,44,ROTORCRAFT_STATUS,0,0,0,108,0,4,1,1,3,0,1,98,15.465556,4.83094
98.5931,44,ROTORCRAFT_STATUS,0,0,0,108,0,4,1,1,3,0,1,98,15.44171,4.834462
98.6131,44,ROTORCRAFT_STATUS,0,0,0,108,0,4,1,1,3,0,1,98,15.44171,4.834462
98.6331,44,ROTORCRAFT_STATUS,0,0,0,108,0,4,1,1,3,0,1,98,15.44171,4.834462
98.6531,44,ROTORCRAFT_STATUS,0,0,0,108,0,4,1,1,3,0,1,98,15.44171,4.834462
98.6731,44,ROTORCRAFT_STATUS,0,0,0,108,0,4,1,1,3,0,1,98,15.44171,4.834462
98.6931,44,ROTORCRAFT_STATUS,0,0,0,108,0,4,1,1,3,0,1,98,15.526702,4.872823
98.7131,44,ROTORCRAFT_STATUS,0,0,0,108,0,4,1,1,3,0,1,98,15.526702,4.872823
98.7331,44,ROTORCRAFT_STATUS,0,0,0,108,0,4,1,1,3,0,1,98,15.526702,4.872823
98.7531,44,ROTORCRAFT_STATUS,0,0,0,108,0,4,1,1,3,0,1,98,15.526702,4.872823
98.7731,44,ROTORCRAFT_STATUS,0,0,0,108,0,4,1,1,3,0,1,98,15.526702,4.872823
98.7931,44,ROTORCRAFT_STATUS,0,0,0,108,0,4,1,1,3,0,1,98,15.552995,4.887958
98.8131,44,ROTORCRAFT_STATUS,0,0,0,108,0,4,1,1,3,0,1,98,15.552995,4.887958
98.8331,44,ROTORCRAFT_STATUS,0,0,0,108,0,4,1,1,3,0,1,98,15.552995,4.887958
98.8531,44,ROTORCRAFT_STATUS,0,0,0,108,0,4,1,1,3,0,1,98,15.552995,4.887958
98.8731,44,ROTORCRAFT_STATUS,0,0,0,108,0,4,1,1,3,0,1,98,15.552995,4.887958
98.8931,44,ROTORCRAFT_STATUS,0,0,0,108,0,4,1,1,3,0,1,98,15.548103,4.885387
98.9131,44,ROTORCRAFT_STATUS,0,0,0,108,0,4,1,1,3,0,1,98,15.548103,4.885387
98.9331,44,ROTORCRAFT_STATUS,0,0,0,108,0,4,1,1,3,0,1,98,15.548103,4.885387
98.9531,44,ROTORCRAFT_STATUS,0,0,0,108,0,4,1,1,3,0,1,98,15.548103,4.885387
98.9731,44,ROTORCRAFT_STATUS,0,0,0,108,0,4,1,1,3,0,1,98,15.548103,4.885387
98.9931,44,ROTORCRAFT_STATUS,0,0,0,108,0,4,1,1,3,0,1,98,15.27784,4.751554
99.0131,44,ROTORCRAFT_STATUS,0,0,0,109,0,4,1,1,3,0,1,99,15.27784,4.751554
99.0331,44,ROTORCRAFT_STATUS,0,0,0,109,0,4,1,1,3,0,1,99,15.27784,4.751554
99.0531,44,ROTORCRAFT_STATUS,0,0,0,109,0,4,1,1,3,0,1,99,15.27784,4.751554
99.0731,44,ROTORCRAFT_STATUS,0,0,0,109,0,4,1,1,3,0,1,99,15.27784,4.751554
99.0931,44,ROTORCRAFT_STATUS,0,0,0,109,0,4,1,1,3,0,1,99,15.493073,4.843124
99.1131,44,ROTORCRAFT_STATUS,0,0,0,109,0,4,1,1,3,0,1,99,15.493073,4.843124
99.1331,44,ROTORCRAFT_STATUS,0,0,0,109,0,4,1,1,3,0,1,99,15.493073,4.843124
99.1531,44,ROTORCRAFT_STATUS,0,0,0,109,0,4,1,1,3,0,1,99,15.493073,4.843124
99.1731,44,ROTORCRAFT_STATUS,0,0,0,109,0,4,1,1,3,0,1,99,15.493073,4.843124
99.1931,44,ROTORCRAFT_STATUS,0,0,0,109,0,4,1,1,3,0,1,99,15.56767,4.888529
99.2131,44,ROTORCRAFT_STATUS,0,0,0,109,0,4,1,1,3,0,1,99,15.56767,4.888529
99.2331,44,ROTORCRAFT_STATUS,0,0,0,109,0,4,1,1,3,0,1,99,15.56767,4.888529
99.2531,44,ROTORCRAFT_STATUS,0,0,0,109,0,4,1,1,3,0,1,99,15.56767,4.888529
99.2731,44,ROTORCRAFT_STATUS,0,0,0,109,0,4,1,1,3,0,1,99,15.56767,4.888529
99.2931,44,ROTORCRAFT_STATUS,0,0,0,109,0,4,1,1,3,0,1,99,15.581121,4.886625
99.3131,44,ROTORCRAFT_STATUS,0,0,0,109,0,4,1,1,3,0,1,99,15.581121,4.886625
99.3331,44,ROTORCRAFT_STATUS,0,0,0,109,0,4,1,1,3,0,1,99,15.581121,4.886625
99.3531,44,ROTORCRAFT_STATUS,0,0,0,109,0,4,1,1,3,0,1,99,15.581121,4.886625
99.3731,44,ROTORCRAFT_STATUS,0,0,0,109,0,4,1,1,3,0,1,99,15.581121,4.886625
99.3931,44,ROTORCRAFT_STATUS,0,0,0,109,0,4,1,1,3,0,1,99,15.552995,4.876345
99.4131,44,ROTORCRAFT_STATUS,0,0,0,109,0,4,1,1,3,0,1,99,15.552995,4.876345
99.4331,44,ROTORCRAFT_STATUS,0,0,0,109,0,4,1,1,3,0,1,99,15.552995,4.876345
99.4531,44,ROTORCRAFT_STATUS,0,0,0,109,0,4,1,1,3,0,1,99,15.552995,4.876345
99.4731,44,ROTORCRAFT_STATUS,0,0,0,109,0,4,1,1,3,0,1,99,15.552995,4.876345
99.4931,44,ROTORCRAFT_STATUS,0,0,0,109,0,4,1,1,3,0,1,99,15.47962,4.831131
99.5131,44,ROTORCRAFT_STATUS,0,0,0,109,0,4,1,1,3,0,1,99,15.47962,4.831131
99.5331,44,ROTORCRAFT_STATUS,0,0,0,109,0,4,1,1,3,0,1,99,15.47962,4.831131
99.5531,44,ROTORCRAFT_STATUS,0,0,0,109,0,4,1,1,3,0,1,99,15.47962,4.831131
99.5731,44,ROTORCRAFT_STATUS,0,0,0,109,0,4,1,1,3,0,1,99,15.47962,4.831131
99.5931,44,ROTORCRAFT_STATUS,0,0,0,109,0,4,1,1,3,0,1,99,15.494295,4.834938
99.6131,44,ROTORCRAFT_STATUS,0,0,0,109,0,4,1,1,3,0,1,99,15.494295,4.834938
99.6331,44,ROTORCRAFT_STATUS,0,0,0,109,0,4,1,1,3,0,1,99,15.494295,4.834938
99.6531,44,ROTORCRAFT_STATUS,0,0,0,109,0,4,1,1,3,0,1,99,15.494295,4.834938
99.6731,44,ROTORCRAFT_STATUS,0,0,0,109,0,4,1,1,3,0,1,99,15.494295,4.834938
99.6931,44,ROTORCRAFT_STATUS,0,0,0,109,0,4,1,1,3,0,1,99,15.599465,4.877582
99.7131,44,ROTORCRAFT_STATUS,0,0,0,109,0,4,1,1,3,0,1,99,15.599465,4.877582
99.7331,44,ROTORCRAFT_STATUS,0,0,0,109,0,4,1,1,3,0,1,99,15.599465,4.877582
99.7531,44,ROTORCRAFT_STATUS,0,0,0,109,0,4,1,1,3,0,1,99,15.599465,4.877582
99.7731,44,ROTORCRAFT_STATUS,0,0,0,109,0,4,1,1,3,0,1,99,15.599465,4.877582
99.7931,44,ROTORCRAFT_STATUS,0,0,0,109,0,4,1,1,3,0,1,99,15.555441,4.867112
99.8131,44,ROTORCRAFT_STATUS,0,0,0,109,0,4,1,1,3,0,1,99,15.555441,4.867112
99.8331,44,ROTORCRAFT_STATUS,0,0,0,109,0,4,1,1,3,0,1,99,15.555441,4.867112
99.8531,44,ROTORCRAFT_STATUS,0,0,0,109,0,4,1,1,3,0,1,99,15.555441,4.867112
99.8731,44,ROTORCRAFT_STATUS,0,0,0,109,0,4,1,1,3,0,1,99,15.555441,4.867112
99.8931,44,ROTORCRAFT_STATUS,0,0,0,109,0,4,1,1,3,0,1,99,15.58051,4.88177
99.9131,44,ROTORCRAFT_STATUS,0,0,0,109,0,4,1,1,3,0,1,99,15.58051,4.88177
99.9331,44,ROTORCRAFT_STATUS,0,0,0,109,0,4,1,1,3,0,1,99,15.58051,4.88177
99.9531,44,ROTORCRAFT_STATUS,0,0,0,109,0,4,1,1,3,0,1,99,15.58051,4.88177
99.9731,44,ROTORCRAFT_STATUS,0,0,0,109,0,4,1,1,3,0,1,99,15.58051,4.88177
99.9931,44,ROTORCRAFT_STATUS,0,0,0,109,0,4,1,1,3,0,1,99,15.486346,4.828751
100.0131,44,ROTORCRAFT_STATUS,0,0,0,109,0,4,1,1,3,0,1,100,15.486346,4.828751
100.0331,44,ROTORCRAFT_STATUS,0,0,0,106,0,4,1,1,3,0,1,100,15.486346,4.828751
100.0531,44,ROTORCRAFT_STATUS,0,0,0,106,0,4,1,1,3,0,1,100,15.486346,4.828751
100.0731,44,ROTORCRAFT_STATUS,0,0,0,106,0,4,1,1,3,0,1,100,15.486346,4.828751
100.0931,44,ROTORCRAFT_STATUS,0,0,0,106,0,4,1,1,3,0,1,100,15.527313,4.844362
100.1131,44,ROTORCRAFT_STATUS,0,0,0,106,0,4,1,1,3,0,1,100,15.527313,4.844362
100.1331,44,ROTORCRAFT_STATUS,0,0,0,106,0,4,1,1,3,0,1,100,15.527313,4.844362
100.1531,44,ROTORCRAFT_STATUS,0,0,0,106,0,4,1,1,3,0,1,100,15.527313,4.844362
100.1731,44,ROTORCRAFT_STATUS,0,0,0,106,0,4,1,1,3,0,1,100,15.527313,4.844362
100.1931,44,ROTORCRAFT_STATUS,0,0,0,106,0,4,1,1,3,0,1,100,15.610472,4.889575
100.2131,44,ROTORCRAFT_STATUS,0,0,0,106,0,4,1,1,3,0,1,100,15.610472,4.889575
100.2331,44,ROTORCRAFT_STATUS,0,0,0,106,0,4,1,1,3,0,1,100,15.610472,4.889575
100.2531,44,ROTORCRAFT_STATUS,0,0,0,106,0,4,1,1,3,0,1,100,15.610472,4.889575
100.2731,44,ROTORCRAFT_STATUS,0,0,0,106,0,4,1,1,3,0,1,100,15.610472,4.889575
100.2931,44,ROTORCRAFT_STATUS,0,0,0,106,0,4,1,1,3,0,1,100,15.572561,4.874156
100.3131,44,ROTORCRAFT_STATUS,0,0,0,106,0,4,1,1,3,0,1,100,15.572561,4.874156
100.3331,44,ROTORCRAFT_STATUS,0,0,0,106,0,4,1,1,3,0,1,100,15.572561,4.874156
100.3531,44,ROTORCRAFT_STATUS,0,0,0,106,0,4,1,1,3,0,1,100,15.572561,4.874156
100.3731,44,ROTORCRAFT_STATUS,0,0,0,106,0,4,1,1,3,0,1,100,15.572561,4.874156
100.3931,44,ROTORCRAFT_STATUS,0,0,0,106,0,4,1,1,3,0,1,100,15.56339,4.884055
100.4131,44,ROTORCRAFT_STATUS,0,0,0,106,0,4,1,1,3,0,1,100,15.56339,4.884055
100.4331,44,ROTORCRAFT_STATUS,0,0,0,106,0,4,1,1,3,0,1,100,15.56339,4.884055
100.4531,44,ROTORCRAFT_STATUS,0,0,0,106,0,4,1,1,3,0,1,100,15.56339,4.884055
100.4731,44,ROTORCRAFT_STATUS,0,0,0,106,0,4,1,1,3,0,1,100,15.56339,4.884055
100.4931,44,ROTORCRAFT_STATUS,0,0,0,106,0,4,1,1,3,0,1,100,15.516919,4.84836
100.5131,44,ROTORCRAFT_STATUS,0,0,0,106,0,4,1,1,3,0,1,100,15.516919,4.84836
100.5331,44,ROTORCRAFT_STATUS,0,0,0,106,0,4,1,1,3,0,1,100,15.516919,4.84836
100.5531,44,ROTORCRAFT_STATUS,0,0,0,106,0,4,1,1,3,0,1,100,15.516919,4.84836
100.5731,44,ROTORCRAFT_STATUS,0,0,0,106,0,4,1,1,3,0,1,100,15.516919,4.84836
100.5931,44,ROTORCRAFT_STATUS,0,0,0,106,0,4,1,1,3,0,1,100,15.525479,4.846361
100.6131,44,ROTORCRAFT_STATUS,0,0,0,106,0,4,1,1,3,0,1,100,15.525479,4.846361
100.6331,44,ROTORCRAFT_STATUS,0,0,0,106,0,4,1,1,3,0,1,100,15.525479,4.846361
100.6531,44,ROTORCRAFT_STATUS,0,0,0,106,0,4,1,1,3,0,1,100,15.525479,4.846361
100.6731,44,ROTORCRAFT_STATUS,0,0,0,106,0,4,1,1,3,0,1,100,15.525479,4.846361
100.6931,44,ROTORCRAFT_STATUS,0,0,0,106,0,4,1,1,3,0,1,100,15.570727,4.870443
100.7131,44,ROTORCRAFT_STATUS,0,0,0,106,0,4,1,1,3,0,1,100,15.570727,4.870443
100.7331,44,ROTORCRAFT_STATUS,0,0,0,106,0,4,1,1,3,0,1,100,15.570727,4.870443
100.7531,44,ROTORCRAFT_STATUS,0,0,0,106,0,4,1,1,3,0,1,100,15.570727,4.870443
100.7731,44,ROTORCRAFT_STATUS,0,0,0,106,0,4,1,1,3,0,1,100,15.570727,4.870443
100.7931,44,ROTORCRAFT_STATUS,0,0,0,106,0,4,1,1,3,0,1,100,15.524257,4.8792
100.8131,44,ROTORCRAFT_STATUS,0,0,0,106,0,4,1,1,3,0,1,100,15.524257,4.8792
100.8331,44,ROTORCRAFT_STATUS,0,0,0,106,0,4,1,1,3,0,1,100,15.524257,4.8792
100.8531,44,ROTORCRAFT_STATUS,0,0,0,106,0,4,1,1,3,0,1,100,15.524257,4.8792
100.8731,44,ROTORCRAFT_STATUS,0,0,0,106,0,4,1,1,3,0,1,100,15.524257,4.8792
100.8931,44,ROTORCRAFT_STATUS,0,0,0,106,0,4,1,1,3,0,1,100,15.524257,4.888719
100.9131,44,ROTORCRAFT_STATUS,0,0,0,106,0,4,1,1,3,0,1,100,15.524257,4.888719
100.9331,44,ROTORCRAFT_STATUS,0,0,0,106,0,4,1,1,3,0,1,100,15.524257,4.888719
100.9531,44,ROTORCRAFT_STATUS,0,0,0,106,0,4,1,1,3,0,1,100,15.524257,4.888719
100.9731,44,ROTORCRAFT_STATUS,0,0,0,106,0,4,1,1,3,0,1,100,15.524257,4.888719
100.9931,44,ROTORCRAFT_STATUS,0,0,0,106,0,4,1,1,3,0,1,100,15.447824,4.848645
101.0131,44,ROTORCRAFT_STATUS,0,0,0,106,0,4,1,1,3,0,1,101,15.447824,4.848645
101.0331,44,ROTORCRAFT_STATUS,0,0,0,106,0,4,1,1,3,0,1,101,15.447824,4.848645
101.0531,44,ROTORCRAFT_STATUS,0,0,0,107,0,4,1,1,3,0,1,101,15.447824,4.848645
101.0731,44,ROTORCRAFT_STATUS,0,0,0,107,0,4,1,1,3,0,1,101,15.447824,4.848645
101.0931,44,ROTORCRAFT_STATUS,0,0,0,107,0,4,1,1,3,0,1,101,15.417252,4.831892
101.1131,44,ROTORCRAFT_STATUS,0,0,0,107,0,4,1,1,3,0,1,101,15.417252,4.831892
101.1331,44,ROTORCRAFT_STATUS,0,0,0,107,0,4,1,1,3,0,1,101,15.417252,4.831892
101.1531,44,ROTORCRAFT_STATUS,0,0,0,107,0,4,1,1,3,0,1,101,15.417252,4.831892
101.1731,44,ROTORCRAFT_STATUS,0,0,0,107,0,4,1,1,3,0,1,101,15.417252,4.831892
101.1931,44,ROTORCRAFT_STATUS,0,0,0,107,0,4,1,1,3,0,1,101,15.298018,4.774875
101.2131,44,ROTORCRAFT_STATUS,0,0,0,107,0,4,1,1,3,0,1,101,15.298018,4.774875
101.2331,44,ROTORCRAFT_STATUS,0,0,0,107,0,4,1,1,3,0,1,101,15.298018,4.774875
101.2531,44,ROTORCRAFT_STATUS,0,0,0,107,0,4,1,1,3,0,1,101,15.298018,4.774875
101.2731,44,ROTORCRAFT_STATUS,0,0,0,107,0,4,1,1,3,0,1,101,15.298018,4.774875
101.2931,44,ROTORCRAFT_STATUS,0,0,0,107,0,4,1,1,3,0,1,101,15.485735,4.875679
101.3131,44,ROTORCRAFT_STATUS,0,0,0,107,0,4,1,1,3,0,1,101,15.485735,4.875679
101.3331,44,ROTORCRAFT_STATUS,0,0,0,107,0,4,1,1,3,0,1,101,15.485735,4.875679
101.3531,44,ROTORCRAFT_STATUS,0,0,0,107,0,4,1,1,3,0,1,101,15.485735,4.875679
101.3731,44,ROTORCRAFT_STATUS,0,0,0,107,0,4,1,1,3,0,1,101,15.485735,4.875679
101.3931,44,ROTORCRAFT_STATUS,0,0,0,107,0,4,1,1,3,0,1,101,15.312693,4.781919
101.4131,44,ROTORCRAFT_STATUS,0,0,0,107,0,4,1,1,3,0,1,101,15.312693,4.781919
101.4331,44,ROTORCRAFT_STATUS,0,0,0,107,0,4,1,1,3,0,1,101,15.312693,4.781919
101.4531,44,ROTORCRAFT_STATUS,0,0,0,107,0,4,1,1,3,0,1,101,15.312693,4.781919
101.4731,44,ROTORCRAFT_STATUS,0,0,0,107,0,4,1,1,3,0,1,101,15.312693,4.781919
101.4931,44,ROTORCRAFT_STATUS,0,0,0,107,0,4,1,1,3,0,1,101,15.401354,4.82837
101.5131,44,ROTORCRAFT_STATUS,0,0,0,107,0,4,1,1,3,0,1,101,15.401354,4.82837
101.5331,44,ROTORCRAFT_STATUS,0,0,0,107,0,4,1,1,3,0,1,101,15.401354,4.82837
101.5531,44,ROTORCRAFT_STATUS,0,0,0,107,0,4,1,1,3,0,1,101,15.401354,4.82837
101.5731,44,ROTORCRAFT_STATUS,0,0,0,107,0,4,1,1,3,0,1,101,15.401354,4.82837
101.5931,44,ROTORCRAFT_STATUS,0,0,0,107,0,4,1,1,3,0,1,101,15.392794,4.83075
101.6131,44,ROTORCRAFT_STATUS,0,0,0,107,0,4,1,1,3,0,1,101,15.392794,4.83075
101.6331,44,ROTORCRAFT_STATUS,0,0,0,107,0,4,1,1,3,0,1,101,15.392794,4.83075
101.6531,44,ROTORCRAFT_STATUS,0,0,0,107,0,4,1,1,3,0,1,101,15.392794,4.83075
101.6731,44,ROTORCRAFT_STATUS,0,0,0,107,0,4,1,1,3,0,1,101,15.392794,4.83075
101.6931,44,ROTORCRAFT_STATUS,0,0,0,107,0,4,1,1,3,0,1,101,15.473506,4.875202
101.7131,44,ROTORCRAFT_STATUS,0,0,0,107,0,4,1,1,3,0,1,101,15.473506,4.875202
101.7331,44,ROTORCRAFT_STATUS,0,0,0,107,0,4,1,1,3,0,1,101,15.473506,4.875202
101.7531,44,ROTORCRAFT_STATUS,0,0,0,107,0,4,1,1,3,0,1,101,15.473506,4.875202
101.7731,44,ROTORCRAFT_STATUS,0,0,0,107,0,4,1,1,3,0,1,101,15.473506,4.875202
101.7931,44,ROTORCRAFT_STATUS,0,0,0,107,0,4,1,1,3,0,1,101,15.541988,4.884816
101.8131,44,ROTORCRAFT_STATUS,0,0,0,107,0,4,1,1,3,0,1,101,15.541988,4.884816
101.8331,44,ROTORCRAFT_STATUS,0,0,0,107,0,4,1,1,3,0,1,101,15.541988,4.884816
101.8531,44,ROTORCRAFT_STATUS,0,0,0,107,0,4,1,1,3,0,1,101,15.541988,4.884816
101.8731,44,ROTORCRAFT_STATUS,0,0,0,107,0,4,1,1,3,0,1,101,15.541988,4.884816
101.8931,44,ROTORCRAFT_STATUS,0,0,0,107,0,4,1,1,3,0,1,101,15.55911,4.879962
101.9131,44,ROTORCRAFT_STATUS,0,0,0,107,0,4,1,1,3,0,1,101,15.55911,4.879962
101.9331,44,ROTORCRAFT_STATUS,0,0,0,107,0,4,1,1,3,0,1,101,15.55911,4.879962
101.9531,44,ROTORCRAFT_STATUS,0,0,0,107,0,4,1,1,3,0,1,101,15.55911,4.879962
101.9731,44,ROTORCRAFT_STATUS,0,0,0,107,0,4,1,1,3,0,1,101,15.55911,4.879962
101.9931,44,ROTORCRAFT_STATUS,0,0,0,107,0,4,1,1,3,0,1,101,15.471671,4.837223
102.0131,44,ROTORCRAFT_STATUS,0,0,0,107,0,4,1,1,3,0,1,102,15.471671,4.837223
102.0331,44,ROTORCRAFT_STATUS,0,0,0,107,0,4,1,1,3,0,1,102,15.471671,4.837223
102.0531,44,ROTORCRAFT_STATUS,0,0,0,107,0,4,1,1,3,0,1,102,15.471671,4.837223
102.0731,44,ROTORCRAFT_STATUS,0,0,0,107,0,4,1,1,3,0,1,102,15.471671,4.837223
102.0931,44,ROTORCRAFT_STATUS,0,0,0,107,0,4,1,1,3,0,1,102,15.483289,4.834652
102.1131,44,ROTORCRAFT_STATUS,0,0,0,107,0,4,1,1,3,0,1,102,15.483289,4.834652
102.1331,44,ROTORCRAFT_STATUS,0,0,0,107,0,4,1,1,3,0,1,102,15.483289,4.834652
102.1531,44,ROTORCRAFT_STATUS,0,0,0,107,0,4,1,1,3,0,1,102,15.483289,4.834652
102.1731,44,ROTORCRAFT_STATUS,0,0,0,107,0,4,1,1,3,0,1,102,15.483289,4.834652
102.1931,44,ROTORCRAFT_STATUS,0,0,0,107,0,4,1,1,3,0,1,102,15.577453,4.895001
102.2131,44,ROTORCRAFT_STATUS,0,0,0,107,0,4,1,1,3,0,1,102,15.577453,4.895001
102.2331,44,ROTORCRAFT_STATUS,0,0,0,107,0,4,1,1,3,0,1,102,15.577453,4.895001
102.2531,44,ROTORCRAFT_STATUS,0,0,0,107,0,4,1,1,3,0,1,102,15.577453,4.895001
102.2731,44,ROTORCRAFT_STATUS,0,0,0,107,0,4,1,1,3,0,1,102,15.577453,4.895001
102.2931,44,ROTORCRAFT_STATUS,0,0,0,107,0,4,1,1,3,0,1,102,15.58051,4.892622
102.3131,44,ROTORCRAFT_STATUS,0,0,0,107,0,4,1,1,3,0,1,102,15.58051,4.892622
102.3331,44,ROTORCRAFT_STATUS,0,0,0,107,0,4,1,1,3,0,1,102,15.58051,4.892622
102.3531,44,ROTORCRAFT_STATUS,0,0,0,107,0,4,1,1,3,0,1,102,15.58051,4.892622
102.3731,44,ROTORCRAFT_STATUS,0,0,0,107,0,4,1,1,3,0,1,102,15.58051,4.892622
102.3931,44,ROTORCRAFT_STATUS,0,0,0,107,0,4,1,1,3,0,1,102,15.551772,4.878629
102.4131,44,ROTORCRAFT_STATUS,0,0,0,107,0,4,1,1,3,0,1,102,15.551772,4.878629
102.4331,44,ROTORCRAFT_STATUS,0,0,0,107,0,4,1,1,3,0,1,102,15.551772,4.878629
102.4531,44,ROTORCRAFT_STATUS,0,0,0,107,0,4,1,1,3,0,1,102,15.551772,4.878629
102.4731,44,ROTORCRAFT_STATUS,0,0,0,107,0,4,1,1,3,0,1,102,15.551772,4.878629
102.4931,44,ROTORCRAFT_STATUS,0,0,0,107,0,4,1,1,3,0,1,102,15.453938,4.828656
102.5131,44,ROTORCRAFT_STATUS,0,0,0,107,0,4,1,1,3,0,1,102,15.453938,4.828656
102.5331,44,ROTORCRAFT_STATUS,0,0,0,107,0,4,1,1,3,0,1,102,15.453938,4.828656
102.5531,44,ROTORCRAFT_STATUS,0,0,0,107,0,4,1,1,3,0,1,102,15.453938,4.828656
102.5731,44,ROTORCRAFT_STATUS,0,0,0,107,0,4,1,1,3,0,1,102,15.453938,4.828656
102.5931,44,ROTORCRAFT_STATUS,0,0,0,107,0,4,1,1,3,0,1,102,15.468614,4.837508
102.6131,44,ROTORCRAFT_STATUS,0,0,0,107,0,4,1,1,3,0,1,102,15.468614,4.837508
102.6331,44,ROTORCRAFT_STATUS,0,0,0,107,0,4,1,1,3,0,1,102,15.468614,4.837508
102.6531,44,ROTORCRAFT_STATUS,0,0,0,107,0,4,1,1,3,0,1,102,15.468614,4.837508
102.6731,44,ROTORCRAFT_STATUS,0,0,0,107,0,4,1,1,3,0,1,102,15.468614,4.837508
102.6931,44,ROTORCRAFT_STATUS,0,0,0,107,0,4,1,1,3,0,1,102,15.50897,4.890623
102.7131,44,ROTORCRAFT_STATUS,0,0,0,107,0,4,1,1,3,0,1,102,15.50897,4.890623
102.7331,44,ROTORCRAFT_STATUS,0,0,0,107,0,4,1,1,3,0,1,102,15.50897,4.890623
102.7531,44,ROTORCRAFT_STATUS,0,0,0,107,0,4,1,1,3,0,1,102,15.50897,4.890623
102.7731,44,ROTORCRAFT_STATUS,0,0,0,107,0,4,1,1,3,0,1,102,15.50897,4.890623
102.7931,44,ROTORCRAFT_STATUS,0,0,0,107,0,4,1,1,3,0,1,102,15.534039,4.874822
102.8131,44,ROTORCRAFT_STATUS,0,0,0,107,0,4,1,1,3,0,1,102,15.534039,4.874822
102.8331,44,ROTORCRAFT_STATUS,0,0,0,107,0,4,1,1,3,0,1,102,15.534039,4.874822
102.8531,44,ROTORCRAFT_STATUS,0,0,0,107,0,4,1,1,3,0,1,102,15.534039,4.874822
102.8731,44,ROTORCRAFT_STATUS,0,0,0,107,0,4,1,1,3,0,1,102,15.534039,4.874822
102.8931,44,ROTORCRAFT_STATUS,0,0,0,107,0,4,1,1,3,0,1,102,15.524257,4.875202
102.9131,44,ROTORCRAFT_STATUS,0,0,0,107,0,4,1,1,3,0,1,102,15.524257,4.875202
102.9331,44,ROTORCRAFT_STATUS,0,0,0,107,0,4,1,1,3,0,1,102,15.524257,4.875202
102.9531,44,ROTORCRAFT_STATUS,0,0,0,107,0,4,1,1,3,0,1,102,15.524257,4.875202
102.9731,44,ROTORCRAFT_STATUS,0,0,0,107,0,4,1,1,3,0,1,102,15.524257,4.875202
102.9931,44,ROTORCRAFT_STATUS,0,0,0,107,0,4,1,1,3,0,1,102,15.437429,4.827514
103.0131,44,ROTORCRAFT_STATUS,0,0,0,107,0,4,1,1,3,0,1,103,15.437429,4.827514
103.0331,44,ROTORCRAFT_STATUS,0,0,0,107,0,4,1,1,3,0,1,103,15.437429,4.827514
103.0531,44,ROTORCRAFT_STATUS,0,0,0,107,0,4,1,1,3,0,1,103,15.437429,4.827514
103.0731,44,ROTORCRAFT_STATUS,0,0,0,107,0,4,1,1,3,0,1,103,15.437429,4.827514
103.0931,44,ROTORCRAFT_STATUS,0,0,0,100,0,4,1,1,3,0,1,103,15.481455,4.845219
103.1131,44,ROTORCRAFT_STATUS,0,0,0,100,0,4,1,1,3,0,1,103,15.481455,4.845219
103.1331,44,ROTORCRAFT_STATUS,0,0,0,100,0,4,1,1,3,0,1,103,15.481455,4.845219
103.1531,44,ROTORCRAFT_STATUS,0,0,0,100,0,4,1,1,3,0,1,103,15.481455,4.845219
103.1731,44,ROTORCRAFT_STATUS,0,0,0,100,0,4,1,1,3,0,1,103,15.481455,4.845219
103.1931,44,ROTORCRAFT_STATUS,0,0,0,100,0,4,1,1,3,0,1,103,15.551772,4.88929
103.2131,44,ROTORCRAFT_STATUS,0,0,0,100,0,4,1,1,3,0,1,103,15.551772,4.88929
103.2331,44,ROTORCRAFT_STATUS,0,0,0,100,0,4,1,1,3,0,1,103,15.551772,4.88929
103.2531,44,ROTORCRAFT_STATUS,0,0,0,100,0,4,1,1,3,0,1,103,15.551772,4.88929
103.2731,44,ROTORCRAFT_STATUS,0,0,0,100,0,4,1,1,3,0,1,103,15.551772,4.88929
103.2931,44,ROTORCRAFT_STATUS,0,0,0,100,0,4,1,1,3,0,1,103,15.532206,4.87644
103.3131,44,ROTORCRAFT_STATUS,0,0,0,100,0,4,1,1,3,0,1,103,15.532206,4.87644
103.3331,44,ROTORCRAFT_STATUS,0,0,0,100,0,4,1,1,3,0,1,103,15.532206,4.87644
103.3531,44,ROTORCRAFT_STATUS,0,0,0,100,0,4,1,1,3,0,1,103,15.532206,4.87644
103.3731,44,ROTORCRAFT_STATUS,0,0,0,100,0,4,1,1,3,0,1,103,15.532206,4.87644
103.3931,44,ROTORCRAFT_STATUS,0,0,0,100,0,4,1,1,3,0,1,103,15.521811,4.873013
103.4131,44,ROTORCRAFT_STATUS,0,0,0,100,0,4,1,1,3,0,1,103,15.521811,4.873013
103.4331,44,ROTORCRAFT_STATUS,0,0,0,100,0,4,1,1,3,0,1,103,15.521811,4.873013
103.4531,44,ROTORCRAFT_STATUS,0,0,0,100,0,4,1,1,3,0,1,103,15.521811,4.873013
103.4731,44,ROTORCRAFT_STATUS,0,0,0,100,0,4,1,1,3,0,1,103,15.521811,4.873013
103.4931,44,ROTORCRAFT_STATUS,0,0,0,100,0,4,1,1,3,0,1,103,15.470448,4.84084
103.5131,44,ROTORCRAFT_STATUS,0,0,0,100,0,4,1,1,3,0,1,103,15.470448,4.84084
103.5331,44,ROTORCRAFT_STATUS,0,0,0,100,0,4,1,1,3,0,1,103,15.470448,4.84084
103.5531,44,ROTORCRAFT_STATUS,0,0,0,100,0,4,1,1,3,0,1,103,15.470448,4.84084
103.5731,44,ROTORCRAFT_STATUS,0,0,0,100,0,4,1,1,3,0,1,103,15.470448,4.84084
103.5931,44,ROTORCRAFT_STATUS,0,0,0,100,0,4,1,1,3,0,1,103,15.260107,4.721761
103.6131,44,ROTORCRAFT_STATUS,0,0,0,100,0,4,1,1,3,0,1,103,15.260107,4.721761
103.6331,44,ROTORCRAFT_STATUS,0,0,0,100,0,4,1,1,3,0,1,103,15.260107,4.721761
103.6531,44,ROTORCRAFT_STATUS,0,0,0,100,0,4,1,1,3,0,1,103,15.260107,4.721761
103.6731,44,ROTORCRAFT_STATUS,0,0,0,100,0,4,1,1,3,0,1,103,15.260107,4.721761
103.6931,44,ROTORCRAFT_STATUS,0,0,0,100,0,4,1,1,3,0,1,103,15.548715,4.874822
103.7131,44,ROTORCRAFT_STATUS,0,0,0,100,0,4,1,1,3,0,1,103,15.548715,4.874822
103.7331,44,ROTORCRAFT_STATUS,0,0,0,100,0,4,1,1,3,0,1,103,15.548715,4.874822
103.7531,44,ROTORCRAFT_STATUS,0,0,0,100,0,4,1,1,3,0,1,103,15.548715,4.874822
103.7731,44,ROTORCRAFT_STATUS,0,0,0,100,0,4,1,1,3,0,1,103,15.548715,4.874822
103.7931,44,ROTORCRAFT_STATUS,0,0,0,100,0,4,1,1,3,0,1,103,15.518753,4.875964
103.8131,44,ROTORCRAFT_STATUS,0,0,0,100,0,4,1,1,3,0,1,103,15.518753,4.875964
103.8331,44,ROTORCRAFT_STATUS,0,0,0,100,0,4,1,1,3,0,1,103,15.518753,4.875964
103.8531,44,ROTORCRAFT_STATUS,0,0,0,100,0,4,1,1,3,0,1,103,15.518753,4.875964
103.8731,44,ROTORCRAFT_STATUS,0,0,0,100,0,4,1,1,3,0,1,103,15.518753,4.875964
103.8931,44,ROTORCRAFT_STATUS,0,0,0,100,0,4,1,1,3,0,1,103,15.521811,4.874917
103.9131,44,ROTORCRAFT_STATUS,0,0,0,100,0,4,1,1,3,0,1,103,15.521811,4.874917
103.9331,44,ROTORCRAFT_STATUS,0,0,0,100,0,4,1,1,3,0,1,103,15.521811,4.874917
103.9531,44,ROTORCRAFT_STATUS,0,0,0,100,0,4,1,1,3,0,1,103,15.521811,4.874917
103.9731,44,ROTORCRAFT_STATUS,0,0,0,100,0,4,1,1,3,0,1,103,15.521811,4.874917
103.9931,44,ROTORCRAFT_STATUS,0,0,0,100,0,4,1,1,3,0,1,103,15.477174,4.841697
104.0131,44,ROTORCRAFT_STATUS,0,0,0,100,0,4,1,1,3,0,1,104,15.477174,4.841697
104.0331,44,ROTORCRAFT_STATUS,0,0,0,100,0,4,1,1,3,0,1,104,15.477174,4.841697
104.0531,44,ROTORCRAFT_STATUS,0,0,0,100,0,4,1,1,3,0,1,104,15.477174,4.841697
104.0731,44,ROTORCRAFT_STATUS,0,0,0,100,0,4,1,1,3,0,1,104,15.477174,4.841697
104.0931,44,ROTORCRAFT_STATUS,0,0,0,100,0,4,1,1,3,0,1,104,15.482677,4.834177
104.1131,44,ROTORCRAFT_STATUS,0,0,0,103,0,4,1,1,3,0,1,104,15.482677,4.834177
104.1331,44,ROTORCRAFT_STATUS,0,0,0,103,0,4,1,1,3,0,1,104,15.482677,4.834177
104.1531,44,ROTORCRAFT_STATUS,0,0,0,103,0,4,1,1,3,0,1,104,15.482677,4.834177
104.1731,44,ROTORCRAFT_STATUS,0,0,0,103,0,4,1,1,3,0,1,104,15.482677,4.834177
104.1931,44,ROTORCRAFT_STATUS,0,0,0,103,0,4,1,1,3,0,1,104,15.367723,4.811141
104.2131,44,ROTORCRAFT_STATUS,0,0,0,103,0,4,1,1,3,0,1,104,15.367723,4.811141
104.2331,44,ROTORCRAFT_STATUS,0,0,0,103,0,4,1,1,3,0,1,104,15.367723,4.811141
104.2531,44,ROTORCRAFT_STATUS,0,0,0,103,0,4,1,1,3,0,1,104,15.367723,4.811141
104.2731,44,ROTORCRAFT_STATUS,0,0,0,103,0,4,1,1,3,0,1,104,15.367723,4.811141
104.2931,44,ROTORCRAFT_STATUS,0,0,0,103,0,4,1,1,3,0,1,104,15.552383,4.87901
104.3131,44,ROTORCRAFT_STATUS,0,0,0,103,0,4,1,1,3,0,1,104,15.552383,4.87901
104.3331,44,ROTORCRAFT_STATUS,0,0,0,103,0,4,1,1,3,0,1,104,15.552383,4.87901
104.3531,44,ROTORCRAFT_STATUS,0,0,0,103,0,4,1,1,3,0,1,104,15.552383,4.87901
104.3731,44,ROTORCRAFT_STATUS,0,0,0,103,0,4,1,1,3,0,1,104,15.552383,4.87901
104.3931,44,ROTORCRAFT_STATUS,0,0,0,103,0,4,1,1,3,0,1,104,15.335928,4.769354
104.4131,44,ROTORCRAFT_STATUS,0,0,0,103,0,4,1,1,3,0,1,104,15.335928,4.769354
104.4331,44,ROTORCRAFT_STATUS,0,0,0,103,0,4,1,1,3,0,1,104,15.335928,4.769354
104.4531,44,ROTORCRAFT_STATUS,0,0,0,103,0,4,1,1,3,0,1,104,15.335928,4.769354
104.4731,44,ROTORCRAFT_STATUS,0,0,0,103,0,4,1,1,3,0,1,104,15.335928,4.769354
104.4931,44,ROTORCRAFT_STATUS,0,0,0,103,0,4,1,1,3,0,1,104,15.476562,4.831036
104.5131,44,ROTORCRAFT_STATUS,0,0,0,103,0,4,1,1,3,0,1,104,15.476562,4.831036
104.5331,44,ROTORCRAFT_STATUS,0,0,0,103,0,4,1,1,3,0,1,104,15.476562,4.831036
104.5531,44,ROTORCRAFT_STATUS,0,0,0,103,0,4,1,1,3,0,1,104,15.476562,4.831036
104.5731,44,ROTORCRAFT_STATUS,0,0,0,103,0,4,1,1,3,0,1,104,15.476562,4.831036
104.5931,44,ROTORCRAFT_STATUS,0,0,0,103,0,4,1,1,3,0,1,104,15.331037,4.736134
104.6131,44,ROTORCRAFT_STATUS,0,0,0,103,0,4,1,1,3,0,1,104,15.331037,4.736134
104.6331,44,ROTORCRAFT_STATUS,0,0,0,103,0,4,1,1,3,0,1,104,15.331037,4.736134
104.6531,44,ROTORCRAFT_STATUS,0,0,0,103,0,4,1,1,3,0,1,104,15.331037,4.736134
104.6731,44,ROTORCRAFT_STATUS,0,0,0,103,0,4,1,1,3,0,1,104,15.331037,4.736134
104.6931,44,ROTORCRAFT_STATUS,0,0,0,103,0,4,1,1,3,0,1,104,15.573173,4.874917
104.7131,44,ROTORCRAFT_STATUS,0,0,0,103,0,4,1,1,3,0,1,104,15.573173,4.874917
104.7331,44,ROTORCRAFT_STATUS,0,0,0,103,0,4,1,1,3,0,1,104,15.573173,4.874917
104.7531,44,ROTORCRAFT_STATUS,0,0,0,103,0,4,1,1,3,0,1,104,15.573173,4.874917
104.7731,44,ROTORCRAFT_STATUS,0,0,0,103,0,4,1,1,3,0,1,104,15.573173,4.874917
104.7931,44,ROTORCRAFT_STATUS,0,0,0,103,0,4,1,1,3,0,1,104,15.560332,4.886149
104.8131,44,ROTORCRAFT_STATUS,0,0,0,103,0,4,1,1,3,0,1,104,15.560332,4.886149
104.8331,44,ROTORCRAFT_STATUS,0,0,0,103,0,4,1,1,3,0,1,104,15.560332,4.886149
104.8531,44,ROTORCRAFT_STATUS,0,0,0,103,0,4,1,1,3,0,1,104,15.560332,4.886149
104.8731,44,ROTORCRAFT_STATUS,0,0,0,103,0,4,1,1,3,0,1,104,15.560332,4.886149
104.8931,44,ROTORCRAFT_STATUS,0,0,0,103,0,4,1,1,3,0,1,104,15.524868,4.873965
104.9131,44,ROTORCRAFT_STATUS,0,0,0,103,0,4,1,1,3,0,1,104,15.524868,4.873965
104.9331,44,ROTORCRAFT_STATUS,0,0,0,103,0,4,1,1,3,0,1,104,15.524868,4.873965
104.9531,44,ROTORCRAFT_STATUS,0,0,0,103,0,4,1,1,3,0,1,104,15.524868,4.873965
104.9731,44,ROTORCRAFT_STATUS,0,0,0,103,0,4,1,1,3,0,1,104,15.524868,4.873965
104.9931,44,ROTORCRAFT_STATUS,0,0,0,103,0,4,1,1,3,0,1,104,15.457607,4.831036
105.0131,44,ROTORCRAFT_STATUS,0,0,0,103,0,4,1,1,3,0,1,105,15.457607,4.831036
105.0331,44,ROTORCRAFT_STATUS,0,0,0,103,0,4,1,1,3,0,1,105,15.457607,4.831036
105.0531,44,ROTORCRAFT_STATUS,0,0,0,103,0,4,1,1,3,0,1,105,15.457607,4.831036
105.0731,44,ROTORCRAFT_STATUS,0,0,0,103,0,4,1,1,3,0,1,105,15.457607,4.831036
105.0931,44,ROTORCRAFT_STATUS,0,0,0,103,0,4,1,1,3,0,1,105,15.457607,4.833225
105.1131,44,ROTORCRAFT_STATUS,0,0,0,103,0,4,1,1,3,0,1,105,15.457607,4.833225
105.1331,44,ROTORCRAFT_STATUS,0,0,0,109,0,4,1,1,3,0,1,105,15.457607,4.833225
105.1531,44,ROTORCRAFT_STATUS,0,0,0,109,0,4,1,1,3,0,1,105,15.457607,4.833225
105.1731,44,ROTORCRAFT_STATUS,0,0,0,109,0,4,1,1,3,0,1,105,15.457607,4.833225
105.1931,44,ROTORCRAFT_STATUS,0,0,0,109,0,4,1,1,3,0,1,105,15.552995,4.89167
105.2131,44,ROTORCRAFT_STATUS,0,0,0,109,0,4,1,1,3,0,1,105,15.552995,4.89167
105.2331,44,ROTORCRAFT_STATUS,0,0,0,109,0,4,1,1,3,0,1,105,15.552995,4.89167
105.2531,44,ROTORCRAFT_STATUS,0,0,0,109,0,4,1,1,3,0,1,105,15.552995,4.89167
105.2731,44,ROTORCRAFT_STATUS,0,0,0,109,0,4,1,1,3,0,1,105,15.552995,4.89167
105.2931,44,ROTORCRAFT_STATUS,0,0,0,109,0,4,1,1,3,0,1,105,15.540154,4.889956
105.3131,44,ROTORCRAFT_STATUS,0,0,0,109,0,4,1,1,3,0,1,105,15.540154,4.889956
105.3331,44,ROTORCRAFT_STATUS,0,0,0,109,0,4,1,1,3,0,1,105,15.540154,4.889956
105.3531,44,ROTORCRAFT_STATUS,0,0,0,109,0,4,1,1,3,0,1,105,15.540154,4.889956
105.3731,44,ROTORCRAFT_STATUS,0,0,0,109,0,4,1,1,3,0,1,105,15.540154,4.889956
105.3931,44,ROTORCRAFT_STATUS,0,0,0,109,0,4,1,1,3,0,1,105,15.276617,4.743273
105.4131,44,ROTORCRAFT_STATUS,0,0,0,109,0,4,1,1,3,0,1,105,15.276617,4.743273
105.4331,44,ROTORCRAFT_STATUS,0,0,0,109,0,4,1,1,3,0,1,105,15.276617,4.743273
105.4531,44,ROTORCRAFT_STATUS,0,0,0,109,0,4,1,1,3,0,1,105,15.276617,4.743273
105.4731,44,ROTORCRAFT_STATUS,0,0,0,109,0,4,1,1,3,0,1,105,15.276617,4.743273
105.4931,44,ROTORCRAFT_STATUS,0,0,0,109,0,4,1,1,3,0,1,105,15.420309,4.833986
105.5131,44,ROTORCRAFT_STATUS,0,0,0,109,0,4,1,1,3,0,1,105,15.420309,4.833986
105.5331,44,ROTORCRAFT_STATUS,0,0,0,109,0,4,1,1,3,0,1,105,15.420309,4.833986
105.5531,44,ROTORCRAFT_STATUS,0,0,0,109,0,4,1,1,3,0,1,105,15.420309,4.833986
105.5731,44,ROTORCRAFT_STATUS,0,0,0,109,0,4,1,1,3,0,1,105,15.420309,4.833986
105.5931,44,ROTORCRAFT_STATUS,0,0,0,109,0,4,1,1,3,0,1,105,15.416029,4.832368
105.6131,44,ROTORCRAFT_STATUS,0,0,0,109,0,4,1,1,3,0,1,105,15.416029,4.832368
105.6331,44,ROTORCRAFT_STATUS,0,0,0,109,0,4,1,1,3,0,1,105,15.416029,4.832368
105.6531,44,ROTORCRAFT_STATUS,0,0,0,109,0,4,1,1,3,0,1,105,15.416029,4.832368
105.6731,44,ROTORCRAFT_STATUS,0,0,0,109,0,4,1,1,3,0,1,105,15.416029,4.832368
105.6931,44,ROTORCRAFT_STATUS,0,0,0,109,0,4,1,1,3,0,1,105,15.266222,4.779063
105.7131,44,ROTORCRAFT_STATUS,0,0,0,109,0,4,1,1,3,0,1,105,15.266222,4.779063
105.7331,44,ROTORCRAFT_STATUS,0,0,0,109,0,4,1,1,3,0,1,105,15.266222,4.779063
105.7531,44,ROTORCRAFT_STATUS,0,0,0,109,0,4,1,1,3,0,1,105,15.266222,4.779063
105.7731,44,ROTORCRAFT_STATUS,0,0,0,109,0,4,1,1,3,0,1,105,15.266222,4.779063
105.7931,44,ROTORCRAFT_STATUS,0,0,0,109,0,4,1,1,3,0,1,105,15.409303,4.865493
105.8131,44,ROTORCRAFT_STATUS,0,0,0,109,0,4,1,1,3,0,1,105,15.409303,4.865493
105.8331,44,ROTORCRAFT_STATUS,0,0,0,109,0,4,1,1,3,0,1,105,15.409303,4.865493
105.8531,44,ROTORCRAFT_STATUS,0,0,0,109,0,4,1,1,3,0,1,105,15.409303,4.865493
105.8731,44,ROTORCRAFT_STATUS,0,0,0,109,0,4,1,1,3,0,1,105,15.409303,4.865493
105.8931,44,ROTORCRAFT_STATUS,0,0,0,109,0,4,1,1,3,0,1,105,15.452716,4.875298
105.9131,44,ROTORCRAFT_STATUS,0,0,0,109,0,4,1,1,3,0,1,105,15.452716,4.875298
105.9331,44,ROTORCRAFT_STATUS,0,0,0,109,0,4,1,1,3,0,1,105,15.452716,4.875298
105.9531,44,ROTORCRAFT_STATUS,0,0,0,109,0,4,1,1,3,0,1,105,15.452716,4.875298
105.9731,44,ROTORCRAFT_STATUS,0,0,0,109,0,4,1,1,3,0,1,105,15.452716,4.875298
105.9931,44,ROTORCRAFT_STATUS,0,0,0,109,0,4,1,1,3,0,1,105,15.212414,4.761359
106.0131,44,ROTORCRAFT_STATUS,0,0,0,109,0,4,1,1,3,0,1,106,15.212414,4.761359
106.0331,44,ROTORCRAFT_STATUS,0,0,0,109,0,4,1,1,3,0,1,106,15.212414,4.761359
106.0531,44,ROTORCRAFT_STATUS,0,0,0,109,0,4,1,1,3,0,1,106,15.212414,4.761359
106.0731,44,ROTORCRAFT_STATUS,0,0,0,109,0,4,1,1,3,0,1,106,15.212414,4.761359
106.0931,44,ROTORCRAFT_STATUS,0,0,0,109,0,4,1,1,3,0,1,106,15.394628,4.838079
106.1131,44,ROTORCRAFT_STATUS,0,0,0,109,0,4,1,1,3,0,1,106,15.394628,4.838079
106.1331,44,ROTORCRAFT_STATUS,0,0,0,109,0,4,1,1,3,0,1,106,15.394628,4.838079
106.1531,44,ROTORCRAFT_STATUS,0,0,0,109,0,4,1,1,3,0,1,106,15.394628,4.838079
106.1731,44,ROTORCRAFT_STATUS,0,0,0,109,0,4,1,1,3,0,1,106,15.394628,4.838079
106.1931,44,ROTORCRAFT_STATUS,0,0,0,109,0,4,1,1,3,0,1,106,15.396462,4.833606
106.2131,44,ROTORCRAFT_STATUS,0,0,0,109,0,4,1,1,3,0,1,106,15.396462,4.833606
106.2331,44,ROTORCRAFT_STATUS,0,0,0,109,0,4,1,1,3,0,1,106,15.396462,4.833606
106.2531,44,ROTORCRAFT_STATUS,0,0,0,109,0,4,1,1,3,0,1,106,15.396462,4.833606
106.2731,44,ROTORCRAFT_STATUS,0,0,0,109,0,4,1,1,3,0,1,106,15.396462,4.833606
106.2931,44,ROTORCRAFT_STATUS,0,0,0,109,0,4,1,1,3,0,1,106,15.456996,4.878153
106.3131,44,ROTORCRAFT_STATUS,0,0,0,109,0,4,1,1,3,0,1,106,15.456996,4.878153
106.3331,44,ROTORCRAFT_STATUS,0,0,0,109,0,4,1,1,3,0,1,106,15.456996,4.878153
106.3531,44,ROTORCRAFT_STATUS,0,0,0,109,0,4,1,1,3,0,1,106,15.456996,4.878153
106.3731,44,ROTORCRAFT_STATUS,0,0,0,109,0,4,1,1,3,0,1,106,15.456996,4.878153
106.3931,44,ROTORCRAFT_STATUS,0,0,0,109,0,4,1,1,3,0,1,106,15.267445,4.770877
106.4131,44,ROTORCRAFT_STATUS,0,0,0,109,0,4,1,1,3,0,1,106,15.267445,4.770877
106.4331,44,ROTORCRAFT_STATUS,0,0,0,109,0,4,1,1,3,0,1,106,15.267445,4.770877
106.4531,44,ROTORCRAFT_STATUS,0,0,0,109,0,4,1,1,3,0,1,106,15.267445,4.770877
106.4731,44,ROTORCRAFT_STATUS,0,0,0,109,0,4,1,1,3,0,1,106,15.267445,4.770877
106.4931,44,ROTORCRAFT_STATUS,0,0,0,109,0,4,1,1,3,0,1,106,15.362832,4.833606
106.5131,44,ROTORCRAFT_STATUS,0,0,0,109,0,4,1,1,3,0,1,106,15.362832,4.833606
106.5331,44,ROTORCRAFT_STATUS,0,0,0,109,0,4,1,1,3,0,1,106,15.362832,4.833606
106.5531,44,ROTORCRAFT_STATUS,0,0,0,109,0,4,1,1,3,0,1,106,15.362832,4.833606
106.5731,44,ROTORCRAFT_STATUS,0,0,0,109,0,4,1,1,3,0,1,106,15.362832,4.833606
106.5931,44,ROTORCRAFT_STATUS,0,0,0,109,0,4,1,1,3,0,1,106,15.333482,4.798386
106.6131,44,ROTORCRAFT_STATUS,0,0,0,109,0,4,1,1,3,0,1,106,15.333482,4.798386
106.6331,44,ROTORCRAFT_STATUS,0,0,0,109,0,4,1,1,3,0,1,106,15.333482,4.798386
106.6531,44,ROTORCRAFT_STATUS,0,0,0,109,0,4,1,1,3,0,1,106,15.333482,4.798386
106.6731,44,ROTORCRAFT_STATUS,0,0,0,109,0,4,1,1,3,0,1,106,15.333482,4.798386
106.6931,44,ROTORCRAFT_STATUS,0,0,0,109,0,4,1,1,3,0,1,106,15.484511,4.876535
106.7131,44,ROTORCRAFT_STATUS,0,0,0,109,0,4,1,1,3,0,1,106,15.484511,4.876535
106.7331,44,ROTORCRAFT_STATUS,0,0,0,109,0,4,1,1,3,0,1,106,15.484511,4.876535
106.7531,44,ROTORCRAFT_STATUS,0,0,0,109,0,4,1,1,3,0,1,106,15.484511,4.876535
106.7731,44,ROTORCRAFT_STATUS,0,0,0,109,0,4,1,1,3,0,1,106,15.484511,4.876535
106.7931,44,ROTORCRAFT_STATUS,0,0,0,109,0,4,1,1,3,0,1,106,15.534651,4.878439
106.8131,44,ROTORCRAFT_STATUS,0,0,0,109,0,4,1,1,3,0,1,106,15.534651,4.878439
106.8331,44,ROTORCRAFT_STATUS,0,0,0,109,0,4,1,1,3,0,1,106,15.534651,4.878439
106.8531,44,ROTORCRAFT_STATUS,0,0,0,109,0,4,1,1,3,0,1,106,15.534651,4.878439
106.8731,44,ROTORCRAFT_STATUS,0,0,0,109,0,4,1,1,3,0,1,106,15.534651,4.878439
106.8931,44,ROTORCRAFT_STATUS,0,0,0,109,0,4,1,1,3,0,1,106,15.537097,4.887672
106.9131,44,ROTORCRAFT_STATUS,0,0,0,109,0,4,1,1,3,0,1,106,15.537097,4.887672
106.9331,44,ROTORCRAFT_STATUS,0,0,0,109,0,4,1,1,3,0,1,106,15.537097,4.887672
106.9531,44,ROTORCRAFT_STATUS,0,0,0,109,0,4,1,1,3,0,1,106,15.537097,4.887672
106.9731,44,ROTORCRAFT_STATUS,0,0,0,109,0,4,1,1,3,0,1,106,15.537097,4.887672
106.9931,44,ROTORCRAFT_STATUS,0,0,0,109,0,4,1,1,3,0,1,106,15.469225,4.845314
107.0131,44,ROTORCRAFT_STATUS,0,0,0,109,0,4,1,1,3,0,1,107,15.469225,4.845314
107.0331,44,ROTORCRAFT_STATUS,0,0,0,109,0,4,1,1,3,0,1,107,15.469225,4.845314
107.0531,44,ROTORCRAFT_STATUS,0,0,0,109,0,4,1,1,3,0,1,107,15.469225,4.845314
107.0731,44,ROTORCRAFT_STATUS,0,0,0,109,0,4,1,1,3,0,1,107,15.469225,4.845314
107.0931,44,ROTORCRAFT_STATUS,0,0,0,109,0,4,1,1,3,0,1,107,15.472894,4.832939
107.1131,44,ROTORCRAFT_STATUS,0,0,0,109,0,4,1,1,3,0,1,107,15.472894,4.832939
107.1331,44,ROTORCRAFT_STATUS,0,0,0,109,0,4,1,1,3,0,1,107,15.472894,4.832939
107.1531,44,ROTORCRAFT_STATUS,0,0,0,109,0,4,1,1,3,0,1,107,15.472894,4.832939
107.1731,44,ROTORCRAFT_STATUS,0,0,0,105,0,4,1,1,3,0,1,107,15.472894,4.832939
107.1931,44,ROTORCRAFT_STATUS,0,0,0,105,0,4,1,1,3,0,1,107,15.903971,4.876725
107.2131,44,ROTORCRAFT_STATUS,0,0,0,105,0,4,1,1,3,0,1,107,15.903971,4.876725
107.2331,44,ROTORCRAFT_STATUS,0,0,0,105,0,4,1,1,3,0,1,107,15.903971,4.876725
107.2531,44,ROTORCRAFT_STATUS,0,0,0,105,0,4,1,1,3,0,1,107,15.903971,4.876725
107.2731,44,ROTORCRAFT_STATUS,0,0,0,105,0,4,1,1,3,0,1,107,15.903971,4.876725
107.2931,44,ROTORCRAFT_STATUS,0,0,0,105,0,4,1,1,3,0,1,107,15.95839,4.880818
107.3131,44,ROTORCRAFT_STATUS,0,0,0,105,0,4,1,1,3,0,1,107,15.95839,4.880818
107.3331,44,ROTORCRAFT_STATUS,0,0,0,105,0,4,1,1,3,0,1,107,15.95839,4.880818
107.3531,44,ROTORCRAFT_STATUS,0,0,0,105,0,4,1,1,3,0,1,107,15.95839,4.880818
107.3731,44,ROTORCRAFT_STATUS,0,0,0,105,0,4,1,1,3,0,1,107,15.95839,4.880818
107.3931,44,ROTORCRAFT_STATUS,0,0,0,105,0,4,1,1,3,0,1,107,15.712584,4.783252
107.4131,44,ROTORCRAFT_STATUS,0,0,0,105,0,4,1,1,3,0,1,107,15.712584,4.783252
107.4331,44,ROTORCRAFT_STATUS,0,0,0,105,0,4,1,1,3,0,1,107,15.712584,4.783252
107.4531,44,ROTORCRAFT_STATUS,0,0,0,105,0,4,1,1,3,0,1,107,15.712584,4.783252
107.4731,44,ROTORCRAFT_STATUS,0,0,0,105,0,4,1,1,3,0,1,107,15.712584,4.783252
107.4931,44,ROTORCRAFT_STATUS,0,0,0,105,0,4,1,1,3,0,1,107,15.82387,4.831226
107.5131,44,ROTORCRAFT_STATUS,0,0,0,105,0,4,1,1,3,0,1,107,15.82387,4.831226
107.5331,44,ROTORCRAFT_STATUS,0,0,0,105,0,4,1,1,3,0,1,107,15.82387,4.831226
107.5531,44,ROTORCRAFT_STATUS,0,0,0,105,0,4,1,1,3,0,1,107,15.82387,4.831226
107.5731,44,ROTORCRAFT_STATUS,0,0,0,105,0,4,1,1,3,0,1,107,15.82387,4.831226
107.5931,44,ROTORCRAFT_STATUS,0,0,0,105,0,4,1,1,3,0,1,107,15.66428,4.735563
107.6131,44,ROTORCRAFT_STATUS,0,0,0,105,0,4,1,1,3,0,1,107,15.66428,4.735563
107.6331,44,ROTORCRAFT_STATUS,0,0,0,105,0,4,1,1,3,0,1,107,15.66428,4.735563
107.6531,44,ROTORCRAFT_STATUS,0,0,0,105,0,4,1,1,3,0,1,107,15.66428,4.735563
107.6731,44,ROTORCRAFT_STATUS,0,0,0,105,0,4,1,1,3,0,1,107,15.66428,4.735563
107.6931,44,ROTORCRAFT_STATUS,0,0,0,105,0,4,1,1,3,0,1,107,15.872787,4.874822
107.7131,44,ROTORCRAFT_STATUS,0,0,0,105,0,4,1,1,3,0,1,107,15.872787,4.874822
107.7331,44,ROTORCRAFT_STATUS,0,0,0,105,0,4,1,1,3,0,1,107,15.872787,4.874822
107.7531,44,ROTORCRAFT_STATUS,0,0,0,105,0,4,1,1,3,0,1,107,15.872787,4.874822
107.7731,44,ROTORCRAFT_STATUS,0,0,0,105,0,0,0,0,5,0,0,107,15.872787,4.874822
107.7931,44,ROTORCRAFT_STATUS,0,0,0,105,0,0,0,0,5,0,0,107,15.951053,4.888433
107.8131,44,ROTORCRAFT_STATUS,0,0,0,105,0,0,0,0,5,0,0,107,15.951053,4.888433
107.8331,44,ROTORCRAFT_STATUS,0,0,0,105,0,0,0,0,5,0,0,107,15.951053,4.888433
107.8531,44,ROTORCRAFT_STATUS,0,0,0,105,0,0,0,0,5,0,0,107,15.951053,4.888433
107.8731,44,ROTORCRAFT_STATUS,0,0,0,105,0,0,0,0,5,0,0,107,15.951053,4.888433
107.8931,44,ROTORCRAFT_STATUS,0,0,0,105,0,0,0,0,5,0,0,107,15.7401,4.766023
107.9131,44,ROTORCRAFT_STATUS,0,0,0,105,0,0,0,0,5,0,0,107,15.7401,4.766023
107.9331,44,ROTORCRAFT_STATUS,0,0,0,105,0,0,0,0,5,0,0,107,15.7401,4.766023
107.9531,44,ROTORCRAFT_STATUS,0,0,0,105,0,0,0,0,5,0,0,107,15.7401,4.766023
107.9731,44,ROTORCRAFT_STATUS,0,0,0,105,0,0,0,0,5,0,0,107,15.7401,4.766023
107.9931,44,ROTORCRAFT_STATUS,0,0,0,105,0,0,0,0,5,0,0,107,15.881958,4.829988
108.0131,44,ROTORCRAFT_STATUS,0,0,0,105,0,0,0,0,5,0,0,108,15.881958,4.829988
108.0331,44,ROTORCRAFT_STATUS,0,0,0,105,0,0,0,0,5,0,0,108,15.881958,4.829988
108.0531,44,ROTORCRAFT_STATUS,0,0,0,105,0,0,0,0,5,0,0,108,15.881958,4.829988
108.0731,44,ROTORCRAFT_STATUS,0,0,0,105,0,0,0,0,5,0,0,108,15.881958,4.829988
108.0931,44,ROTORCRAFT_STATUS,0,0,0,105,0,0,0,0,5,0,0,108,15.732763,4.715478
108.1131,44,ROTORCRAFT_STATUS,0,0,0,105,0,0,0,0,5,0,0,108,15.732763,4.715478
108.1331,44,ROTORCRAFT_STATUS,0,0,0,105,0,0,0,0,5,0,0,108,15.732763,4.715478
108.1531,44,ROTORCRAFT_STATUS,0,0,0,105,0,0,0,0,5,0,0,108,15.732763,4.715478
108.1731,44,ROTORCRAFT_STATUS,0,0,0,105,0,0,0,0,5,0,0,108,15.732763,4.715478
108.1931,44,ROTORCRAFT_STATUS,0,0,0,107,0,0,0,0,5,0,0,108,15.788405,4.765927
108.2131,44,ROTORCRAFT_STATUS,0,0,0,107,0,0,0,0,5,0,0,108,15.788405,4.765927
108.2331,44,ROTORCRAFT_STATUS,0,0,0,107,0,0,0,0,5,0,0,108,15.788405,4.765927
108.2531,44,ROTORCRAFT_STATUS,0,0,0,107,0,0,0,0,5,0,0,108,15.788405,4.765927
108.2731,44,ROTORCRAFT_STATUS,0,0,0,107,0,0,0,0,5,0,0,108,15.788405,4.765927
108.2931,44,ROTORCRAFT_STATUS,0,0,0,107,0,0,0,0,5,0,0,108,16.00058,4.899095
108.3131,44,ROTORCRAFT_STATUS,0,0,0,107,0,0,0,0,5,0,0,108,16.00058,4.899095
108.3331,44,ROTORCRAFT_STATUS,0,0,0,107,0,0,0,0,5,0,0,108,16.00058,4.899095
108.3531,44,ROTORCRAFT_STATUS,0,0,0,107,0,0,0,0,5,0,0,108,16.00058,4.899095
108.3731,44,ROTORCRAFT_STATUS,0,0,0,107,0,0,0,0,5,0,0,108,16.00058,4.899095
108.3931,44,ROTORCRAFT_STATUS,0,0,0,107,0,0,0,0,5,0,0,108,15.827538,4.824468
108.4131,44,ROTORCRAFT_STATUS,0,0,0,107,0,0,0,0,5,0,0,108,15.827538,4.824468
108.4331,44,ROTORCRAFT_STATUS,0,0,0,107,0,0,0,0,5,0,0,108,15.827538,4.824468
108.4531,44,ROTORCRAFT_STATUS,0,0,0,107,0,0,0,0,5,0,0,108,15.827538,4.824468
108.4731,44,ROTORCRAFT_STATUS,0,0,0,107,0,0,0,0,5,0,0,108,15.827538,4.824468
108.4931,44,ROTORCRAFT_STATUS,0,0,0,107,0,0,0,0,5,0,0,108,15.917422,4.836556
108.5131,44,ROTORCRAFT_STATUS,0,0,0,107,0,0,0,0,5,0,0,108,15.917422,4.836556
108.5331,44,ROTORCRAFT_STATUS,0,0,0,107,0,0,0,0,5,0,0,108,15.917422,4.836556
108.5531,44,ROTORCRAFT_STATUS,0,0,0,107,0,0,0,0,5,0,0,108,15.917422,4.836556
108.5731,44,ROTORCRAFT_STATUS,0,0,0,107,0,0,0,0,5,0,0,108,15.917422,4.836556
108.5931,44,ROTORCRAFT_STATUS,0,0,0,107,0,0,0,0,5,0,0,108,15.732151,4.720904
108.6131,44,ROTORCRAFT_STATUS,0,0,0,107,0,0,0,0,5,0,0,108,15.732151,4.720904
108.6331,44,ROTORCRAFT_STATUS,0,0,0,107,0,0,0,0,5,0,0,108,15.732151,4.720904
108.6531,44,ROTORCRAFT_STATUS,0,0,0,107,0,0,0,0,5,0,0,108,15.732151,4.720904
108.6731,44,ROTORCRAFT_STATUS,0,0,0,107,0,0,0,0,5,0,0,108,15.732151,4.720904
108.6931,44,ROTORCRAFT_STATUS,0,0,0,107,0,0,0,0,5,0,0,108,15.845271,4.763928
108.7131,44,ROTORCRAFT_STATUS,0,0,0,107,0,0,0,0,5,0,0,108,15.845271,4.763928
108.7331,44,ROTORCRAFT_STATUS,0,0,0,107,0,0,0,0,5,0,0,108,15.845271,4.763928
108.7531,44,ROTORCRAFT_STATUS,0,0,0,107,0,0,0,0,5,0,0,108,15.845271,4.763928
108.7731,44,ROTORCRAFT_STATUS,0,0,0,107,0,0,0,0,5,0,0,108,15.845271,4.763928
108.7931,44,ROTORCRAFT_STATUS,0,0,0,107,0,0,0,0,5,0,0,108,15.979179,4.877963
108.8131,44,ROTORCRAFT_STATUS,0,0,0,107,0,0,0,0,5,0,0,108,15.979179,4.877963
108.8331,44,ROTORCRAFT_STATUS,0,0,0,107,0,0,0,0,5,0,0,108,15.979179,4.877963
108.8531,44,ROTORCRAFT_STATUS,0,0,0,107,0,0,0,0,5,0,0,108,15.979179,4.877963
108.8731,44,ROTORCRAFT_STATUS,0,0,0,107,0,0,0,0,5,0,0,108,15.979179,4.877963
108.8931,44,ROTORCRAFT_STATUS,0,0,0,107,0,0,0,0,5,0,0,108,15.998135,4.872061
108.9131,44,ROTORCRAFT_STATUS,0,0,0,107,0,0,0,0,5,0,0,108,15.998135,4.872061
108.9331,44,ROTORCRAFT_STATUS,0,0,0,107,0,0,0,0,5,0,0,108,15.998135,4.872061
108.9531,44,ROTORCRAFT_STATUS,0,0,0,107,0,0,0,0,5,0,0,108,15.998135,4.872061
108.9731,44,ROTORCRAFT_STATUS,0,0,0,107,0,0,0,0,5,0,0,108,15.998135,4.872061
108.9931,44,ROTORCRAFT_STATUS,0,0,0,107,0,0,0,0,5,0,0,108,15.927206,4.839697
109.0131,44,ROTORCRAFT_STATUS,0,0,0,107,0,0,0,0,5,0,0,109,15.927206,4.839697
109.0331,44,ROTORCRAFT_STATUS,0,0,0,107,0,0,0,0,5,0,0,109,15.927206,4.839697
109.0531,44,ROTORCRAFT_STATUS,0,0,0,107,0,0,0,0,5,0,0,109,15.927206,4.839697
109.0731,44,ROTORCRAFT_STATUS,0,0,0,107,0,0,0,0,5,0,0,109,15.927206,4.839697
109.0931,44,ROTORCRAFT_STATUS,0,0,0,107,0,0,0,0,5,0,0,109,15.764559,4.727186
109.1131,44,ROTORCRAFT_STATUS,0,0,0,107,0,0,0,0,5,0,0,109,15.764559,4.727186
109.1331,44,ROTORCRAFT_STATUS,0,0,0,107,0,0,0,0,5,0,0,109,15.764559,4.727186
109.1531,44,ROTORCRAFT_STATUS,0,0,0,107,0,0,0,0,5,0,0,109,15.764559,4.727186
109.1731,44,ROTORCRAFT_STATUS,0,0,0,107,0,0,0,0,5,0,0,109,15.764559,4.727186
109.1931,44,ROTORCRAFT_STATUS,0,0,0,107,0,0,0,0,5,0,0,109,16.028095,4.88672
109.2131,44,ROTORCRAFT_STATUS,0,0,0,108,0,0,0,0,5,0,0,109,16.028095,4.88672
109.2331,44,ROTORCRAFT_STATUS,0,0,0,108,0,0,0,0,5,0,0,109,16.028095,4.88672
109.2531,44,ROTORCRAFT_STATUS,0,0,0,108,0,0,0,0,5,0,0,109,16.028095,4.88672
109.2731,44,ROTORCRAFT_STATUS,0,0,0,108,0,0,0,0,5,0,0,109,16.028095,4.88672
109.2931,44,ROTORCRAFT_STATUS,0,0,0,108,0,0,0,0,5,0,0,109,15.831819,4.806191
109.3131,44,ROTORCRAFT_STATUS,0,0,0,108,0,0,0,0,5,0,0,109,15.831819,4.806191
109.3331,44,ROTORCRAFT_STATUS,0,0,0,108,0,0,0,0,5,0,0,109,15.831819,4.806191
109.3531,44,ROTORCRAFT_STATUS,0,0,0,108,0,0,0,0,5,0,0,109,15.831819,4.806191
109.3731,44,ROTORCRAFT_STATUS,0,0,0,108,0,0,0,0,5,0,0,109,15.831819,4.806191
109.3931,44,ROTORCRAFT_STATUS,0,0,0,108,0,0,0,0,5,0,0,109,16.006084,4.874631
109.4131,44,ROTORCRAFT_STATUS,0,0,0,108,0,0,0,0,5,0,0,109,16.006084,4.874631
109.4331,44,ROTORCRAFT_STATUS,0,0,0,108,0,0,0,0,5,0,0,109,16.006084,4.874631
109.4531,44,ROTORCRAFT_STATUS,0,0,0,108,0,0,0,0,5,0,0,109,16.006084,4.874631
109.4731,44,ROTORCRAFT_STATUS,0,0,0,108,0,0,0,0,5,0,0,109,16.006084,4.874631
109.4931,44,ROTORCRAFT_STATUS,0,0,0,108,0,0,0,0,5,0,0,109,15.971231,4.844933
109.5131,44,ROTORCRAFT_STATUS,0,0,0,108,0,0,0,0,5,0,0,109,15.971231,4.844933
109.5331,44,ROTORCRAFT_STATUS,0,0,0,108,0,0,0,0,5,0,0,109,15.971231,4.844933
109.5531,44,ROTORCRAFT_STATUS,0,0,0,108,0,0,0,0,5,0,0,109,15.971231,4.844933
109.5731,44,ROTORCRAFT_STATUS,0,0,0,108,0,0,0,0,5,0,0,109,15.971231,4.844933
109.5931,44,ROTORCRAFT_STATUS,0,0,0,108,0,0,0,0,5,0,0,109,15.754775,4.730994
109.6131,44,ROTORCRAFT_STATUS,0,0,0,108,0,0,0,0,5,0,0,109,15.754775,4.730994
109.6331,44,ROTORCRAFT_STATUS,0,0,0,108,0,0,0,0,5,0,0,109,15.754775,4.730994
109.6531,44,ROTORCRAFT_STATUS,0,0,0,108,0,0,0,0,5,0,0,109,15.754775,4.730994
109.6731,44,ROTORCRAFT_STATUS,0,0,0,108,0,0,0,0,5,0,0,109,15.754775,4.730994
109.6931,44,ROTORCRAFT_STATUS,0,0,0,108,0,0,0,0,5,0,0,109,16.026262,4.877296
109.7131,44,ROTORCRAFT_STATUS,0,0,0,108,0,0,0,0,5,0,0,109,16.026262,4.877296
109.7331,44,ROTORCRAFT_STATUS,0,0,0,108,0,0,0,0,5,0,0,109,16.026262,4.877296
109.7531,44,ROTORCRAFT_STATUS,0,0,0,108,0,0,0,0,5,0,0,109,16.026262,4.877296
109.7731,44,ROTORCRAFT_STATUS,0,0,0,108,0,0,0,0,5,0,0,109,16.026262,4.877296
109.7931,44,ROTORCRAFT_STATUS,0,0,0,108,0,0,0,0,5,0,0,109,16.03421,4.87406
109.8131,44,ROTORCRAFT_STATUS,0,0,0,108,0,0,0,0,5,0,0,109,16.03421,4.87406
109.8331,44,ROTORCRAFT_STATUS,0,0,0,108,0,0,0,0,5,0,0,109,16.03421,4.87406
109.8531,44,ROTORCRAFT_STATUS,0,0,0,108,0,0,0,0,5,0,0,109,16.03421,4.87406
109.8731,44,ROTORCRAFT_STATUS,0,0,0,108,0,0,0,0,5,0,0,109,16.03421,4.87406
109.8931,44,ROTORCRAFT_STATUS,0,0,0,108,0,0,0,0,5,0,0,109,16.022593,4.872252
109.9131,44,ROTORCRAFT_STATUS,0,0,0,108,0,0,0,0,5,0,0,109,16.022593,4.872252
109.9331,44,ROTORCRAFT_STATUS,0,0,0,108,0,0,0,0,5,0,0,109,16.022593,4.872252
109.9531,44,ROTORCRAFT_STATUS,0,0,0,108,0,0,0,0,5,0,0,109,16.022593,4.872252
109.9731,44,ROTORCRAFT_STATUS,0,0,0,108,0,0,0,0,5,0,0,109,16.022593,4.872252
109.9931,44,ROTORCRAFT_STATUS,0,0,0,108,0,0,0,0,5,0,0,109,15.977345,4.834843
110.0131,44,ROTORCRAFT_STATUS,0,0,0,108,0,0,0,0,5,0,0,110,15.977345,4.834843
110.0331,44,ROTORCRAFT_STATUS,0,0,0,108,0,0,0,0,5,0,0,110,15.977345,4.834843
110.0531,44,ROTORCRAFT_STATUS,0,0,0,108,0,0,0,0,5,0,0,110,15.977345,4.834843
110.0731,44,ROTORCRAFT_STATUS,0,0,0,108,0,0,0,0,5,0,0,110,15.977345,4.834843
110.0931,44,ROTORCRAFT_STATUS,0,0,0,108,0,0,0,0,5,0,0,110,15.730928,4.717477
110.1131,44,ROTORCRAFT_STATUS,0,0,0,108,0,0,0,0,5,0,0,110,15.730928,4.717477
110.1331,44,ROTORCRAFT_STATUS,0,0,0,108,0,0,0,0,5,0,0,110,15.730928,4.717477
110.1531,44,ROTORCRAFT_STATUS,0,0,0,108,0,0,0,0,5,0,0,110,15.730928,4.717477
110.1731,44,ROTORCRAFT_STATUS,0,0,0,108,0,0,0,0,5,0,0,110,15.730928,4.717477
110.1931,44,ROTORCRAFT_STATUS,0,0,0,108,0,0,0,0,5,0,0,110,16.056223,4.88434
110.2131,44,ROTORCRAFT_STATUS,0,0,0,108,0,0,0,0,5,0,0,110,16.056223,4.88434
110.2331,44,ROTORCRAFT_STATUS,0,0,0,101,0,0,0,0,5,0,0,110,16.056223,4.88434
110.2531,44,ROTORCRAFT_STATUS,0,0,0,101,0,0,0,0,5,0,0,110,16.056223,4.88434
110.2731,44,ROTORCRAFT_STATUS,0,0,0,101,0,0,0,0,5,0,0,110,16.056223,4.88434
110.2931,44,ROTORCRAFT_STATUS,0,0,0,101,0,0,0,0,5,0,0,110,16.041548,4.880914
110.3131,44,ROTORCRAFT_STATUS,0,0,0,101,0,0,0,0,5,0,0,110,16.041548,4.880914
110.3331,44,ROTORCRAFT_STATUS,0,0,0,101,0,0,0,0,5,0,0,110,16.041548,4.880914
110.3531,44,ROTORCRAFT_STATUS,0,0,0,101,0,0,0,0,5,0,0,110,16.041548,4.880914
110.3731,44,ROTORCRAFT_STATUS,0,0,0,101,0,0,0,0,5,0,0,110,16.041548,4.880914
110.3931,44,ROTORCRAFT_STATUS,0,0,0,101,0,0,0,0,5,0,0,110,16.066618,4.889385
110.4131,44,ROTORCRAFT_STATUS,0,0,0,101,0,0,0,0,5,0,0,110,16.066618,4.889385
110.4331,44,ROTORCRAFT_STATUS,0,0,0,101,0,0,0,0,5,0,0,110,16.066618,4.889385
110.4531,44,ROTORCRAFT_STATUS,0,0,0,101,0,0,0,0,5,0,0,110,16.066618,4.889385
110.4731,44,ROTORCRAFT_STATUS,0,0,0,101,0,0,0,0,5,0,0,110,16.066618,4.889385
110.4931,44,ROTORCRAFT_STATUS,0,0,0,101,0,0,0,0,5,0,0,110,15.979179,4.846075
110.5131,44,ROTORCRAFT_STATUS,0,0,0,101,0,0,0,0,5,0,0,110,15.979179,4.846075
110.5331,44,ROTORCRAFT_STATUS,0,0,0,101,0,0,0,0,5,0,0,110,15.979179,4.846075
110.5531,44,ROTORCRAFT_STATUS,0,0,0,101,0,0,0,0,5,0,0,110,15.979179,4.846075
110.5731,44,ROTORCRAFT_STATUS,0,0,0,101,0,0,0,0,5,0,0,110,15.979179,4.846075
110.5931,44,ROTORCRAFT_STATUS,0,0,0,101,0,0,0,0,5,0,0,110,15.984683,4.836175
110.6131,44,ROTORCRAFT_STATUS,0,0,0,101,0,0,0,0,5,0,0,110,15.984683,4.836175
110.6331,44,ROTORCRAFT_STATUS,0,0,0,101,0,0,0,0,5,0,0,110,15.984683,4.836175
110.6531,44,ROTORCRAFT_STATUS,0,0,0,101,0,0,0,0,5,0,0,110,15.984683,4.836175
110.6731,44,ROTORCRAFT_STATUS,0,0,0,101,0,0,0,0,5,0,0,110,15.984683,4.836175
110.6931,44,ROTORCRAFT_STATUS,0,0,0,101,0,0,0,0,5,0,0,110,16.058058,4.881675
110.7131,44,ROTORCRAFT_STATUS,0,0,0,101,0,0,0,0,5,0,0,110,16.058058,4.881675
110.7331,44,ROTORCRAFT_STATUS,0,0,0,101,0,0,0,0,5,0,0,110,16.058058,4.881675
110.7531,44,ROTORCRAFT_STATUS,0,0,0,101,0,0,0,0,5,0,0,110,16.058058,4.881675
110.7731,44,ROTORCRAFT_STATUS,0,0,0,101,0,0,0,0,5,0,0,110,16.058058,4.881675
110.7931,44,ROTORCRAFT_STATUS,0,0,0,101,0,0,0,0,5,0,0,110,16.07579,4.889005
110.8131,44,ROTORCRAFT_STATUS,0,0,0,101,0,0,0,0,5,0,0,110,16.07579,4.889005
110.8331,44,ROTORCRAFT_STATUS,0,0,0,101,0,0,0,0,5,0,0,110,16.07579,4.889005
110.8531,44,ROTORCRAFT_STATUS,0,0,0,101,0,0,0,0,5,0,0,110,16.07579,4.889005
110.8731,44,ROTORCRAFT_STATUS,0,0,0,101,0,0,0,0,5,0,0,110,16.07579,4.889005
110.8931,44,ROTORCRAFT_STATUS,0,0,0,101,0,0,0,0,5,0,0,110,15.865449,4.780586
110.9131,44,ROTORCRAFT_STATUS,0,0,0,101,0,0,0,0,5,0,0,110,15.865449,4.780586
110.9331,44,ROTORCRAFT_STATUS,0,0,0,101,0,0,0,0,5,0,0,110,15.865449,4.780586
110.9531,44,ROTORCRAFT_STATUS,0,0,0,101,0,0,0,0,5,0,0,110,15.865449,4.780586
110.9731,44,ROTORCRAFT_STATUS,0,0,0,101,0,0,0,0,5,0,0,110,15.865449,4.780586
110.9931,44,ROTORCRAFT_STATUS,0,0,0,101,0,0,0,0,5,0,0,110,15.985294,4.833701
111.0131,44,ROTORCRAFT_STATUS,0,0,0,101,0,0,0,0,5,0,0,111,15.985294,4.833701
111.0331,44,ROTORCRAFT_STATUS,0,0,0,101,0,0,0,0,5,0,0,111,15.985294,4.833701
111.0531,44,ROTORCRAFT_STATUS,0,0,0,101,0,0,0,0,5,0,0,111,15.985294,4.833701
111.0731,44,ROTORCRAFT_STATUS,0,0,0,101,0,0,0,0,5,0,0,111,15.985294,4.833701
111.0931,44,ROTORCRAFT_STATUS,0,0,0,101,0,0,0,0,5,0,0,111,15.981014,4.83056
111.1131,44,ROTORCRAFT_STATUS,0,0,0,101,0,0,0,0,5,0,0,111,15.981014,4.83056
111.1331,44,ROTORCRAFT_STATUS,0,0,0,101,0,0,0,0,5,0,0,111,15.981014,4.83056
111.1531,44,ROTORCRAFT_STATUS,0,0,0,101,0,0,0,0,5,0,0,111,15.981014,4.83056
111.1731,44,ROTORCRAFT_STATUS,0,0,0,101,0,0,0,0,5,0,0,111,15.981014,4.83056
111.1931,44,ROTORCRAFT_STATUS,0,0,0,101,0,0,0,0,5,0,0,111,16.091076,4.88691
111.2131,44,ROTORCRAFT_STATUS,0,0,0,101,0,0,0,0,5,0,0,111,16.091076,4.88691
111.2331,44,ROTORCRAFT_STATUS,0,0,0,101,0,0,0,0,5,0,0,111,16.091076,4.88691
111.2531,44,ROTORCRAFT_STATUS,0,0,0,105,0,0,0,0,5,0,0,111,16.091076,4.88691
111.2731,44,ROTORCRAFT_STATUS,0,0,0,105,0,0,0,0,5,0,0,111,16.091076,4.88691
111.2931,44,ROTORCRAFT_STATUS,0,0,0,105,0,0,0,0,5,0,0,111,16.07212,4.884626
111.3131,44,ROTORCRAFT_STATUS,0,0,0,105,0,0,0,0,5,0,0,111,16.07212,4.884626
111.3331,44,ROTORCRAFT_STATUS,0,0,0,105,0,0,0,0,5,0,0,111,16.07212,4.884626
111.3531,44,ROTORCRAFT_STATUS,0,0,0,105,0,0,0,0,5,0,0,111,16.07212,4.884626
111.3731,44,ROTORCRAFT_STATUS,0,0,0,105,0,0,0,0,5,0,0,111,16.07212,4.884626
111.3931,44,ROTORCRAFT_STATUS,0,0,0,105,0,0,0,0,5,0,0,111,15.842214,4.772115
111.4131,44,ROTORCRAFT_STATUS,0,0,0,105,0,0,0,0,5,0,0,111,15.842214,4.772115
111.4331,44,ROTORCRAFT_STATUS,0,0,0,105,0,0,0,0,5,0,0,111,15.842214,4.772115
111.4531,44,ROTORCRAFT_STATUS,0,0,0,105,0,0,0,0,5,0,0,111,15.842214,4.772115
111.4731,44,ROTORCRAFT_STATUS,0,0,0,105,0,0,0,0,5,0,0,111,15.842214,4.772115
111.4931,44,ROTORCRAFT_STATUS,0,0,0,105,0,0,0,0,5,0,0,111,15.987128,4.832463
111.5131,44,ROTORCRAFT_STATUS,0,0,0,105,0,0,0,0,5,0,0,111,15.987128,4.832463
111.5331,44,ROTORCRAFT_STATUS,0,0,0,105,0,0,0,0,5,0,0,111,15.987128,4.832463
111.5531,44,ROTORCRAFT_STATUS,0,0,0,105,0,0,0,0,5,0,0,111,15.987128,4.832463
111.5731,44,ROTORCRAFT_STATUS,0,0,0,105,0,0,0,0,5,0,0,111,15.987128,4.832463
111.5931,44,ROTORCRAFT_STATUS,0,0,0,105,0,0,0,0,5,0,0,111,16.002415,4.836461
111.6131,44,ROTORCRAFT_STATUS,0,0,0,105,0,0,0,0,5,0,0,111,16.002415,4.836461
111.6331,44,ROTORCRAFT_STATUS,0,0,0,105,0,0,0,0,5,0,0,111,16.002415,4.836461
111.6531,44,ROTORCRAFT_STATUS,0,0,0,105,0,0,0,0,5,0,0,111,16.002415,4.836461
111.6731,44,ROTORCRAFT_STATUS,0,0,0,105,0,0,0,0,5,0,0,111,16.002415,4.836461
111.6931,44,ROTORCRAFT_STATUS,0,0,0,105,0,0,0,0,5,0,0,111,16.091688,4.886244
111.7131,44,ROTORCRAFT_STATUS,0,0,0,105,0,0,0,0,5,0,0,111,16.091688,4.886244
111.7331,44,ROTORCRAFT_STATUS,0,0,0,105,0,0,0,0,5,0,0,111,16.091688,4.886244
111.7531,44,ROTORCRAFT_STATUS,0,0,0,105,0,0,0,0,5,0,0,111,16.091688,4.886244
111.7731,44,ROTORCRAFT_STATUS,0,0,0,105,0,0,0,0,5,0,0,111,16.091688,4.886244
111.7931,44,ROTORCRAFT_STATUS,0,0,0,105,0,0,0,0,5,0,0,111,15.952887,4.847027
111.8131,44,ROTORCRAFT_STATUS,0,0,0,105,0,0,0,0,5,0,0,111,15.952887,4.847027
111.8331,44,ROTORCRAFT_STATUS,0,0,0,105,0,0,0,0,5,0,0,111,15.952887,4.847027
111.8531,44,ROTORCRAFT_STATUS,0,0,0,105,0,0,0,0,5,0,0,111,15.952887,4.847027
111.8731,44,ROTORCRAFT_STATUS,0,0,0,105,0,0,0,0,5,0,0,111,15.952887,4.847027
111.8931,44,ROTORCRAFT_STATUS,0,0,0,105,0,0,0,0,5,0,0,111,16.077013,4.879867
111.9131,44,ROTORCRAFT_STATUS,0,0,0,105,0,0,0,0,5,0,0,111,16.077013,4.879867
111.9331,44,ROTORCRAFT_STATUS,0,0,0,105,0,0,0,0,5,0,0,111,16.077013,4.879867
111.9531,44,ROTORCRAFT_STATUS,0,0,0,105,0,0,0,0,5,0,0,111,16.077013,4.879867
111.9731,44,ROTORCRAFT_STATUS,0,0,0,105,0,0,0,0,5,0,0,111,16.077013,4.879867
111.9931,44,ROTORCRAFT_STATUS,0,0,0,105,0,0,0,0,5,0,0,111,15.998135,4.83332
112.0131,44,ROTORCRAFT_STATUS,0,0,0,105,0,0,0,0,5,0,0,112,15.998135,4.83332
112.0331,44,ROTORCRAFT_STATUS,0,0,0,105,0,0,0,0,5,0,0,112,15.998135,4.83332
112.0531,44,ROTORCRAFT_STATUS,0,0,0,105,0,0,0,0,5,0,0,112,15.998135,4.83332
112.0731,44,ROTORCRAFT_STATUS,0,0,0,105,0,0,0,0,5,0,0,112,15.998135,4.83332
112.0931,44,ROTORCRAFT_STATUS,0,0,0,105,0,0,0,0,5,0,0,112,15.883793,4.743654
112.1131,44,ROTORCRAFT_STATUS,0,0,0,105,0,0,0,0,5,0,0,112,15.883793,4.743654
112.1331,44,ROTORCRAFT_STATUS,0,0,0,105,0,0,0,0,5,0,0,112,15.883793,4.743654
112.1531,44,ROTORCRAFT_STATUS,0,0,0,105,0,0,0,0,5,0,0,112,15.883793,4.743654
112.1731,44,ROTORCRAFT_STATUS,0,0,0,105,0,0,0,0,5,0,0,112,15.883793,4.743654
112.1931,44,ROTORCRAFT_STATUS,0,0,0,105,0,0,0,0,5,0,0,112,16.120426,4.89443
112.2131,44,ROTORCRAFT_STATUS,0,0,0,105,0,0,0,0,5,0,0,112,16.120426,4.89443
112.2331,44,ROTORCRAFT_STATUS,0,0,0,105,0,0,0,0,5,0,0,112,16.120426,4.89443
112.2531,44,ROTORCRAFT_STATUS,0,0,0,105,0,0,0,0,5,0,0,112,16.120426,4.89443
112.2731,44,ROTORCRAFT_STATUS,0,0,0,102,0,0,0,0,5,0,0,112,16.120426,4.89443
112.2931,44,ROTORCRAFT_STATUS,0,0,0,102,0,0,0,0,5,0,0,112,15.932709,4.827418
112.3131,44,ROTORCRAFT_STATUS,0,0,0,102,0,0,0,0,5,0,0,112,15.932709,4.827418
112.3331,44,ROTORCRAFT_STATUS,0,0,0,102,0,0,0,0,5,0,0,112,15.932709,4.827418
112.3531,44,ROTORCRAFT_STATUS,0,0,0,102,0,0,0,0,5,0,0,112,15.932709,4.827418
112.3731,44,ROTORCRAFT_STATUS,0,0,0,102,0,0,0,0,5,0,0,112,15.932709,4.827418
112.3931,44,ROTORCRAFT_STATUS,0,0,0,102,0,0,0,0,5,0,0,112,16.082516,4.876916
112.4131,44,ROTORCRAFT_STATUS,0,0,0,102,0,0,0,0,5,0,0,112,16.082516,4.876916
112.4331,44,ROTORCRAFT_STATUS,0,0,0,102,0,0,0,0,5,0,0,112,16.082516,4.876916
112.4531,44,ROTORCRAFT_STATUS,0,0,0,102,0,0,0,0,5,0,0,112,16.082516,4.876916
112.4731,44,ROTORCRAFT_STATUS,0,0,0,102,0,0,0,0,5,0,0,112,16.082516,4.876916
112.4931,44,ROTORCRAFT_STATUS,0,0,0,102,0,0,0,0,5,0,0,112,16.036045,4.843791
112.5131,44,ROTORCRAFT_STATUS,0,0,0,102,0,0,0,0,5,0,0,112,16.036045,4.843791
112.5331,44,ROTORCRAFT_STATUS,0,0,0,102,0,0,0,0,5,0,0,112,16.036045,4.843791
112.5531,44,ROTORCRAFT_STATUS,0,0,0,102,0,0,0,0,5,0,0,112,16.036045,4.843791
112.5731,44,ROTORCRAFT_STATUS,0,0,0,102,0,0,0,0,5,0,0,112,16.036045,4.843791
112.5931,44,ROTORCRAFT_STATUS,0,0,0,102,0,0,0,0,5,0,0,112,15.888684,4.739656
112.6131,44,ROTORCRAFT_STATUS,0,0,0,102,0,0,0,0,5,0,0,112,15.888684,4.739656
112.6331,44,ROTORCRAFT_STATUS,0,0,0,102,0,0,0,0,5,0,0,112,15.888684,4.739656
112.6531,44,ROTORCRAFT_STATUS,0,0,0,102,0,0,0,0,5,0,0,112,15.888684,4.739656
112.6731,44,ROTORCRAFT_STATUS,0,0,0,102,0,0,0,0,5,0,0,112,15.888684,4.739656
112.6931,44,ROTORCRAFT_STATUS,0,0,0,102,0,0,0,0,5,0,0,112,16.098413,4.882722
112.7131,44,ROTORCRAFT_STATUS,0,0,0,102,0,0,0,0,5,0,0,112,16.098413,4.882722
112.7331,44,ROTORCRAFT_STATUS,0,0,0,102,0,0,0,0,5,0,0,112,16.098413,4.882722
112.7531,44,ROTORCRAFT_STATUS,0,0,0,102,0,0,0,0,5,0,0,112,16.098413,4.882722
112.7731,44,ROTORCRAFT_STATUS,0,0,0,102,0,0,0,0,5,0,0,112,16.098413,4.882722
112.7931,44,ROTORCRAFT_STATUS,0,0,0,102,0,0,0,0,5,0,0,112,16.090466,4.879867
112.8131,44,ROTORCRAFT_STATUS,0,0,0,102,0,0,0,0,5,0,0,112,16.090466,4.879867
112.8331,44,ROTORCRAFT_STATUS,0,0,0,102,0,0,0,0,5,0,0,112,16.090466,4.879867
112.8531,44,ROTORCRAFT_STATUS,0,0,0,102,0,0,0,0,5,0,0,112,16.090466,4.879867
112.8731,44,ROTORCRAFT_STATUS,0,0,0,102,0,0,0,0,5,0,0,112,16.090466,4.879867
112.8931,44,ROTORCRAFT_STATUS,0,0,0,102,0,0,0,0,5,0,0,112,16.113089,4.888814
112.9131,44,ROTORCRAFT_STATUS,0,0,0,102,0,0,0,0,5,0,0,112,16.113089,4.888814
112.9331,44,ROTORCRAFT_STATUS,0,0,0,102,0,0,0,0,5,0,0,112,16.113089,4.888814
112.9531,44,ROTORCRAFT_STATUS,0,0,0,102,0,0,0,0,5,0,0,112,16.113089,4.888814
112.9731,44,ROTORCRAFT_STATUS,0,0,0,102,0,0,0,0,5,0,0,112,16.113089,4.888814
112.9931,44,ROTORCRAFT_STATUS,0,0,0,102,0,0,0,0,5,0,0,112,16.040325,4.843886
113.0131,44,ROTORCRAFT_STATUS,0,0,0,102,0,0,0,0,5,0,0,113,16.040325,4.843886
113.0331,44,ROTORCRAFT_STATUS,0,0,0,102,0,0,0,0,5,0,0,113,16.040325,4.843886
113.0531,44,ROTORCRAFT_STATUS,0,0,0,102,0,0,0,0,5,0,0,113,16.040325,4.843886
113.0731,44,ROTORCRAFT_STATUS,0,0,0,102,0,0,0,0,5,0,0,113,16.040325,4.843886
113.0931,44,ROTORCRAFT_STATUS,0,0,0,102,0,0,0,0,5,0,0,113,15.810418,4.713574
113.1131,44,ROTORCRAFT_STATUS,0,0,0,102,0,0,0,0,5,0,0,113,15.810418,4.713574
113.1331,44,ROTORCRAFT_STATUS,0,0,0,102,0,0,0,0,5,0,0,113,15.810418,4.713574
113.1531,44,ROTORCRAFT_STATUS,0,0,0,102,0,0,0,0,5,0,0,113,15.810418,4.713574
113.1731,44,ROTORCRAFT_STATUS,0,0,0,102,0,0,0,0,5,0,0,113,15.810418,4.713574
113.1931,44,ROTORCRAFT_STATUS,0,0,0,102,0,0,0,0,5,0,0,113,16.106974,4.881485
113.2131,44,ROTORCRAFT_STATUS,0,0,0,102,0,0,0,0,5,0,0,113,16.106974,4.881485
113.2331,44,ROTORCRAFT_STATUS,0,0,0,102,0,0,0,0,5,0,0,113,16.106974,4.881485
113.2531,44,ROTORCRAFT_STATUS,0,0,0,102,0,0,0,0,5,0,0,113,16.106974,4.881485
113.2731,44,ROTORCRAFT_STATUS,0,0,0,102,0,0,0,0,5,0,0,113,16.106974,4.881485
113.2931,44,ROTORCRAFT_STATUS,0,0,0,107,0,0,0,0,5,0,0,113,16.091688,4.87644
113.3131,44,ROTORCRAFT_STATUS,0,0,0,107,0,0,0,0,5,0,0,113,16.091688,4.87644
113.3331,44,ROTORCRAFT_STATUS,0,0,0,107,0,0,0,0,5,0,0,113,16.091688,4.87644
113.3531,44,ROTORCRAFT_STATUS,0,0,0,107,0,0,0,0,5,0,0,113,16.091688,4.87644
113.3731,44,ROTORCRAFT_STATUS,0,0,0,107,0,0,0,0,5,0,0,113,16.091688,4.87644
113.3931,44,ROTORCRAFT_STATUS,0,0,0,107,0,0,0,0,5,0,0,113,16.125929,4.88672
113.4131,44,ROTORCRAFT_STATUS,0,0,0,107,0,0,0,0,5,0,0,113,16.125929,4.88672
113.4331,44,ROTORCRAFT_STATUS,0,0,0,107,0,0,0,0,5,0,0,113,16.125929,4.88672
113.4531,44,ROTORCRAFT_STATUS,0,0,0,107,0,0,0,0,5,0,0,113,16.125929,4.88672
113.4731,44,ROTORCRAFT_STATUS,0,0,0,107,0,0,0,0,5,0,0,113,16.125929,4.88672
113.4931,44,ROTORCRAFT_STATUS,0,0,0,107,0,0,0,0,5,0,0,113,16.023205,4.828275
113.5131,44,ROTORCRAFT_STATUS,0,0,0,107,0,0,0,0,5,0,0,113,16.023205,4.828275
113.5331,44,ROTORCRAFT_STATUS,0,0,0,107,0,0,0,0,5,0,0,113,16.023205,4.828275
113.5531,44,ROTORCRAFT_STATUS,0,0,0,107,0,0,0,0,5,0,0,113,16.023205,4.828275
113.5731,44,ROTORCRAFT_STATUS,0,0,0,107,0,0,0,0,5,0,0,113,16.023205,4.828275
113.5931,44,ROTORCRAFT_STATUS,0,0,0,107,0,0,0,0,5,0,0,113,15.807972,4.713004
113.6131,44,ROTORCRAFT_STATUS,0,0,0,107,0,0,0,0,5,0,0,113,15.807972,4.713004
113.6331,44,ROTORCRAFT_STATUS,0,0,0,107,0,0,0,0,5,0,0,113,15.807972,4.713004
113.6531,44,ROTORCRAFT_STATUS,0,0,0,107,0,0,0,0,5,0,0,113,15.807972,4.713004
113.6731,44,ROTORCRAFT_STATUS,0,0,0,107,0,0,0,0,5,0,0,113,15.807972,4.713004
113.6931,44,ROTORCRAFT_STATUS,0,0,0,107,0,0,0,0,5,0,0,113,16.114311,4.880628
113.7131,44,ROTORCRAFT_STATUS,0,0,0,107,0,0,0,0,5,0,0,113,16.114311,4.880628
113.7331,44,ROTORCRAFT_STATUS,0,0,0,107,0,0,0,0,5,0,0,113,16.114311,4.880628
113.7531,44,ROTORCRAFT_STATUS,0,0,0,107,0,0,0,0,5,0,0,113,16.114311,4.880628
113.7731,44,ROTORCRAFT_STATUS,0,0,0,107,0,0,0,0,5,0,0,113,16.114311,4.880628
113.7931,44,ROTORCRAFT_STATUS,0,0,0,107,0,0,0,0,5,0,0,113,15.912531,4.768497
113.8131,44,ROTORCRAFT_STATUS,0,0,0,107,0,0,0,0,5,0,0,113,15.912531,4.768497
113.8331,44,ROTORCRAFT_STATUS,0,0,0,107,0,0,0,0,5,0,0,113,15.912531,4.768497
113.8531,44,ROTORCRAFT_STATUS,0,0,0,107,0,0,0,0,5,0,0,113,15.912531,4.768497
113.8731,44,ROTORCRAFT_STATUS,0,0,0,107,0,0,0,0,5,0,0,113,15.912531,4.768497
113.8931,44,ROTORCRAFT_STATUS,0,0,0,107,0,0,0,0,5,0,0,113,15.914977,4.76745
113.9131,44,ROTORCRAFT_STATUS,0,0,0,107,0,0,0,0,5,0,0,113,15.914977,4.76745
113.9331,44,ROTORCRAFT_STATUS,0,0,0,107,0,0,0,0,5,0,0,113,15.914977,4.76745
113.9531,44,ROTORCRAFT_STATUS,0,0,0,107,0,0,0,0,5,0,0,113,15.914977,4.76745
113.9731,44,ROTORCRAFT_STATUS,0,0,0,107,0,0,0,0,5,0,0,113,15.914977,4.76745
113.9931,44,ROTORCRAFT_STATUS,0,0,0,107,0,0,0,0,5,0,0,113,16.031765,4.833796
114.0131,44,ROTORCRAFT_STATUS,0,0,0,107,0,0,0,0,5,0,0,114,16.031765,4.833796
114.0331,44,ROTORCRAFT_STATUS,0,0,0,107,0,0,0,0,5,0,0,114,16.031765,4.833796
114.0531,44,ROTORCRAFT_STATUS,0,0,0,107,0,0,0,0,5,0,0,114,16.031765,4.833796
114.0731,44,ROTORCRAFT_STATUS,0,0,0,107,0,0,0,0,5,0,0,114,16.031765,4.833796
114.0931,44,ROTORCRAFT_STATUS,0,0,0,107,0,0,0,0,5,0,0,114,15.960836,4.829417
114.1131,44,ROTORCRAFT_STATUS,0,0,0,107,0,0,0,0,5,0,0,114,15.960836,4.829417
114.1331,44,ROTORCRAFT_STATUS,0,0,0,107,0,0,0,0,5,0,0,114,15.960836,4.829417
114.1531,44,ROTORCRAFT_STATUS,0,0,0,107,0,0,0,0,5,0,0,114,15.960836,4.829417
114.1731,44,ROTORCRAFT_STATUS,0,0,0,107,0,0,0,0,5,0,0,114,15.960836,4.829417
114.1931,44,ROTORCRAFT_STATUS,0,0,0,107,0,0,0,0,5,0,0,114,16.144272,4.892336
114.2131,44,ROTORCRAFT_STATUS,0,0,0,107,0,0,0,0,5,0,0,114,16.144272,4.892336
114.2331,44,ROTORCRAFT_STATUS,0,0,0,107,0,0,0,0,5,0,0,114,16.144272,4.892336
114.2531,44,ROTORCRAFT_STATUS,0,0,0,107,0,0,0,0,5,0,0,114,16.144272,4.892336
114.2731,44,ROTORCRAFT_STATUS,0,0,0,107,0,0,0,0,5,0,0,114,16.144272,4.892336
114.2931,44,ROTORCRAFT_STATUS,0,0,0,107,0,0,0,0,5,0,0,114,15.921702,4.805906
114.3131,44,ROTORCRAFT_STATUS,0,0,0,105,0,0,0,0,5,0,0,114,15.921702,4.805906
114.3331,44,ROTORCRAFT_STATUS,0,0,0,105,0,0,0,0,5,0,0,114,15.921702,4.805906
114.3531,44,ROTORCRAFT_STATUS,0,0,0,105,0,0,0,0,5,0,0,114,15.921702,4.805906
114.3731,44,ROTORCRAFT_STATUS,0,0,0,105,0,0,0,0,5,0,0,114,15.921702,4.805906
114.3931,44,ROTORCRAFT_STATUS,0,0,0,105,0,0,0,0,5,0,0,114,16.109419,4.872918
114.4131,44,ROTORCRAFT_STATUS,0,0,0,105,0,0,0,0,5,0,0,114,16.109419,4.872918
114.4331,44,ROTORCRAFT_STATUS,0,0,0,105,0,0,0,0,5,0,0,114,16.109419,4.872918
114.4531,44,ROTORCRAFT_STATUS,0,0,0,105,0,0,0,0,5,0,0,114,16.109419,4.872918
114.4731,44,ROTORCRAFT_STATUS,0,0,0,105,0,0,0,0,5,0,0,114,16.109419,4.872918
114.4931,44,ROTORCRAFT_STATUS,0,0,0,105,0,0,0,0,5,0,0,114,16.032988,4.829513
114.5131,44,ROTORCRAFT_STATUS,0,0,0,105,0,0,0,0,5,0,0,114,16.032988,4.829513
114.5331,44,ROTORCRAFT_STATUS,0,0,0,105,0,0,0,0,5,0,0,114,16.032988,4.829513
114.5531,44,ROTORCRAFT_STATUS,0,0,0,105,0,0,0,0,5,0,0,114,16.032988,4.829513
114.5731,44,ROTORCRAFT_STATUS,0,0,0,105,0,0,0,0,5,0,0,114,16.032988,4.829513
114.5931,44,ROTORCRAFT_STATUS,0,0,0,105,0,0,0,0,5,0,0,114,16.048275,4.835224
114.6131,44,ROTORCRAFT_STATUS,0,0,0,105,0,0,0,0,5,0,0,114,16.048275,4.835224
114.6331,44,ROTORCRAFT_STATUS,0,0,0,105,0,0,0,0,5,0,0,114,16.048275,4.835224
114.6531,44,ROTORCRAFT_STATUS,0,0,0,105,0,0,0,0,5,0,0,114,16.048275,4.835224
114.6731,44,ROTORCRAFT_STATUS,0,0,0,105,0,0,0,0,5,0,0,114,16.048275,4.835224
114.6931,44,ROTORCRAFT_STATUS,0,0,0,105,0,0,0,0,5,0,0,114,16.16384,4.889956
114.7131,44,ROTORCRAFT_STATUS,0,0,0,105,0,0,0,0,5,0,0,114,16.16384,4.889956
114.7331,44,ROTORCRAFT_STATUS,0,0,0,105,0,0,0,0,5,0,0,114,16.16384,4.889956
114.7531,44,ROTORCRAFT_STATUS,0,0,0,105,0,0,0,0,5,0,0,114,16.16384,4.889956
114.7731,44,ROTORCRAFT_STATUS,0,0,0,105,0,0,0,0,5,0,0,114,16.16384,4.889956
114.7931,44,ROTORCRAFT_STATUS,0,0,0,105,0,0,0,0,5,0,0,114,16.058058,4.867588
114.8131,44,ROTORCRAFT_STATUS,0,0,0,105,0,0,0,0,5,0,0,114,16.058058,4.867588
114.8331,44,ROTORCRAFT_STATUS,0,0,0,105,0,0,0,0,5,0,0,114,16.058058,4.867588
114.8531,44,ROTORCRAFT_STATUS,0,0,0,105,0,0,0,0,5,0,0,114,16.058058,4.867588
114.8731,44,ROTORCRAFT_STATUS,0,0,0,105,0,0,0,0,5,0,0,114,16.058058,4.867588
114.8931,44,ROTORCRAFT_STATUS,0,0,0,105,0,0,0,0,5,0,0,114,16.124706,4.880628
114.9131,44,ROTORCRAFT_STATUS,0,0,0,105,0,0,0,0,5,0,0,114,16.124706,4.880628
114.9331,44,ROTORCRAFT_STATUS,0,0,0,105,0,0,0,0,5,0,0,114,16.124706,4.880628
114.9531,44,ROTORCRAFT_STATUS,0,0,0,105,0,0,0,0,5,0,0,114,16.124706,4.880628
114.9731,44,ROTORCRAFT_STATUS,0,0,0,105,0,0,0,0,5,0,0,114,16.124706,4.880628
114.9931,44,ROTORCRAFT_STATUS,0,0,0,105,0,0,0,0,5,0,0,114,16.050108,4.835509
115.0131,44,ROTORCRAFT_STATUS,0,0,0,105,0,0,0,0,5,0,0,115,16.050108,4.835509
115.0331,44,ROTORCRAFT_STATUS,0,0,0,105,0,0,0,0,5,0,0,115,16.050108,4.835509
115.0531,44,ROTORCRAFT_STATUS,0,0,0,105,0,0,0,0,5,0,0,115,16.050108,4.835509
115.0731,44,ROTORCRAFT_STATUS,0,0,0,105,0,0,0,0,5,0,0,115,16.050108,4.835509
115.0931,44,ROTORCRAFT_STATUS,0,0,0,105,0,0,0,0,5,0,0,115,16.07212,4.844552
115.1131,44,ROTORCRAFT_STATUS,0,0,0,105,0,0,0,0,5,0,0,115,16.07212,4.844552
115.1331,44,ROTORCRAFT_STATUS,0,0,0,105,0,0,0,0,5,0,0,115,16.07212,4.844552
115.1531,44,ROTORCRAFT_STATUS,0,0,0,105,0,0,0,0,5,0,0,115,16.07212,4.844552
115.1731,44,ROTORCRAFT_STATUS,0,0,0,105,0,0,0,0,5,0,0,115,16.07212,4.844552
115.1931,44,ROTORCRAFT_STATUS,0,0,0,105,0,0,0,0,5,0,0,115,16.156502,4.892146
115.2131,44,ROTORCRAFT_STATUS,0,0,0,105,0,0,0,0,5,0,0,115,16.156502,4.892146
115.2331,44,ROTORCRAFT_STATUS,0,0,0,105,0,0,0,0,5,0,0,115,16.156502,4.892146
115.2531,44,ROTORCRAFT_STATUS,0,0,0,105,0,0,0,0,5,0,0,115,16.156502,4.892146
115.2731,44,ROTORCRAFT_STATUS,0,0,0,105,0,0,0,0,5,0,0,115,16.156502,4.892146
115.2931,44,ROTORCRAFT_STATUS,0,0,0,105,0,0,0,0,5,0,0,115,16.01281,4.796387
115.3131,44,ROTORCRAFT_STATUS,0,0,0,105,0,0,0,0,5,0,0,115,16.01281,4.796387
115.3331,44,ROTORCRAFT_STATUS,0,0,0,102,0,0,0,0,5,0,0,115,16.01281,4.796387
115.3531,44,ROTORCRAFT_STATUS,0,0,0,102,0,0,0,0,5,0,0,115,16.01281,4.796387
115.3731,44,ROTORCRAFT_STATUS,0,0,0,102,0,0,0,0,5,0,0,115,16.01281,4.796387
115.3931,44,ROTORCRAFT_STATUS,0,0,0,102,0,0,0,0,5,0,0,115,16.118591,4.875583
115.4131,44,ROTORCRAFT_STATUS,0,0,0,102,0,0,0,0,5,0,0,115,16.118591,4.875583
115.4331,44,ROTORCRAFT_STATUS,0,0,0,102,0,0,0,0,5,0,0,115,16.118591,4.875583
115.4531,44,ROTORCRAFT_STATUS,0,0,0,102,0,0,0,0,5,0,0,115,16.118591,4.875583
115.4731,44,ROTORCRAFT_STATUS,0,0,0,102,0,0,0,0,5,0,0,115,16.118591,4.875583
115.4931,44,ROTORCRAFT_STATUS,0,0,0,102,0,0,0,0,5,0,0,115,16.064173,4.841887
115.5131,44,ROTORCRAFT_STATUS,0,0,0,102,0,0,0,0,5,0,0,115,16.064173,4.841887
115.5331,44,ROTORCRAFT_STATUS,0,0,0,102,0,0,0,0,5,0,0,115,16.064173,4.841887
115.5531,44,ROTORCRAFT_STATUS,0,0,0,102,0,0,0,0,5,0,0,115,16.064173,4.841887
115.5731,44,ROTORCRAFT_STATUS,0,0,0,102,0,0,0,0,5,0,0,115,16.064173,4.841887
115.5931,44,ROTORCRAFT_STATUS,0,0,0,102,0,0,0,0,5,0,0,115,16.066618,4.841316
115.6131,44,ROTORCRAFT_STATUS,0,0,0,102,0,0,0,0,5,0,0,115,16.066618,4.841316
115.6331,44,ROTORCRAFT_STATUS,0,0,0,102,0,0,0,0,5,0,0,115,16.066618,4.841316
115.6531,44,ROTORCRAFT_STATUS,0,0,0,102,0,0,0,0,5,0,0,115,16.066618,4.841316
115.6731,44,ROTORCRAFT_STATUS,0,0,0,102,0,0,0,0,5,0,0,115,16.066618,4.841316
115.6931,44,ROTORCRAFT_STATUS,0,0,0,102,0,0,0,0,5,0,0,115,16.126541,4.872157
115.7131,44,ROTORCRAFT_STATUS,0,0,0,102,0,0,0,0,5,0,0,115,16.126541,4.872157
115.7331,44,ROTORCRAFT_STATUS,0,0,0,102,0,0,0,0,5,0,0,115,16.126541,4.872157
115.7531,44,ROTORCRAFT_STATUS,0,0,0,102,0,0,0,0,5,0,0,115,16.126541,4.872157
115.7731,44,ROTORCRAFT_STATUS,0,0,0,102,0,0,0,0,5,0,0,115,16.126541,4.872157
115.7931,44,ROTORCRAFT_STATUS,0,0,0,102,0,0,0,0,5,0,0,115,15.988352,4.782395
115.8131,44,ROTORCRAFT_STATUS,0,0,0,102,0,0,0,0,5,0,0,115,15.988352,4.782395
115.8331,44,ROTORCRAFT_STATUS,0,0,0,102,0,0,0,0,5,0,0,115,15.988352,4.782395
115.8531,44,ROTORCRAFT_STATUS,0,0,0,102,0,0,0,0,5,0,0,115,15.988352,4.782395
115.8731,44,ROTORCRAFT_STATUS,0,0,0,102,0,0,0,0,5,0,0,115,15.988352,4.782395
115.8931,44,ROTORCRAFT_STATUS,0,0,0,102,0,0,0,0,5,0,0,115,16.124094,4.876059
115.9131,44,ROTORCRAFT_STATUS,0,0,0,102,0,0,0,0,5,0,0,115,16.124094,4.876059
115.9331,44,ROTORCRAFT_STATUS,0,0,0,102,0,0,0,0,5,0,0,115,16.124094,4.876059
115.9531,44,ROTORCRAFT_STATUS,0,0,0,102,0,0,0,0,5,0,0,115,16.124094,4.876059
115.9731,44,ROTORCRAFT_STATUS,0,0,0,102,0,0,0,0,5,0,0,115,16.124094,4.876059
115.9931,44,ROTORCRAFT_STATUS,0,0,0,102,0,0,0,0,5,0,0,115,16.0764,4.841601
116.0131,44,ROTORCRAFT_STATUS,0,0,0,102,0,0,0,0,5,0,0,116,16.0764,4.841601
116.0331,44,ROTORCRAFT_STATUS,0,0,0,102,0,0,0,0,5,0,0,116,16.0764,4.841601
116.0531,44,ROTORCRAFT_STATUS,0,0,0,102,0,0,0,0,5,0,0,116,16.0764,4.841601
116.0731,44,ROTORCRAFT_STATUS,0,0,0,102,0,0,0,0,5,0,0,116,16.0764,4.841601
116.0931,44,ROTORCRAFT_STATUS,0,0,0,102,0,0,0,0,5,0,0,116,15.829985,4.750412
116.1131,44,ROTORCRAFT_STATUS,0,0,0,102,0,0,0,0,5,0,0,116,15.829985,4.750412
116.1331,44,ROTORCRAFT_STATUS,0,0,0,102,0,0,0,0,5,0,0,116,15.829985,4.750412
116.1531,44,ROTORCRAFT_STATUS,0,0,0,102,0,0,0,0,5,0,0,116,15.829985,4.750412
116.1731,44,ROTORCRAFT_STATUS,0,0,0,102,0,0,0,0,5,0,0,116,15.829985,4.750412
116.1931,44,ROTORCRAFT_STATUS,0,0,0,102,0,0,0,0,5,0,0,116,16.144884,4.878248
116.2131,44,ROTORCRAFT_STATUS,0,0,0,102,0,0,0,0,5,0,0,116,16.144884,4.878248
116.2331,44,ROTORCRAFT_STATUS,0,0,0,102,0,0,0,0,5,0,0,116,16.144884,4.878248
116.2531,44,ROTORCRAFT_STATUS,0,0,0,102,0,0,0,0,5,0,0,116,16.144884,4.878248
116.2731,44,ROTORCRAFT_STATUS,0,0,0,102,0,0,0,0,5,0,0,116,16.144884,4.878248
116.2931,44,ROTORCRAFT_STATUS,0,0,0,102,0,0,0,0,5,0,0,116,15.902136,4.754981
116.3131,44,ROTORCRAFT_STATUS,0,0,0,102,0,0,0,0,5,0,0,116,15.902136,4.754981
116.3331,44,ROTORCRAFT_STATUS,0,0,0,102,0,0,0,0,5,0,0,116,15.902136,4.754981
116.3531,44,ROTORCRAFT_STATUS,0,0,0,104,0,0,0,0,5,0,0,116,15.902136,4.754981
116.3731,44,ROTORCRAFT_STATUS,0,0,0,104,0,0,0,0,5,0,0,116,15.902136,4.754981
116.3931,44,ROTORCRAFT_STATUS,0,0,0,104,0,0,0,0,5,0,0,116,16.149164,4.887958
116.4131,44,ROTORCRAFT_STATUS,0,0,0,104,0,0,0,0,5,0,0,116,16.149164,4.887958
116.4331,44,ROTORCRAFT_STATUS,0,0,0,104,0,0,0,0,5,0,0,116,16.149164,4.887958
116.4531,44,ROTORCRAFT_STATUS,0,0,0,104,0,0,0,0,5,0,0,116,16.149164,4.887958
116.4731,44,ROTORCRAFT_STATUS,0,0,0,104,0,0,0,0,5,0,0,116,16.149164,4.887958
116.4931,44,ROTORCRAFT_STATUS,0,0,0,104,0,0,0,0,5,0,0,116,16.023205,4.822945
116.5131,44,ROTORCRAFT_STATUS,0,0,0,104,0,0,0,0,5,0,0,116,16.023205,4.822945
116.5331,44,ROTORCRAFT_STATUS,0,0,0,104,0,0,0,0,5,0,0,116,16.023205,4.822945
116.5531,44,ROTORCRAFT_STATUS,0,0,0,104,0,0,0,0,5,0,0,116,16.023205,4.822945
116.5731,44,ROTORCRAFT_STATUS,0,0,0,104,0,0,0,0,5,0,0,116,16.023205,4.822945
116.5931,44,ROTORCRAFT_STATUS,0,0,0,104,0,0,0,0,5,0,0,116,15.993855,4.785251
116.6131,44,ROTORCRAFT_STATUS,0,0,0,104,0,0,0,0,5,0,0,116,15.993855,4.785251
116.6331,44,ROTORCRAFT_STATUS,0,0,0,104,0,0,0,0,5,0,0,116,15.993855,4.785251
116.6531,44,ROTORCRAFT_STATUS,0,0,0,104,0,0,0,0,5,0,0,116,15.993855,4.785251
116.6731,44,ROTORCRAFT_STATUS,0,0,0,104,0,0,0,0,5,0,0,116,15.993855,4.785251
116.6931,44,ROTORCRAFT_STATUS,0,0,0,104,0,0,0,0,5,0,0,116,16.149776,4.880057
116.7131,44,ROTORCRAFT_STATUS,0,0,0,104,0,0,0,0,5,0,0,116,16.149776,4.880057
116.7331,44,ROTORCRAFT_STATUS,0,0,0,104,0,0,0,0,5,0,0,116,16.149776,4.880057
116.7531,44,ROTORCRAFT_STATUS,0,0,0,104,0,0,0,0,5,0,0,116,16.149776,4.880057
116.7731,44,ROTORCRAFT_STATUS,0,0,0,104,0,0,0,0,5,0,0,116,16.149776,4.880057
116.7931,44,ROTORCRAFT_STATUS,0,0,0,104,0,0,0,0,5,0,0,116,16.144884,4.886339
116.8131,44,ROTORCRAFT_STATUS,0,0,0,104,0,0,0,0,5,0,0,116,16.144884,4.886339
116.8331,44,ROTORCRAFT_STATUS,0,0,0,104,0,0,0,0,5,0,0,116,16.144884,4.886339
116.8531,44,ROTORCRAFT_STATUS,0,0,0,104,0,0,0,0,5,0,0,116,16.144884,4.886339
116.8731,44,ROTORCRAFT_STATUS,0,0,0,104,0,0,0,0,5,0,0,116,16.144884,4.886339
116.8931,44,ROTORCRAFT_STATUS,0,0,0,104,0,0,0,0,5,0,0,116,16.167507,4.89186
116.9131,44,ROTORCRAFT_STATUS,0,0,0,104,0,0,0,0,5,0,0,116,16.167507,4.89186
116.9331,44,ROTORCRAFT_STATUS,0,0,0,104,0,0,0,0,5,0,0,116,16.167507,4.89186
116.9531,44,ROTORCRAFT_STATUS,0,0,0,104,0,0,0,0,5,0,0,116,16.167507,4.89186
116.9731,44,ROTORCRAFT_STATUS,0,0,0,104,0,0,0,0,5,0,0,116,16.167507,4.89186
116.9931,44,ROTORCRAFT_STATUS,0,0,0,104,0,0,0,0,5,0,0,116,16.009142,4.834462
117.0131,44,ROTORCRAFT_STATUS,0,0,0,104,0,0,0,0,5,0,0,117,16.009142,4.834462
117.0331,44,ROTORCRAFT_STATUS,0,0,0,104,0,0,0,0,5,0,0,117,16.009142,4.834462
117.0531,44,ROTORCRAFT_STATUS,0,0,0,104,0,0,0,0,5,0,0,117,16.009142,4.834462
117.0731,44,ROTORCRAFT_STATUS,0,0,0,104,0,0,0,0,5,0,0,117,16.009142,4.834462
117.0931,44,ROTORCRAFT_STATUS,0,0,0,104,0,0,0,0,5,0,0,117,16.07151,4.833035
117.1131,44,ROTORCRAFT_STATUS,0,0,0,104,0,0,0,0,5,0,0,117,16.07151,4.833035
117.1331,44,ROTORCRAFT_STATUS,0,0,0,104,0,0,0,0,5,0,0,117,16.07151,4.833035
117.1531,44,ROTORCRAFT_STATUS,0,0,0,104,0,0,0,0,5,0,0,117,16.07151,4.833035
117.1731,44,ROTORCRAFT_STATUS,0,0,0,104,0,0,0,0,5,0,0,117,16.07151,4.833035
117.1931,44,ROTORCRAFT_STATUS,0,0,0,104,0,0,0,0,5,0,0,117,16.170565,4.890242
117.2131,44,ROTORCRAFT_STATUS,0,0,0,104,0,0,0,0,5,0,0,117,16.170565,4.890242
117.2331,44,ROTORCRAFT_STATUS,0,0,0,104,0,0,0,0,5,0,0,117,16.170565,4.890242
117.2531,44,ROTORCRAFT_STATUS,0,0,0,104,0,0,0,0,5,0,0,117,16.170565,4.890242
117.2731,44,ROTORCRAFT_STATUS,0,0,0,104,0,0,0,0,5,0,0,117,16.170565,4.890242
117.2931,44,ROTORCRAFT_STATUS,0,0,0,104,0,0,0,0,5,0,0,117,16.157724,4.883674
117.3131,44,ROTORCRAFT_STATUS,0,0,0,104,0,0,0,0,5,0,0,117,16.157724,4.883674
117.3331,44,ROTORCRAFT_STATUS,0,0,0,104,0,0,0,0,5,0,0,117,16.157724,4.883674
117.3531,44,ROTORCRAFT_STATUS,0,0,0,104,0,0,0,0,5,0,0,117,16.157724,4.883674
117.3731,44,ROTORCRAFT_STATUS,0,0,0,107,0,0,0,0,5,0,0,117,16.157724,4.883674
117.3931,44,ROTORCRAFT_STATUS,0,0,0,107,0,0,0,0,5,0,0,117,16.135101,4.87387
117.4131,44,ROTORCRAFT_STATUS,0,0,0,107,0,0,0,0,5,0,0,117,16.135101,4.87387
117.4331,44,ROTORCRAFT_STATUS,0,0,0,107,0,0,0,0,5,0,0,117,16.135101,4.87387
117.4531,44,ROTORCRAFT_STATUS,0,0,0,107,0,0,0,0,5,0,0,117,16.135101,4.87387
117.4731,44,ROTORCRAFT_STATUS,0,0,0,107,0,0,0,0,5,0,0,117,16.135101,4.87387
117.4931,44,ROTORCRAFT_STATUS,0,0,0,107,0,0,0,0,5,0,0,117,15.975511,4.765261
117.5131,44,ROTORCRAFT_STATUS,0,0,0,107,0,0,0,0,5,0,0,117,15.975511,4.765261
117.5331,44,ROTORCRAFT_STATUS,0,0,0,107,0,0,0,0,5,0,0,117,15.975511,4.765261
117.5531,44,ROTORCRAFT_STATUS,0,0,0,107,0,0,0,0,5,0,0,117,15.975511,4.765261
117.5731,44,ROTORCRAFT_STATUS,0,0,0,107,0,0,0,0,5,0,0,117,15.975511,4.765261
117.5931,44,ROTORCRAFT_STATUS,0,0,0,107,0,0,0,0,5,0,0,117,16.062948,4.831797
117.6131,44,ROTORCRAFT_STATUS,0,0,0,107,0,0,0,0,5,0,0,117,16.062948,4.831797
117.6331,44,ROTORCRAFT_STATUS,0,0,0,107,0,0,0,0,5,0,0,117,16.062948,4.831797
117.6531,44,ROTORCRAFT_STATUS,0,0,0,107,0,0,0,0,5,0,0,117,16.062948,4.831797
117.6731,44,ROTORCRAFT_STATUS,0,0,0,107,0,0,0,0,5,0,0,117,16.062948,4.831797
117.6931,44,ROTORCRAFT_STATUS,0,0,0,107,0,0,0,0,5,0,0,117,16.156502,4.887482
117.7131,44,ROTORCRAFT_STATUS,0,0,0,107,0,0,0,0,5,0,0,117,16.156502,4.887482
117.7331,44,ROTORCRAFT_STATUS,0,0,0,107,0,0,0,0,5,0,0,117,16.156502,4.887482
117.7531,44,ROTORCRAFT_STATUS,0,0,0,107,0,0,0,0,5,0,0,117,16.156502,4.887482
117.7731,44,ROTORCRAFT_STATUS,0,0,0,107,0,0,0,0,5,0,0,117,16.156502,4.887482
117.7931,44,ROTORCRAFT_STATUS,0,0,0,107,0,0,0,0,5,0,0,117,15.936378,4.763548
117.8131,44,ROTORCRAFT_STATUS,0,0,0,107,0,0,0,0,5,0,0,117,15.936378,4.763548
117.8331,44,ROTORCRAFT_STATUS,0,0,0,107,0,0,0,0,5,0,0,117,15.936378,4.763548
117.8531,44,ROTORCRAFT_STATUS,0,0,0,107,0,0,0,0,5,0,0,117,15.936378,4.763548
117.8731,44,ROTORCRAFT_STATUS,0,0,0,107,0,0,0,0,5,0,0,117,15.936378,4.763548
117.8931,44,ROTORCRAFT_STATUS,0,0,0,107,0,0,0,0,5,0,0,117,16.142439,4.878724
117.9131,44,ROTORCRAFT_STATUS,0,0,0,107,0,0,0,0,5,0,0,117,16.142439,4.878724
117.9331,44,ROTORCRAFT_STATUS,0,0,0,107,0,0,0,0,5,0,0,117,16.142439,4.878724
117.9531,44,ROTORCRAFT_STATUS,0,0,0,107,0,0,0,0,5,0,0,117,16.142439,4.878724
117.9731,44,ROTORCRAFT_STATUS,0,0,0,107,0,0,0,0,5,0,0,117,16.142439,4.878724
117.9931,44,ROTORCRAFT_STATUS,0,0,0,107,0,0,0,0,5,0,0,117,15.863614,4.721094
118.0131,44,ROTORCRAFT_STATUS,0,0,0,107,0,0,0,0,5,0,0,118,15.863614,4.721094
118.0331,44,ROTORCRAFT_STATUS,0,0,0,107,0,0,0,0,5,0,0,118,15.863614,4.721094
118.0531,44,ROTORCRAFT_STATUS,0,0,0,107,0,0,0,0,5,0,0,118,15.863614,4.721094
118.0731,44,ROTORCRAFT_STATUS,0,0,0,107,0,0,0,0,5,0,0,118,15.863614,4.721094
118.0931,44,ROTORCRAFT_STATUS,0,0,0,107,0,0,0,0,5,0,0,118,16.105139,4.847788
118.1131,44,ROTORCRAFT_STATUS,0,0,0,107,0,0,0,0,5,0,0,118,16.105139,4.847788
118.1331,44,ROTORCRAFT_STATUS,0,0,0,107,0,0,0,0,5,0,0,118,16.105139,4.847788
118.1531,44,ROTORCRAFT_STATUS,0,0,0,107,0,0,0,0,5,0,0,118,16.105139,4.847788
118.1731,44,ROTORCRAFT_STATUS,0,0,0,107,0,0,0,0,5,0,0,118,16.105139,4.847788
118.1931,44,ROTORCRAFT_STATUS,0,0,0,107,0,0,0,0,5,0,0,118,16.187687,4.889671
118.2131,44,ROTORCRAFT_STATUS,0,0,0,107,0,0,0,0,5,0,0,118,16.187687,4.889671
118.2331,44,ROTORCRAFT_STATUS,0,0,0,107,0,0,0,0,5,0,0,118,16.187687,4.889671
118.2531,44,ROTORCRAFT_STATUS,0,0,0,107,0,0,0,0,5,0,0,118,16.187687,4.889671
118.2731,44,ROTORCRAFT_STATUS,0,0,0,107,0,0,0,0,5,0,0,118,16.187687,4.889671
118.2931,44,ROTORCRAFT_STATUS,0,0,0,107,0,0,0,0,5,0,0,118,15.944938,4.779825
118.3131,44,ROTORCRAFT_STATUS,0,0,0,107,0,0,0,0,5,0,0,118,15.944938,4.779825
118.3331,44,ROTORCRAFT_STATUS,0,0,0,107,0,0,0,0,5,0,0,118,15.944938,4.779825
118.3531,44,ROTORCRAFT_STATUS,0,0,0,107,0,0,0,0,5,0,0,118,15.944938,4.779825
118.3731,44,ROTORCRAFT_STATUS,0,0,0,107,0,0,0,0,5,0,0,118,15.944938,4.779825
118.3931,44,ROTORCRAFT_STATUS,0,0,0,106,0,0,0,0,5,0,0,118,16.157114,4.881294
118.4131,44,ROTORCRAFT_STATUS,0,0,0,106,0,0,0,0,5,0,0,118,16.157114,4.881294
118.4331,44,ROTORCRAFT_STATUS,0,0,0,106,0,0,0,0,5,0,0,118,16.157114,4.881294
118.4531,44,ROTORCRAFT_STATUS,0,0,0,106,0,0,0,0,5,0,0,118,16.157114,4.881294
118.4731,44,ROTORCRAFT_STATUS,0,0,0,106,0,0,0,0,5,0,0,118,16.157114,4.881294
118.4931,44,ROTORCRAFT_STATUS,0,0,0,106,0,0,0,0,5,0,0,118,16.10147,4.836937
118.5131,44,ROTORCRAFT_STATUS,0,0,0,106,0,0,0,0,5,0,0,118,16.10147,4.836937
118.5331,44,ROTORCRAFT_STATUS,0,0,0,106,0,0,0,0,5,0,0,118,16.10147,4.836937
118.5531,44,ROTORCRAFT_STATUS,0,0,0,106,0,0,0,0,5,0,0,118,16.10147,4.836937
118.5731,44,ROTORCRAFT_STATUS,0,0,0,106,0,0,0,0,5,0,0,118,16.10147,4.836937
118.5931,44,ROTORCRAFT_STATUS,0,0,0,106,0,0,0,0,5,0,0,118,16.110643,4.845599
118.6131,44,ROTORCRAFT_STATUS,0,0,0,106,0,0,0,0,5,0,0,118,16.110643,4.845599
118.6331,44,ROTORCRAFT_STATUS,0,0,0,106,0,0,0,0,5,0,0,118,16.110643,4.845599
118.6531,44,ROTORCRAFT_STATUS,0,0,0,106,0,0,0,0,5,0,0,118,16.110643,4.845599
118.6731,44,ROTORCRAFT_STATUS,0,0,0,106,0,0,0,0,5,0,0,118,16.110643,4.845599
118.6931,44,ROTORCRAFT_STATUS,0,0,0,106,0,0,0,0,5,0,0,118,16.146107,4.877011
118.7131,44,ROTORCRAFT_STATUS,0,0,0,106,0,0,0,0,5,0,0,118,16.146107,4.877011
118.7331,44,ROTORCRAFT_STATUS,0,0,0,106,0,0,0,0,5,0,0,118,16.146107,4.877011
118.7531,44,ROTORCRAFT_STATUS,0,0,0,106,0,0,0,0,5,0,0,118,16.146107,4.877011
118.7731,44,ROTORCRAFT_STATUS,0,0,0,106,0,0,0,0,5,0,0,118,16.146107,4.877011
118.7931,44,ROTORCRAFT_STATUS,0,0,0,106,0,0,0,0,5,0,0,118,15.998135,4.824372
118.8131,44,ROTORCRAFT_STATUS,0,0,0,106,0,0,0,0,5,0,0,118,15.998135,4.824372
118.8331,44,ROTORCRAFT_STATUS,0,0,0,106,0,0,0,0,5,0,0,118,15.998135,4.824372
118.8531,44,ROTORCRAFT_STATUS,0,0,0,106,0,0,0,0,5,0,0,118,15.998135,4.824372
118.8731,44,ROTORCRAFT_STATUS,0,0,0,106,0,0,0,0,5,0,0,118,15.998135,4.824372
118.8931,44,ROTORCRAFT_STATUS,0,0,0,106,0,0,0,0,5,0,0,118,16.15161,4.885768
118.9131,44,ROTORCRAFT_STATUS,0,0,0,106,0,0,0,0,5,0,0,118,16.15161,4.885768
118.9331,44,ROTORCRAFT_STATUS,0,0,0,106,0,0,0,0,5,0,0,118,16.15161,4.885768
118.9531,44,ROTORCRAFT_STATUS,0,0,0,106,0,0,0,0,5,0,0,118,16.15161,4.885768
118.9731,44,ROTORCRAFT_STATUS,0,0,0,106,0,0,0,0,5,0,0,118,16.15161,4.885768
118.9931,44,ROTORCRAFT_STATUS,0,0,0,106,0,0,0,0,5,0,0,118,16.105139,4.839602
119.0131,44,ROTORCRAFT_STATUS,0,0,0,106,0,0,0,0,5,0,0,119,16.105139,4.839602
119.0331,44,ROTORCRAFT_STATUS,0,0,0,106,0,0,0,0,5,0,0,119,16.105139,4.839602
119.0531,44,ROTORCRAFT_STATUS,0,0,0,106,0,0,0,0,5,0,0,119,16.105139,4.839602
119.0731,44,ROTORCRAFT_STATUS,0,0,0,106,0,0,0,0,5,0,0,119,16.105139,4.839602
119.0931,44,ROTORCRAFT_STATUS,0,0,0,106,0,0,0,0,5,0,0,119,16.053165,4.826847
119.1131,44,ROTORCRAFT_STATUS,0,0,0,106,0,0,0,0,5,0,0,119,16.053165,4.826847
119.1331,44,ROTORCRAFT_STATUS,0,0,0,106,0,0,0,0,5,0,0,119,16.053165,4.826847
119.1531,44,ROTORCRAFT_STATUS,0,0,0,106,0,0,0,0,5,0,0,119,16.053165,4.826847
119.1731,44,ROTORCRAFT_STATUS,0,0,0,106,0,0,0,0,5,0,0,119,16.053165,4.826847
119.1931,44,ROTORCRAFT_STATUS,0,0,0,106,0,0,0,0,5,0,0,119,16.161394,4.878439
119.2131,44,ROTORCRAFT_STATUS,0,0,0,106,0,0,0,0,5,0,0,119,16.161394,4.878439
119.2331,44,ROTORCRAFT_STATUS,0,0,0,106,0,0,0,0,5,0,0,119,16.161394,4.878439
119.2531,44,ROTORCRAFT_STATUS,0,0,0,106,0,0,0,0,5,0,0,119,16.161394,4.878439
119.2731,44,ROTORCRAFT_STATUS,0,0,0,106,0,0,0,0,5,0,0,119,16.161394,4.878439
119.2931,44,ROTORCRAFT_STATUS,0,0,0,106,0,0,0,0,5,0,0,119,15.952887,4.749841
119.3131,44,ROTORCRAFT_STATUS,0,0,0,106,0,0,0,0,5,0,0,119,15.952887,4.749841
119.3331,44,ROTORCRAFT_STATUS,0,0,0,106,0,0,0,0,5,0,0,119,15.952887,4.749841
119.3531,44,ROTORCRAFT_STATUS,0,0,0,106,0,0,0,0,5,0,0,119,15.952887,4.749841
119.3731,44,ROTORCRAFT_STATUS,0,0,0,106,0,0,0,0,5,0,0,119,15.952887,4.749841
119.3931,44,ROTORCRAFT_STATUS,0,0,0,106,0,0,0,0,5,0,0,119,16.178514,4.885673
119.4131,44,ROTORCRAFT_STATUS,0,0,0,103,0,0,0,0,5,0,0,119,16.178514,4.885673
119.4331,44,ROTORCRAFT_STATUS,0,0,0,103,0,0,0,0,5,0,0,119,16.178514,4.885673
119.4531,44,ROTORCRAFT_STATUS,0,0,0,103,0,0,0,0,5,0,0,119,16.178514,4.885673
119.4731,44,ROTORCRAFT_STATUS,0,0,0,103,0,0,0,0,5,0,0,119,16.178514,4.885673
119.4931,44,ROTORCRAFT_STATUS,0,0,0,103,0,0,0,0,5,0,0,119,16.09719,4.829608
119.5131,44,ROTORCRAFT_STATUS,0,0,0,103,0,0,0,0,5,0,0,119,16.09719,4.829608
119.5331,44,ROTORCRAFT_STATUS,0,0,0,103,0,0,0,0,5,0,0,119,16.09719,4.829608
119.5531,44,ROTORCRAFT_STATUS,0,0,0,103,0,0,0,0,5,0,0,119,16.09719,4.829608
119.5731,44,ROTORCRAFT_STATUS,0,0,0,103,0,0,0,0,5,0,0,119,16.09719,4.829608
119.5931,44,ROTORCRAFT_STATUS,0,0,0,103,0,0,0,0,5,0,0,119,16.051943,4.815711
119.6131,44,ROTORCRAFT_STATUS,0,0,0,103,0,0,0,0,5,0,0,119,16.051943,4.815711
119.6331,44,ROTORCRAFT_STATUS,0,0,0,103,0,0,0,0,5,0,0,119,16.051943,4.815711
119.6531,44,ROTORCRAFT_STATUS,0,0,0,103,0,0,0,0,5,0,0,119,16.051943,4.815711
119.6731,44,ROTORCRAFT_STATUS,0,0,0,103,0,0,0,0,5,0,0,119,16.051943,4.815711
119.6931,44,ROTORCRAFT_STATUS,0,0,0,103,0,0,0,0,5,0,0,119,16.135101,4.880342
119.7131,44,ROTORCRAFT_STATUS,0,0,0,103,0,0,0,0,5,0,0,119,16.135101,4.880342
119.7331,44,ROTORCRAFT_STATUS,0,0,0,103,0,0,0,0,5,0,0,119,16.135101,4.880342
119.7531,44,ROTORCRAFT_STATUS,0,0,0,103,0,0,0,0,5,0,0,119,16.135101,4.880342
119.7731,44,ROTORCRAFT_STATUS,0,0,0,103,0,0,0,0,5,0,0,119,16.135101,4.880342
119.7931,44,ROTORCRAFT_STATUS,0,0,0,103,0,0,0,0,5,0,0,119,16.18035,4.889005
119.8131,44,ROTORCRAFT_STATUS,0,0,0,103,0,0,0,0,5,0,0,119,16.18035,4.889005
119.8331,44,ROTORCRAFT_STATUS,0,0,0,103,0,0,0,0,5,0,0,119,16.18035,4.889005
119.8531,44,ROTORCRAFT_STATUS,0,0,0,103,0,0,0,0,5,0,0,119,16.18035,4.889005
119.8731,44,ROTORCRAFT_STATUS,0,0,0,103,0,0,0,0,5,0,0,119,16.18035,4.889005
119.8931,44,ROTORCRAFT_STATUS,0,0,0,103,0,0,0,0,5,0,0,119,16.186462,4.889195
119.9131,44,ROTORCRAFT_STATUS,0,0,0,103,0,0,0,0,5,0,0,119,16.186462,4.889195
119.9331,44,ROTORCRAFT_STATUS,0,0,0,103,0,0,0,0,5,0,0,119,16.186462,4.889195
119.9531,44,ROTORCRAFT_STATUS,0,0,0,103,0,0,0,0,5,0,0,119,16.186462,4.889195
119.9731,44,ROTORCRAFT_STATUS,0,0,0,103,0,0,0,0,5,0,0,119,16.186462,4.889195
119.9931,44,ROTORCRAFT_STATUS,0,0,0,103,0,0,0,0,5,0,0,119,15.944326,4.791723
120.0131,44,ROTORCRAFT_STATUS,0,0,0,103,0,0,0,0,5,0,0,120,15.944326,4.791723
120.0331,44,ROTORCRAFT_STATUS,0,0,0,103,0,0,0,0,5,0,0,120,15.944326,4.791723
120.0531,44,ROTORCRAFT_STATUS,0,0,0,103,0,0,0,0,5,0,0,120,15.944326,4.791723
120.0731,44,ROTORCRAFT_STATUS,0,0,0,103,0,0,0,0,5,0,0,120,15.944326,4.791723
120.0931,44,ROTORCRAFT_STATUS,0,0,0,103,0,0,0,0,5,0,0,120,16.095356,4.84122
120.1131,44,ROTORCRAFT_STATUS,0,0,0,103,0,0,0,0,5,0,0,120,16.095356,4.84122
120.1331,44,ROTORCRAFT_STATUS,0,0,0,103,0,0,0,0,5,0,0,120,16.095356,4.84122
120.1531,44,ROTORCRAFT_STATUS,0,0,0,103,0,0,0,0,5,0,0,120,16.095356,4.84122
120.1731,44,ROTORCRAFT_STATUS,0,0,0,103,0,0,0,0,5,0,0,120,16.095356,4.84122
120.1931,44,ROTORCRAFT_STATUS,0,0,0,103,0,0,0,0,5,0,0,120,16.1938,4.886815
120.2131,44,ROTORCRAFT_STATUS,0,0,0,103,0,0,0,0,5,0,0,120,16.1938,4.886815
120.2331,44,ROTORCRAFT_STATUS,0,0,0,103,0,0,0,0,5,0,0,120,16.1938,4.886815
120.2531,44,ROTORCRAFT_STATUS,0,0,0,103,0,0,0,0,5,0,0,120,16.1938,4.886815
120.2731,44,ROTORCRAFT_STATUS,0,0,0,103,0,0,0,0,5,0,0,120,16.1938,4.886815
120.2931,44,ROTORCRAFT_STATUS,0,0,0,103,0,0,0,0,5,0,0,120,16.18952,4.892622
120.3131,44,ROTORCRAFT_STATUS,0,0,0,103,0,0,0,0,5,0,0,120,16.18952,4.892622
120.3331,44,ROTORCRAFT_STATUS,0,0,0,103,0,0,0,0,5,0,0,120,16.18952,4.892622
120.3531,44,ROTORCRAFT_STATUS,0,0,0,103,0,0,0,0,5,0,0,120,16.18952,4.892622
120.3731,44,ROTORCRAFT_STATUS,0,0,0,103,0,0,0,0,5,0,0,120,16.18952,4.892622
120.3931,44,ROTORCRAFT_STATUS,0,0,0,103,0,0,0,0,5,0,0,120,16.169342,4.874536
120.4131,44,ROTORCRAFT_STATUS,0,0,0,103,0,0,0,0,5,0,0,120,16.169342,4.874536
120.4331,44,ROTORCRAFT_STATUS,0,0,0,107,0,0,0,0,5,0,0,120,16.169342,4.874536
120.4531,44,ROTORCRAFT_STATUS,0,0,0,107,0,0,0,0,5,0,0,120,16.169342,4.874536
120.4731,44,ROTORCRAFT_STATUS,0,0,0,107,0,0,0,0,5,0,0,120,16.169342,4.874536
120.4931,44,ROTORCRAFT_STATUS,0,0,0,107,0,0,0,0,5,0,0,120,15.94555,4.730328
120.5131,44,ROTORCRAFT_STATUS,0,0,0,107,0,0,0,0,5,0,0,120,15.94555,4.730328
120.5331,44,ROTORCRAFT_STATUS,0,0,0,107,0,0,0,0,5,0,0,120,15.94555,4.730328
120.5531,44,ROTORCRAFT_STATUS,0,0,0,107,0,0,0,0,5,0,0,120,15.94555,4.730328
120.5731,44,ROTORCRAFT_STATUS,0,0,0,107,0,0,0,0,5,0,0,120,15.94555,4.730328
120.5931,44,ROTORCRAFT_STATUS,0,0,0,107,0,0,0,0,5,0,0,120,16.086796,4.832368
120.6131,44,ROTORCRAFT_STATUS,0,0,0,107,0,0,0,0,5,0,0,120,16.086796,4.832368
120.6331,44,ROTORCRAFT_STATUS,0,0,0,107,0,0,0,0,5,0,0,120,16.086796,4.832368
120.6531,44,ROTORCRAFT_STATUS,0,0,0,107,0,0,0,0,5,0,0,120,16.086796,4.832368
120.6731,44,ROTORCRAFT_STATUS,0,0,0,107,0,0,0,0,5,0,0,120,16.086796,4.832368
120.6931,44,ROTORCRAFT_STATUS,0,0,0,107,0,0,0,0,5,0,0,120,16.188297,4.888433
